Customer_ID,Age,Location,Income_Level,Total_Transactions,Avg_Transaction_Value,Max_Transaction_Value,Min_Transaction_Value,Total_Spent,Active_Days,Last_Transaction_Days_Ago,Loyalty_Points_Earned,Referral_Count,Cashback_Received,App_Usage_Frequency,Preferred_Payment_Method,Support_Tickets_Raised,Issue_Resolution_Time,Customer_Satisfaction_Score,LTV,Age_Group
cust_0000,54,Urban,Low,192,16736.38,60216.83,6525.81,3213385,140,209,2114,25,2224.01,Monthly,Debit Card,3,61.57,1,327954,Dewasa (45-65)
cust_0001,67,Suburban,High,979,14536.73,48350.1,2186.74,14231463,229,240,2960,20,4026.82,Monthly,UPI,17,60.39,8,1437052,Senior (>65)
cust_0002,44,Urban,High,329,7061.37,32521.16,2743.41,2323191,73,21,3170,0,1441.01,Monthly,Debit Card,11,45.31,4,241938,Dewasa Muda (25-45)
cust_0003,30,Rural,High,71,16426.88,17827.9,4360.78,1166308,299,285,4756,35,4365.86,Weekly,Wallet Balance,6,22.03,1,128459,Dewasa Muda (25-45)
cust_0004,58,Urban,Middle,878,10800.09,17497.63,4532.87,9482481,236,329,1992,18,4161.52,Daily,UPI,18,20.63,5,956951,Dewasa (45-65)
cust_0005,23,Rural,Middle,741,6093.16,21310.86,2069.64,4515033,195,93,3231,5,2597.39,Daily,UPI,6,17.23,10,467166,Remaja (<25)
cust_0006,36,Rural,Low,946,8751.16,11055.45,2117.44,8278599,88,255,4123,46,3525.28,Weekly,Wallet Balance,1,11.4,8,846943,Dewasa Muda (25-45)
cust_0007,54,Urban,Low,63,1324.7,4742.26,239.46,83455,97,162,2513,17,4820.14,Daily,Credit Card,13,28.87,8,20661,Dewasa (45-65)
cust_0008,34,Rural,Low,297,18898.72,93293.26,8057.84,5612921,166,303,1861,36,2260.23,Monthly,Credit Card,3,61.78,10,577484,Dewasa Muda (25-45)
cust_0009,38,Urban,High,245,12386.14,55926.29,4014.06,3034603,296,252,1221,7,2471.02,Daily,UPI,10,71.73,3,308366,Dewasa Muda (25-45)
cust_0010,26,Urban,High,519,14627.37,49201.61,7240.36,7591605,203,265,2313,10,3614.02,Daily,UPI,13,50.25,4,766979,Dewasa Muda (25-45)
cust_0011,26,Rural,High,393,13534.9,61934.45,3375.54,5319216,187,188,769,4,1932.13,Monthly,Debit Card,5,12.09,10,542893,Dewasa Muda (25-45)
cust_0012,39,Rural,High,772,13358.32,19570.91,4999.86,10312624,275,112,3562,20,4806.15,Monthly,UPI,2,48.82,4,1041983,Dewasa Muda (25-45)
cust_0013,68,Suburban,Low,601,355.05,1000.8,123.96,213383,20,30,1432,39,202.18,Monthly,Debit Card,15,20.55,3,31001,Senior (>65)
cust_0014,51,Rural,Middle,177,10512.17,28537.44,3732.16,1860654,73,273,1957,42,2016.89,Weekly,Debit Card,19,51.95,6,199170,Dewasa (45-65)
cust_0015,55,Suburban,Middle,204,16435.99,38555.38,6488.8,3352941,338,315,2304,20,3569.26,Daily,Credit Card,15,17.78,3,343117,Dewasa (45-65)
cust_0016,39,Rural,High,646,899.93,900.66,140.07,581355,361,168,1359,19,2146.9,Weekly,UPI,2,12.65,6,67680,Dewasa Muda (25-45)
cust_0017,18,Urban,Middle,594,19123.75,87283.02,6116.88,11359508,310,96,4953,41,1296.24,Weekly,Debit Card,15,46.05,5,1154308,Remaja (<25)
cust_0018,37,Rural,Middle,1000,8488.95,34896.61,2577.69,8488952,82,135,1256,8,2067.27,Monthly,UPI,17,49.65,2,853173,Dewasa Muda (25-45)
cust_0019,68,Urban,Middle,533,5805.01,20964.39,1375.86,3094070,296,38,72,1,4407.58,Daily,Debit Card,7,14.12,8,315447,Senior (>65)
cust_0020,17,Urban,High,911,10641.11,16130.51,2920.56,9694050,356,288,1182,48,2735.04,Weekly,Credit Card,9,37.35,7,982201,Remaja (<25)
cust_0021,39,Urban,Low,128,16026.27,40271.14,4928.48,2051362,27,69,482,3,1675.55,Monthly,Debit Card,2,63.53,7,212562,Dewasa Muda (25-45)
cust_0022,59,Suburban,Low,195,9500.35,44626.09,2169.59,1852568,141,234,1239,25,3357.61,Weekly,Credit Card,13,49.62,6,194556,Dewasa (45-65)
cust_0023,45,Rural,Middle,194,12905.66,44753.2,2803.93,2503698,47,67,2242,11,3059.23,Daily,Wallet Balance,14,48.99,9,263424,Dewasa Muda (25-45)
cust_0024,53,Urban,Low,184,10003.29,34147.65,3954.39,1840605,112,56,3383,18,2802.23,Monthly,Credit Card,1,52.37,4,195225,Dewasa (45-65)
cust_0025,17,Urban,Low,247,12629.13,58757.12,1600.96,3119395,235,276,402,18,1955.79,Weekly,Credit Card,15,25.85,5,318565,Remaja (<25)
cust_0026,36,Suburban,High,873,2769.24,8970.49,623.59,2417544,151,192,764,18,361.0,Daily,Credit Card,12,15.62,9,253901,Dewasa Muda (25-45)
cust_0027,48,Rural,High,872,782.88,2654.35,283.0,682672,315,120,1835,28,3103.66,Daily,Wallet Balance,14,53.08,3,76185,Dewasa (45-65)
cust_0028,27,Rural,Middle,324,2746.66,6544.91,504.04,889917,333,11,2589,38,2098.94,Weekly,Credit Card,13,58.65,3,99920,Dewasa Muda (25-45)
cust_0029,37,Suburban,Middle,160,5723.9,14228.27,1882.64,915824,126,146,803,44,2143.82,Daily,UPI,17,64.6,8,104516,Dewasa Muda (25-45)
cust_0030,59,Suburban,Middle,706,5074.59,18991.28,1120.8,3582658,7,14,4201,33,1170.4,Monthly,UPI,15,57.46,10,379382,Dewasa (45-65)
cust_0031,40,Rural,High,622,12307.36,28082.2,5382.26,7655174,50,34,4217,7,1247.1,Monthly,Wallet Balance,11,25.57,6,780027,Dewasa Muda (25-45)
cust_0032,64,Suburban,Low,925,9123.23,29526.71,2189.54,8438987,360,204,3002,5,3937.31,Monthly,Wallet Balance,13,34.16,2,850434,Dewasa (45-65)
cust_0033,42,Rural,High,66,785.85,1663.48,150.73,51866,66,86,2762,31,2396.82,Monthly,Wallet Balance,14,56.37,3,15612,Dewasa Muda (25-45)
cust_0034,57,Rural,High,930,706.97,1176.75,220.6,657481,362,154,2819,27,546.49,Weekly,Debit Card,1,39.17,8,81812,Dewasa (45-65)
cust_0035,43,Urban,Low,254,1820.85,5130.46,280.89,462496,167,170,3124,10,229.25,Weekly,Credit Card,4,40.56,5,58383,Dewasa Muda (25-45)
cust_0036,31,Urban,Low,283,7068.09,13215.81,2961.49,2000270,252,167,3195,27,1123.58,Daily,Credit Card,12,67.92,2,210555,Dewasa Muda (25-45)
cust_0037,30,Rural,Middle,60,133.6,613.74,49.7,8015,263,185,309,31,2437.21,Daily,Wallet Balance,17,68.99,3,6300,Dewasa Muda (25-45)
cust_0038,62,Rural,Low,118,9884.81,21889.43,4035.01,1166407,196,306,3827,40,3086.25,Daily,Wallet Balance,12,55.05,2,128751,Dewasa (45-65)
cust_0039,66,Rural,Low,423,7219.79,24472.25,1873.9,3053969,183,113,4652,7,718.39,Monthly,UPI,8,58.48,5,320041,Senior (>65)
cust_0040,59,Rural,Low,556,11113.27,22824.07,4823.18,6178979,264,144,2960,19,2169.3,Weekly,UPI,9,19.78,5,629633,Dewasa (45-65)
cust_0041,67,Rural,Low,998,14419.3,29301.12,4288.58,14390457,288,318,2256,23,362.76,Weekly,Credit Card,19,43.16,9,1454676,Senior (>65)
cust_0042,18,Rural,Middle,722,5026.95,12077.46,693.11,3629455,275,354,434,26,188.63,Daily,UPI,4,34.93,6,372319,Remaja (<25)
cust_0043,52,Suburban,Middle,36,3150.1,14690.5,597.3,113403,118,211,3123,46,4316.74,Weekly,UPI,5,3.91,2,22027,Dewasa (45-65)
cust_0044,66,Rural,Low,531,5568.29,14288.18,2140.57,2956762,313,191,849,10,3291.67,Weekly,Credit Card,8,63.73,1,297728,Senior (>65)
cust_0045,22,Suburban,Low,91,45.25,193.88,20.75,4117,347,286,106,46,3905.47,Daily,Wallet Balance,10,22.0,7,10271,Remaja (<25)
cust_0046,36,Suburban,Middle,301,2409.06,4310.27,332.63,725126,277,182,2671,22,909.39,Weekly,Wallet Balance,14,67.16,7,86599,Dewasa Muda (25-45)
cust_0047,24,Rural,Middle,724,15019.1,17912.95,6693.8,10873827,132,155,119,21,1610.79,Monthly,Credit Card,5,46.19,10,1098915,Remaja (<25)
cust_0048,54,Rural,Low,917,4463.91,18421.26,1873.18,4093404,147,342,3034,4,2218.96,Weekly,Wallet Balance,16,58.73,6,420698,Dewasa (45-65)
cust_0049,33,Suburban,High,919,19886.05,62989.05,4824.84,18275279,29,192,4809,47,3290.17,Monthly,Wallet Balance,0,33.57,2,1842200,Dewasa Muda (25-45)
cust_0050,19,Suburban,Middle,734,3364.95,10145.01,1264.25,2469874,327,81,1892,33,2674.22,Monthly,Credit Card,8,14.31,8,260734,Remaja (<25)
cust_0051,40,Rural,Middle,217,15777.55,32956.51,2757.61,3423727,320,335,2161,30,2757.29,Daily,Debit Card,17,63.11,4,352316,Dewasa Muda (25-45)
cust_0052,29,Rural,Middle,735,14103.84,18183.63,5999.17,10366321,225,332,3716,46,784.71,Daily,Wallet Balance,20,56.57,7,1055271,Dewasa Muda (25-45)
cust_0053,65,Suburban,Low,923,6449.42,18906.09,2340.72,5952816,139,49,759,36,2373.94,Daily,Credit Card,5,54.57,8,607212,Dewasa (45-65)
cust_0054,24,Suburban,Low,98,6621.48,29590.75,1824.43,648904,289,304,1646,46,4118.99,Weekly,Debit Card,13,16.11,7,77722,Remaja (<25)
cust_0055,41,Suburban,Middle,456,11275.4,16688.58,5026.65,5141580,281,55,4549,25,2547.3,Daily,UPI,1,38.04,3,527482,Dewasa Muda (25-45)
cust_0056,68,Urban,Low,531,17048.96,80414.54,2654.42,9052996,26,336,231,22,998.71,Monthly,Wallet Balance,9,23.91,8,915462,Senior (>65)
cust_0057,17,Suburban,Low,809,7729.88,16224.37,3388.12,6253470,292,67,1594,42,2066.99,Daily,Credit Card,0,44.51,4,635701,Remaja (<25)
cust_0058,35,Urban,Middle,538,1232.99,3857.7,135.08,663346,267,115,561,37,3774.04,Monthly,UPI,17,38.8,8,77269,Dewasa Muda (25-45)
cust_0059,43,Rural,Low,28,7494.64,9488.47,3007.45,209849,286,112,1806,37,674.96,Monthly,UPI,1,13.59,5,32959,Dewasa Muda (25-45)
cust_0060,62,Rural,High,576,4154.18,11217.06,1368.16,2392807,313,159,875,31,2902.32,Weekly,Debit Card,20,45.28,9,251679,Dewasa (45-65)
cust_0061,22,Suburban,Low,324,18784.75,28244.59,7113.58,6086258,97,107,1638,4,4826.57,Monthly,Credit Card,0,3.71,3,612888,Remaja (<25)
cust_0062,59,Rural,Low,223,13948.51,16625.17,3695.49,3110518,138,26,992,24,1901.51,Weekly,Debit Card,14,6.02,2,316485,Dewasa (45-65)
cust_0063,23,Rural,Middle,80,1026.14,4993.46,457.43,82091,281,110,3735,32,218.21,Weekly,UPI,10,13.98,4,22770,Remaja (<25)
cust_0064,62,Rural,Middle,563,5866.84,23000.23,1321.56,3303031,96,66,1556,6,3165.52,Daily,Wallet Balance,1,42.1,2,334432,Dewasa (45-65)
cust_0065,50,Rural,High,458,1013.82,3929.79,212.88,464328,57,205,4353,15,235.52,Weekly,Debit Card,14,54.92,2,58521,Dewasa (45-65)
cust_0066,29,Urban,Low,614,16602.03,22615.27,3664.07,10193648,123,101,4818,48,958.03,Monthly,Credit Card,20,56.56,1,1034321,Dewasa Muda (25-45)
cust_0067,32,Urban,High,176,18126.87,85511.71,7427.4,3190328,231,206,2476,28,241.99,Monthly,Credit Card,13,20.64,8,334663,Dewasa Muda (25-45)
cust_0068,51,Suburban,High,522,2254.47,6488.08,672.09,1176832,290,1,3571,14,853.25,Monthly,UPI,4,28.28,1,126798,Dewasa (45-65)
cust_0069,65,Suburban,Middle,749,8811.4,38850.65,2774.13,6599737,86,224,676,19,4274.66,Monthly,Credit Card,3,17.6,8,669088,Dewasa (45-65)
cust_0070,55,Suburban,Low,457,18638.35,19577.8,8064.11,8517724,310,70,3756,21,3674.26,Monthly,Debit Card,8,3.58,9,868547,Dewasa (45-65)
cust_0071,19,Rural,Middle,423,2912.78,6387.22,1262.24,1232106,51,150,424,9,1709.26,Daily,Debit Card,12,36.15,6,130104,Remaja (<25)
cust_0072,17,Rural,High,100,5845.15,29133.34,962.67,584515,228,215,1600,7,4485.69,Daily,Wallet Balance,2,39.7,7,67108,Remaja (<25)
cust_0073,21,Urban,High,890,6092.45,16518.78,1949.02,5422280,6,310,1340,31,3325.91,Weekly,UPI,10,67.39,6,552345,Remaja (<25)
cust_0074,69,Urban,Middle,740,610.87,2781.87,91.88,452040,310,142,629,27,2238.73,Monthly,UPI,13,51.54,1,49042,Senior (>65)
cust_0075,57,Suburban,Middle,403,735.1,1699.55,328.89,296246,273,14,4229,8,341.66,Monthly,Debit Card,8,67.34,1,39711,Dewasa (45-65)
cust_0076,19,Urban,Middle,576,19056.33,59099.71,8285.74,10976445,344,199,3008,30,3653.61,Weekly,UPI,12,20.84,1,1105833,Remaja (<25)
cust_0077,69,Urban,Middle,380,11426.14,50467.85,5024.53,4341933,2,19,2065,22,1877.63,Daily,Debit Card,1,52.45,3,442584,Senior (>65)
cust_0078,44,Urban,Middle,531,6139.9,21018.61,2345.09,3260286,276,315,4463,18,1514.15,Weekly,Debit Card,17,43.48,7,342997,Dewasa Muda (25-45)
cust_0079,33,Urban,High,332,7579.71,29566.69,2173.49,2516462,91,150,167,31,1441.37,Monthly,Wallet Balance,6,22.07,8,262359,Dewasa Muda (25-45)
cust_0080,41,Urban,Middle,318,14299.71,27388.7,3744.93,4547307,262,262,4005,9,38.55,Daily,Debit Card,2,15.99,1,464621,Dewasa Muda (25-45)
cust_0081,59,Suburban,Low,653,7336.68,11911.55,1893.52,4790851,242,319,4012,19,3713.23,Weekly,Debit Card,6,21.66,6,493152,Dewasa (45-65)
cust_0082,49,Suburban,High,537,4562.93,8766.42,577.14,2450293,246,333,16,34,726.55,Weekly,Wallet Balance,6,70.56,8,256098,Dewasa (45-65)
cust_0083,25,Urban,High,740,2045.73,6080.3,981.03,1513839,79,74,1545,30,2603.22,Monthly,UPI,1,2.65,5,161172,Remaja (<25)
cust_0084,51,Suburban,Low,89,14581.37,61298.03,4084.39,1297742,311,351,1530,10,80.41,Monthly,Debit Card,7,65.24,2,135793,Dewasa (45-65)
cust_0085,29,Rural,Low,604,3619.49,8744.61,1708.57,2186174,304,266,3813,42,3139.42,Daily,Credit Card,10,55.79,4,232873,Dewasa Muda (25-45)
cust_0086,46,Urban,High,511,1402.27,4570.36,633.41,716559,58,293,1497,39,1847.46,Monthly,Wallet Balance,15,39.59,4,81626,Dewasa (45-65)
cust_0087,63,Rural,Middle,42,8544.82,36052.73,3686.61,358882,225,145,542,9,3153.74,Weekly,UPI,7,61.94,4,40295,Dewasa (45-65)
cust_0088,30,Suburban,High,885,801.02,1566.09,268.6,708905,202,133,726,8,449.47,Monthly,Wallet Balance,13,4.69,8,80917,Dewasa Muda (25-45)
cust_0089,23,Suburban,High,807,19300.31,87467.14,2714.06,15575351,6,148,378,41,1331.67,Weekly,Debit Card,4,39.64,6,1567725,Remaja (<25)
cust_0090,29,Rural,Low,926,12549.59,60392.74,2880.94,11620917,30,79,4435,9,551.53,Monthly,UPI,6,21.27,9,1180585,Dewasa Muda (25-45)
cust_0091,38,Suburban,High,389,3062.41,3539.78,1045.61,1191277,151,309,4302,49,3230.35,Daily,Credit Card,9,1.7,10,141016,Dewasa Muda (25-45)
cust_0092,55,Urban,Middle,81,3457.36,4274.83,364.34,280045,36,215,3493,36,542.77,Daily,Wallet Balance,19,44.95,1,39319,Dewasa (45-65)
cust_0093,36,Rural,Low,402,11400.87,15548.95,1334.5,4583150,110,33,3463,36,3085.51,Daily,Credit Card,20,47.7,1,468298,Dewasa Muda (25-45)
cust_0094,31,Urban,High,107,7137.75,29315.26,2648.57,763739,121,194,845,6,673.45,Monthly,Wallet Balance,5,42.95,2,80327,Dewasa Muda (25-45)
cust_0095,60,Rural,High,111,15487.59,27217.09,7051.21,1719122,241,178,3852,19,4716.77,Daily,Debit Card,5,28.73,5,184157,Dewasa (45-65)
cust_0096,33,Suburban,Middle,277,10920.67,42621.02,4827.65,3025026,259,288,4821,19,2081.9,Weekly,Wallet Balance,9,58.1,6,319003,Dewasa Muda (25-45)
cust_0097,62,Rural,High,214,8672.34,23979.94,1450.52,1855881,90,335,673,7,632.95,Monthly,Credit Card,8,25.36,3,190317,Dewasa (45-65)
cust_0098,68,Rural,High,743,19259.98,83684.98,8946.13,14310161,30,201,3520,16,209.05,Daily,Wallet Balance,2,43.88,1,1440551,Senior (>65)
cust_0099,39,Urban,High,818,7820.67,33114.47,2960.29,6397311,237,3,3039,37,1647.11,Monthly,Debit Card,4,71.72,7,655685,Dewasa Muda (25-45)
cust_0100,41,Suburban,High,506,8018.21,38797.33,3099.28,4057215,170,53,2057,24,4456.93,Monthly,Debit Card,16,61.06,1,411007,Dewasa Muda (25-45)
cust_0101,40,Urban,Middle,121,13318.79,26692.87,2951.66,1611573,149,258,4445,12,719.08,Weekly,Wallet Balance,0,46.74,7,177887,Dewasa Muda (25-45)
cust_0102,60,Suburban,High,134,16191.48,31038.36,6256.37,2169657,88,121,737,44,3954.16,Monthly,UPI,9,48.87,9,229862,Dewasa (45-65)
cust_0103,56,Urban,High,818,12528.04,14106.97,4809.63,10247934,4,150,3958,12,2086.86,Monthly,Debit Card,4,60.71,1,1033866,Dewasa (45-65)
cust_0104,44,Rural,High,720,13975.22,36917.84,4721.75,10062157,252,153,4312,47,4014.64,Monthly,Wallet Balance,0,13.48,8,1025532,Dewasa Muda (25-45)
cust_0105,30,Urban,Low,962,7464.9,21172.35,1813.34,7181235,51,217,3449,1,4371.46,Weekly,Debit Card,9,8.82,10,732935,Dewasa Muda (25-45)
cust_0106,60,Suburban,Middle,371,9595.14,46613.73,4072.23,3559797,24,135,1724,36,4989.09,Daily,Debit Card,13,16.68,9,369533,Dewasa (45-65)
cust_0107,16,Suburban,Low,257,3948.73,17070.92,1875.68,1014823,46,256,2653,41,340.99,Daily,Debit Card,15,53.86,8,118717,Remaja (<25)
cust_0108,40,Rural,Low,697,13608.13,22687.02,6095.83,9484864,116,62,1061,41,3981.51,Monthly,Debit Card,17,55.65,1,953717,Dewasa Muda (25-45)
cust_0109,22,Suburban,Middle,798,4436.82,18607.85,874.9,3540585,27,287,4683,10,348.44,Daily,Debit Card,18,3.0,4,368250,Remaja (<25)
cust_0110,24,Urban,Low,954,35.12,60.17,9.77,33507,95,63,1318,19,1573.96,Monthly,Debit Card,13,5.26,10,17099,Remaja (<25)
cust_0111,39,Rural,Low,875,18675.9,24485.24,4425.55,16341416,99,293,829,8,3231.16,Daily,UPI,9,70.69,4,1638984,Dewasa Muda (25-45)
cust_0112,16,Suburban,Low,180,6127.24,26643.29,2346.68,1102904,116,68,3585,44,2236.44,Daily,UPI,7,35.94,1,121742,Remaja (<25)
cust_0113,59,Suburban,Middle,933,3940.67,19324.43,1704.72,3676649,276,225,3221,44,2826.28,Weekly,Debit Card,15,39.05,7,384093,Dewasa (45-65)
cust_0114,23,Urban,High,48,5370.25,7263.13,1000.58,257772,336,335,3384,28,4830.96,Weekly,UPI,10,44.46,7,39929,Remaja (<25)
cust_0115,39,Urban,Middle,599,6615.65,28154.22,3168.3,3962774,95,137,2147,33,4093.28,Weekly,Debit Card,16,69.48,10,411824,Dewasa Muda (25-45)
cust_0116,26,Rural,Middle,897,9496.18,42133.15,3522.43,8518076,199,46,1302,4,1818.35,Daily,Debit Card,12,12.32,9,862902,Dewasa Muda (25-45)
cust_0117,66,Suburban,Middle,19,1396.34,2059.63,261.64,26530,146,95,3075,30,2999.72,Daily,Wallet Balance,4,45.95,8,18303,Senior (>65)
cust_0118,32,Urban,Low,46,1062.94,2267.26,264.07,48895,155,290,4805,25,242.42,Daily,Credit Card,14,6.38,3,19878,Dewasa Muda (25-45)
cust_0119,23,Rural,High,451,5865.29,23077.8,831.95,2645244,270,364,1960,36,2264.49,Daily,UPI,15,37.45,2,272912,Remaja (<25)
cust_0120,50,Suburban,Middle,898,5922.36,25057.06,2006.66,5318283,321,247,1700,43,3041.98,Weekly,Credit Card,9,32.26,10,548007,Dewasa (45-65)
cust_0121,50,Suburban,Middle,56,2361.75,5705.74,396.01,132257,276,316,3020,19,3573.59,Weekly,Debit Card,16,20.04,3,22378,Dewasa (45-65)
cust_0122,48,Rural,High,741,8101.78,13284.64,3056.28,6003421,326,292,1024,7,4507.59,Daily,Wallet Balance,14,32.28,8,608836,Dewasa (45-65)
cust_0123,20,Rural,High,657,5687.73,20438.17,2246.08,3736840,256,214,599,5,1415.29,Daily,Debit Card,7,50.58,6,380674,Remaja (<25)
cust_0124,57,Urban,High,92,530.85,2021.41,154.87,48838,45,256,1441,17,4510.85,Weekly,Debit Card,8,60.71,3,10210,Dewasa (45-65)
cust_0125,54,Suburban,Low,82,17715.56,53402.34,2436.36,1452675,1,48,4105,7,3307.59,Daily,Wallet Balance,8,56.73,2,154523,Dewasa (45-65)
cust_0126,56,Suburban,High,737,17721.52,27995.82,6102.39,13060760,147,93,2422,24,388.23,Monthly,Wallet Balance,10,42.53,1,1314125,Dewasa (45-65)
cust_0127,43,Suburban,Low,79,4191.55,18350.4,1043.2,331132,295,6,645,1,1901.66,Weekly,UPI,8,64.69,8,41552,Dewasa Muda (25-45)
cust_0128,22,Rural,Middle,662,3265.82,11695.1,1567.13,2161970,155,193,1991,27,2382.98,Weekly,Wallet Balance,10,50.26,3,224687,Remaja (<25)
cust_0129,24,Urban,Low,873,10950.38,49021.11,3342.96,9559683,56,103,3196,41,1762.44,Daily,UPI,6,60.52,3,968579,Remaja (<25)
cust_0130,23,Suburban,High,283,12618.76,59710.42,1626.64,3571109,226,74,3372,24,579.7,Monthly,UPI,3,29.27,5,370965,Remaja (<25)
cust_0131,27,Rural,Low,311,19151.28,80871.84,6787.59,5956046,7,74,4747,19,2757.92,Daily,UPI,18,50.58,5,610619,Dewasa Muda (25-45)
cust_0132,49,Suburban,High,997,7553.2,36516.9,3109.96,7530536,20,113,1646,5,658.77,Monthly,Credit Card,8,6.29,9,765516,Dewasa (45-65)
cust_0133,48,Urban,Low,160,12367.82,59576.2,2030.81,1978851,159,152,3141,36,4575.14,Daily,Credit Card,2,68.96,5,210479,Dewasa (45-65)
cust_0134,63,Suburban,Middle,316,17564.84,61079.59,4911.53,5550489,340,263,4319,15,4326.27,Weekly,UPI,18,45.68,7,570023,Dewasa (45-65)
cust_0135,38,Urban,Low,877,9004.58,35232.17,3577.33,7897013,79,86,1754,34,2376.08,Weekly,UPI,12,61.83,7,802421,Dewasa Muda (25-45)
cust_0136,39,Urban,Middle,979,2455.69,9325.82,265.7,2404122,1,58,750,35,338.74,Monthly,Credit Card,15,35.46,7,252242,Dewasa Muda (25-45)
cust_0137,52,Suburban,High,668,7555.17,26326.33,843.07,5046854,336,149,842,0,2761.03,Monthly,UPI,3,3.19,5,509988,Dewasa (45-65)
cust_0138,50,Suburban,Middle,156,2739.97,2952.1,1015.89,427435,229,214,3414,13,2961.18,Daily,Debit Card,9,35.93,3,52390,Dewasa (45-65)
cust_0139,59,Urban,High,888,342.62,830.39,133.64,304249,213,300,3428,13,4442.11,Weekly,Debit Card,2,52.53,7,43359,Dewasa (45-65)
cust_0140,55,Rural,High,714,15033.55,21051.67,6589.92,10733951,283,281,3510,23,337.59,Daily,Wallet Balance,17,5.64,8,1090546,Dewasa (45-65)
cust_0141,37,Urban,Middle,468,4776.09,10512.35,1241.02,2235210,248,95,2303,18,3460.52,Daily,UPI,20,8.12,4,232196,Dewasa Muda (25-45)
cust_0142,42,Suburban,Middle,921,50.12,63.87,12.83,46161,119,208,2714,37,2814.02,Weekly,UPI,10,4.86,6,18337,Dewasa Muda (25-45)
cust_0143,50,Suburban,Low,853,17449.92,81667.84,5600.5,14884784,227,143,1505,43,873.87,Monthly,Debit Card,16,9.51,5,1500351,Dewasa (45-65)
cust_0144,16,Rural,Low,462,8881.34,24914.99,3578.56,4103178,24,83,1427,17,608.67,Weekly,UPI,16,44.62,10,424567,Remaja (<25)
cust_0145,50,Urban,Middle,854,4784.81,8409.1,1705.29,4086226,190,52,3854,8,3469.75,Weekly,Debit Card,11,63.08,2,417395,Dewasa (45-65)
cust_0146,52,Urban,Middle,117,5263.17,17574.35,1215.42,615791,308,17,2742,12,1699.1,Monthly,Debit Card,3,34.44,1,68413,Dewasa (45-65)
cust_0147,62,Urban,Middle,666,4818.35,8604.63,1149.75,3209022,307,218,4071,50,4999.7,Weekly,UPI,7,58.42,6,337544,Dewasa (45-65)
cust_0148,29,Suburban,Middle,364,3899.18,16445.8,1579.95,1419300,57,228,3274,44,4470.02,Monthly,UPI,0,29.3,10,160643,Dewasa Muda (25-45)
cust_0149,18,Urban,High,843,16826.11,37415.83,5281.02,14184412,311,292,2608,50,2828.59,Weekly,Debit Card,20,61.72,6,1433242,Remaja (<25)
cust_0150,16,Rural,Middle,631,3414.93,7716.38,475.33,2154820,309,201,2374,18,3208.66,Monthly,UPI,10,12.19,7,227425,Remaja (<25)
cust_0151,20,Suburban,Middle,711,11241.48,50359.6,1812.1,7992688,89,82,2464,9,794.43,Monthly,UPI,5,41.75,5,809699,Remaja (<25)
cust_0152,41,Suburban,Middle,913,1555.63,5035.29,685.22,1420291,275,128,3805,37,4470.02,Daily,Credit Card,4,37.93,1,152104,Dewasa Muda (25-45)
cust_0153,29,Urban,Middle,466,18990.93,86393.71,9486.38,8849774,109,80,3935,2,2294.67,Weekly,Credit Card,14,8.3,6,897900,Dewasa Muda (25-45)
cust_0154,54,Rural,High,775,12070.24,32004.88,2827.73,9354439,141,189,1383,47,2606.77,Daily,Debit Card,18,17.92,4,945606,Dewasa (45-65)
cust_0155,42,Suburban,Low,184,18064.02,42914.88,4600.56,3323779,285,156,3620,40,4365.65,Weekly,Debit Card,14,35.41,7,348435,Dewasa Muda (25-45)
cust_0156,24,Suburban,Low,960,7963.58,24088.32,1288.47,7645033,244,316,3276,16,31.25,Daily,Wallet Balance,6,55.8,2,774639,Remaja (<25)
cust_0157,30,Urban,Low,660,16215.33,20203.77,3150.4,10702120,74,160,2950,22,2471.73,Daily,Wallet Balance,16,65.24,9,1086076,Dewasa Muda (25-45)
cust_0158,30,Urban,Low,166,17074.55,27606.19,4607.6,2834375,355,242,279,26,3133.83,Daily,Debit Card,20,53.23,7,292028,Dewasa Muda (25-45)
cust_0159,41,Rural,Low,75,14061.96,26409.57,3005.83,1054646,262,314,3978,8,796.55,Daily,Credit Card,0,21.8,5,118822,Dewasa Muda (25-45)
cust_0160,57,Urban,High,748,1868.02,7970.3,710.91,1397278,176,82,2270,4,341.5,Daily,Debit Card,13,8.3,2,146497,Dewasa (45-65)
cust_0161,28,Rural,Low,826,331.44,1304.28,104.45,273770,230,44,2155,18,2674.67,Weekly,Debit Card,18,38.29,1,33149,Dewasa Muda (25-45)
cust_0162,66,Suburban,High,272,3379.51,5992.64,1449.53,919226,76,162,683,28,2737.65,Daily,Credit Card,15,25.45,5,99719,Senior (>65)
cust_0163,47,Rural,High,691,2370.75,4995.16,924.14,1638191,323,221,601,14,1651.25,Daily,Wallet Balance,1,41.0,10,175595,Dewasa (45-65)
cust_0164,54,Rural,Low,503,14505.5,69293.47,2193.82,7296267,183,149,2043,41,4411.16,Weekly,Debit Card,20,29.25,5,740607,Dewasa (45-65)
cust_0165,64,Rural,Low,795,11144.57,14969.51,1664.5,8859930,274,124,1532,35,1505.42,Monthly,Wallet Balance,6,27.92,3,894804,Dewasa (45-65)
cust_0166,67,Suburban,Low,563,10523.76,33568.9,4822.61,5924875,277,1,960,11,2582.4,Weekly,UPI,11,65.75,9,603216,Senior (>65)
cust_0167,47,Urban,Middle,587,5064.82,15640.3,2166.75,2973047,227,183,3077,13,933.58,Monthly,Credit Card,8,48.4,10,314291,Dewasa (45-65)
cust_0168,19,Suburban,High,656,3100.6,12101.14,890.39,2033996,165,208,506,14,55.8,Weekly,Debit Card,16,48.55,1,206783,Remaja (<25)
cust_0169,45,Urban,Low,343,4138.89,8467.11,629.71,1419640,275,97,1822,50,2130.14,Daily,Debit Card,6,10.49,5,154542,Dewasa Muda (25-45)
cust_0170,52,Rural,Middle,700,8011.54,37967.4,3680.74,5608076,217,21,1194,30,2634.74,Monthly,Wallet Balance,13,28.67,4,568878,Dewasa (45-65)
cust_0171,38,Rural,High,635,14805.46,39120.94,2846.8,9401468,312,355,874,4,3823.4,Daily,UPI,18,55.16,2,942383,Dewasa Muda (25-45)
cust_0172,54,Rural,Middle,844,5097.79,10923.94,582.24,4302532,190,223,2315,43,2243.86,Monthly,Credit Card,1,41.25,1,439061,Dewasa (45-65)
cust_0173,60,Rural,Middle,251,13975.27,32806.64,6564.13,3507793,18,48,4288,2,1393.66,Daily,UPI,7,33.69,10,368858,Dewasa (45-65)
cust_0174,30,Rural,Low,808,9835.32,23554.51,4165.99,7946939,232,32,2803,46,3021.18,Monthly,UPI,0,70.07,4,807389,Dewasa Muda (25-45)
cust_0175,58,Urban,High,835,17709.96,31802.02,6683.61,14787818,184,288,2807,29,1905.88,Daily,Debit Card,1,10.68,6,1492342,Dewasa (45-65)
cust_0176,44,Urban,Middle,130,4665.96,21987.02,530.11,606575,106,130,2117,46,1167.12,Monthly,Wallet Balance,19,12.41,8,76907,Dewasa Muda (25-45)
cust_0177,51,Rural,High,764,9022.63,15333.96,2809.4,6893285,243,278,3190,11,4551.74,Monthly,Wallet Balance,14,40.99,10,704532,Dewasa (45-65)
cust_0178,28,Suburban,Low,358,1942.33,8801.33,702.06,695353,53,245,3788,14,2683.45,Daily,Debit Card,14,29.77,2,79169,Dewasa Muda (25-45)
cust_0179,47,Suburban,High,944,6709.71,17577.54,2708.97,6333967,226,52,4605,37,1002.39,Weekly,Debit Card,18,35.13,2,647805,Dewasa (45-65)
cust_0180,22,Rural,Middle,692,10142.54,21067.13,2925.41,7018637,202,209,733,27,3354.56,Weekly,UPI,1,39.9,6,710352,Remaja (<25)
cust_0181,66,Urban,Middle,408,14657.48,26296.04,7055.23,5980250,86,352,4555,48,4015.39,Daily,Wallet Balance,4,10.05,4,613927,Senior (>65)
cust_0182,37,Suburban,High,861,3969.56,11977.63,785.63,3417792,50,230,1661,22,3792.67,Daily,Credit Card,11,20.18,10,355404,Dewasa Muda (25-45)
cust_0183,43,Suburban,Middle,495,4369.66,16067.4,558.85,2162982,260,186,4553,46,2997.69,Weekly,Debit Card,12,39.14,9,237505,Dewasa Muda (25-45)
cust_0184,17,Suburban,Middle,622,12635.24,58032.2,2945.36,7859119,319,162,4662,14,2598.11,Monthly,UPI,15,14.74,4,799336,Remaja (<25)
cust_0185,57,Rural,Middle,482,7655.33,27634.11,2792.07,3689869,195,199,4134,10,3886.62,Daily,Wallet Balance,7,60.61,2,378311,Dewasa (45-65)
cust_0186,60,Suburban,Low,980,9647.08,28310.79,3809.27,9454134,248,279,969,29,3540.61,Daily,Debit Card,4,56.63,1,949481,Dewasa (45-65)
cust_0187,68,Suburban,Low,850,16724.34,18963.8,6612.78,14215685,56,33,261,11,2857.39,Daily,UPI,20,41.34,6,1427761,Senior (>65)
cust_0188,21,Suburban,Middle,78,9986.68,46554.96,1440.77,778960,177,19,4279,18,3288.6,Daily,Wallet Balance,10,36.14,1,87609,Remaja (<25)
cust_0189,43,Suburban,High,978,13053.46,60169.64,5926.74,12766286,150,121,4615,31,843.13,Weekly,Credit Card,10,67.0,6,1294537,Dewasa Muda (25-45)
cust_0190,43,Urban,Low,514,13138.93,33042.68,2789.84,6753411,13,69,3599,0,99.67,Weekly,UPI,9,54.42,8,690489,Dewasa Muda (25-45)
cust_0191,59,Rural,High,321,16074.2,17941.04,2957.08,5159819,361,293,3959,15,4655.68,Daily,Credit Card,12,3.71,6,529072,Dewasa (45-65)
cust_0192,59,Rural,Middle,788,12766.41,50216.39,4414.41,10059929,289,215,385,10,4676.42,Weekly,UPI,10,16.86,4,1009424,Dewasa (45-65)
cust_0193,35,Urban,Middle,290,1305.55,5439.86,241.19,378609,64,123,4348,30,3939.85,Weekly,Credit Card,18,6.18,2,49586,Dewasa Muda (25-45)
cust_0194,45,Urban,High,297,6850.04,21713.68,2077.04,2034461,339,280,1034,32,1861.52,Weekly,Wallet Balance,0,71.62,5,212783,Dewasa Muda (25-45)
cust_0195,26,Rural,Low,681,19786.43,51672.26,5200.11,13474559,105,54,1539,35,753.75,Monthly,Credit Card,20,30.98,5,1358657,Dewasa Muda (25-45)
cust_0196,43,Suburban,High,752,3938.24,17346.1,759.35,2961556,239,21,1806,29,1786.66,Daily,Credit Card,10,10.53,8,309774,Dewasa Muda (25-45)
cust_0197,40,Suburban,High,971,11738.71,20778.3,2545.23,11398291,34,97,4163,37,3631.17,Daily,Credit Card,3,26.43,3,1153039,Dewasa Muda (25-45)
cust_0198,54,Rural,Middle,475,16860.38,46504.86,4568.54,8008682,324,346,2474,3,1676.0,Daily,Wallet Balance,0,70.58,2,807278,Dewasa (45-65)
cust_0199,48,Suburban,Low,23,11735.31,12884.71,2798.45,269912,39,138,2056,24,3979.56,Daily,Debit Card,20,11.15,1,32513,Dewasa (45-65)
cust_0200,16,Urban,High,806,7451.68,12340.3,1882.52,6006056,225,42,4632,33,3365.07,Weekly,Debit Card,5,26.34,2,613487,Remaja (<25)
cust_0201,42,Suburban,Low,172,1613.77,7686.91,636.11,277568,129,246,1600,16,3149.9,Weekly,UPI,15,20.58,2,32981,Dewasa Muda (25-45)
cust_0202,67,Suburban,Middle,835,7239.68,23980.24,1211.57,6045133,133,28,3687,32,4651.18,Monthly,Debit Card,9,57.11,1,613761,Senior (>65)
cust_0203,28,Suburban,Low,318,3649.53,15409.66,1281.16,1160550,40,58,4790,29,4467.08,Daily,Credit Card,10,2.81,8,134301,Dewasa Muda (25-45)
cust_0204,56,Rural,Middle,908,19217.65,56615.22,7134.8,17449624,319,127,800,12,3558.33,Monthly,Wallet Balance,15,68.22,8,1753983,Dewasa (45-65)
cust_0205,18,Urban,Low,798,14303.49,62067.24,6019.41,11414182,221,263,2069,11,996.24,Monthly,Debit Card,8,62.68,10,1156158,Remaja (<25)
cust_0206,54,Suburban,High,991,14990.17,47306.01,6579.65,14855257,94,144,3275,31,4694.62,Monthly,Wallet Balance,11,26.87,4,1496828,Dewasa (45-65)
cust_0207,21,Rural,Middle,855,8725.03,8883.39,1426.25,7459896,99,93,4250,22,1135.61,Monthly,Credit Card,19,64.99,3,759121,Remaja (<25)
cust_0208,23,Suburban,High,193,2208.2,10155.05,342.94,426182,60,35,3594,28,1862.92,Weekly,Debit Card,16,31.23,1,52674,Remaja (<25)
cust_0209,42,Urban,Middle,681,5341.66,8516.02,1847.73,3637672,129,92,2857,33,4133.91,Monthly,UPI,19,21.73,8,378714,Dewasa Muda (25-45)
cust_0210,24,Suburban,Low,916,5201.62,14576.09,2095.04,4764688,132,263,1485,18,1043.29,Weekly,UPI,10,29.9,8,488717,Remaja (<25)
cust_0211,52,Urban,Low,118,9740.72,28313.32,2035.13,1149404,301,14,4173,11,3193.02,Weekly,Credit Card,0,59.57,4,126789,Dewasa (45-65)
cust_0212,48,Suburban,Middle,6,9224.99,10968.0,2862.87,55349,69,315,4814,3,2289.18,Monthly,Wallet Balance,5,40.84,5,19318,Dewasa (45-65)
cust_0213,66,Urban,Middle,843,8673.83,10515.12,3546.69,7312038,14,318,4858,24,3120.17,Daily,Credit Card,9,16.42,4,745759,Senior (>65)
cust_0214,57,Suburban,Middle,483,9924.59,40196.64,4039.32,4793576,151,202,4152,25,4790.25,Weekly,Debit Card,7,5.95,5,492766,Dewasa (45-65)
cust_0215,59,Urban,Low,132,19740.59,43464.9,7136.78,2605758,174,322,338,17,4041.82,Daily,Wallet Balance,13,44.07,4,264930,Dewasa (45-65)
cust_0216,39,Suburban,Middle,93,5974.09,15762.71,785.68,555590,345,278,273,29,1479.11,Weekly,Wallet Balance,18,59.11,9,67265,Dewasa Muda (25-45)
cust_0217,30,Suburban,Middle,763,12309.23,40084.39,1480.28,9391942,292,144,3961,33,286.37,Weekly,Wallet Balance,20,61.74,1,951273,Dewasa Muda (25-45)
cust_0218,69,Rural,High,522,4797.76,11963.43,1225.24,2504430,196,355,1892,32,4835.22,Monthly,Wallet Balance,6,59.43,10,265009,Senior (>65)
cust_0219,47,Rural,Middle,563,9337.46,38284.98,1033.42,5256989,32,299,3756,30,2925.86,Monthly,Debit Card,6,37.45,10,544748,Dewasa (45-65)
cust_0220,47,Urban,High,861,4008.98,18192.2,1850.78,3451735,73,353,4528,30,865.53,Daily,Wallet Balance,5,27.82,3,359796,Dewasa (45-65)
cust_0221,39,Suburban,High,294,11168.26,13836.04,1206.82,3283469,194,354,2438,12,3135.54,Weekly,Wallet Balance,18,70.25,7,339855,Dewasa Muda (25-45)
cust_0222,56,Urban,High,641,5307.59,18797.42,593.63,3402162,50,245,1921,23,211.08,Daily,Credit Card,10,66.49,6,352252,Dewasa (45-65)
cust_0223,67,Rural,Low,1000,745.41,1692.56,123.84,745410,57,12,3413,4,937.61,Monthly,UPI,0,54.39,8,89298,Senior (>65)
cust_0224,64,Urban,High,392,16307.27,54353.78,5720.69,6392449,117,71,1283,50,3163.15,Monthly,Wallet Balance,5,31.54,6,651229,Dewasa (45-65)
cust_0225,64,Urban,Middle,249,2573.82,7555.78,814.93,640881,192,184,4091,0,2012.39,Daily,UPI,12,70.12,8,79263,Dewasa (45-65)
cust_0226,67,Rural,Low,614,7367.1,17200.06,2680.11,4523396,217,104,2221,33,1625.46,Daily,Wallet Balance,17,27.55,1,460268,Senior (>65)
cust_0227,27,Suburban,Low,849,9548.78,13170.28,4367.82,8106914,111,11,1747,45,3277.47,Weekly,Wallet Balance,1,49.6,9,826046,Dewasa Muda (25-45)
cust_0228,54,Urban,Low,595,8655.28,28023.7,2440.6,5149888,89,208,3266,8,4332.02,Daily,Credit Card,16,21.9,5,525154,Dewasa (45-65)
cust_0229,17,Rural,Low,703,14516.06,21065.27,1706.37,10204789,360,225,3512,7,3392.96,Daily,UPI,16,60.33,10,1036506,Remaja (<25)
cust_0230,18,Suburban,Low,417,11939.56,19395.59,4840.28,4978798,310,317,3378,42,2317.2,Monthly,Credit Card,1,62.07,2,509677,Remaja (<25)
cust_0231,64,Rural,Low,143,5914.47,29150.65,2512.38,845769,309,273,4403,35,3294.32,Monthly,Debit Card,0,37.15,1,96235,Dewasa (45-65)
cust_0232,52,Urban,Low,237,1043.54,2365.52,125.18,247319,157,54,2642,28,3478.26,Daily,UPI,11,40.91,4,35076,Dewasa (45-65)
cust_0233,64,Suburban,High,287,15354.23,51248.49,3026.93,4406662,69,173,555,34,3875.25,Monthly,UPI,11,68.35,10,453238,Dewasa (45-65)
cust_0234,32,Suburban,Middle,277,7057.02,14741.6,2880.95,1954793,270,247,2254,4,1535.24,Monthly,Credit Card,4,11.09,8,207619,Dewasa Muda (25-45)
cust_0235,64,Rural,Middle,387,17795.6,79404.63,4457.12,6886896,225,153,1140,45,572.17,Monthly,Wallet Balance,15,34.47,3,698183,Dewasa (45-65)
cust_0236,17,Rural,High,382,7907.18,16868.88,2285.66,3020544,5,106,3804,9,3409.4,Monthly,Wallet Balance,15,38.52,10,318857,Remaja (<25)
cust_0237,17,Rural,High,450,14356.0,35424.0,6162.6,6460197,243,159,1785,37,605.42,Weekly,Debit Card,12,58.97,4,656987,Remaja (<25)
cust_0238,43,Suburban,Low,291,18791.9,64522.93,2590.42,5468442,118,106,1113,9,2310.07,Weekly,Wallet Balance,6,56.23,2,550815,Dewasa Muda (25-45)
cust_0239,69,Suburban,Low,169,13026.54,58358.2,4831.72,2201484,172,193,3099,10,1153.51,Daily,UPI,11,43.75,2,228769,Senior (>65)
cust_0240,38,Urban,High,443,8275.64,35294.43,1539.22,3666110,143,295,3615,7,1660.36,Weekly,UPI,13,12.05,2,375710,Dewasa Muda (25-45)
cust_0241,52,Suburban,Low,656,11352.31,23333.99,1419.73,7447116,323,276,1240,3,2353.12,Daily,Debit Card,19,29.84,10,756315,Dewasa (45-65)
cust_0242,47,Urban,Middle,184,10873.47,46954.03,3968.81,2000718,257,73,3892,17,4480.88,Weekly,Debit Card,8,7.48,1,208315,Dewasa (45-65)
cust_0243,48,Rural,Middle,45,11700.55,44518.04,1738.29,526524,365,43,70,19,3402.12,Weekly,Credit Card,10,11.67,10,62991,Dewasa (45-65)
cust_0244,16,Rural,Low,755,2944.93,14604.84,1174.45,2223423,318,194,4125,45,858.18,Daily,UPI,10,17.08,10,244663,Remaja (<25)
cust_0245,34,Suburban,Low,827,13973.21,66258.05,2530.3,11555846,78,129,2868,2,4397.24,Daily,UPI,19,24.69,5,1164322,Dewasa Muda (25-45)
cust_0246,17,Rural,Low,946,2909.42,9113.88,347.4,2752306,57,311,4766,43,2502.72,Daily,Debit Card,19,32.25,5,292811,Remaja (<25)
cust_0247,68,Rural,Middle,981,302.19,1208.68,42.22,296449,20,108,1544,14,1021.27,Monthly,Debit Card,1,52.17,3,36622,Senior (>65)
cust_0248,59,Suburban,Low,268,12499.35,41006.87,5456.07,3349826,14,103,2370,7,2637.19,Monthly,UPI,14,2.65,3,342104,Dewasa (45-65)
cust_0249,41,Urban,High,476,2347.1,7933.16,582.99,1117220,206,133,2417,45,954.63,Monthly,Debit Card,17,62.91,8,128578,Dewasa Muda (25-45)
cust_0250,47,Suburban,Low,253,15410.53,21667.25,3404.29,3898863,237,250,1179,5,1836.63,Daily,Wallet Balance,11,71.44,10,401826,Dewasa (45-65)
cust_0251,21,Urban,High,396,17320.66,17476.25,5135.22,6858981,181,270,2713,45,4027.62,Monthly,Credit Card,6,69.45,7,700810,Remaja (<25)
cust_0252,47,Suburban,Low,289,18895.29,22537.27,6673.31,5460738,291,103,1106,35,3293.08,Weekly,Wallet Balance,11,31.17,4,554139,Dewasa (45-65)
cust_0253,19,Suburban,Low,212,13292.89,64690.17,1526.57,2818093,189,296,2452,19,2389.71,Weekly,Credit Card,2,29.35,8,295418,Remaja (<25)
cust_0254,26,Rural,Middle,1000,9645.48,14517.15,4429.93,9645477,147,238,4708,31,1132.2,Weekly,Debit Card,9,38.09,10,986497,Dewasa Muda (25-45)
cust_0255,32,Suburban,High,689,7052.1,8304.26,3408.93,4858896,340,108,3351,5,1410.85,Weekly,UPI,8,48.19,9,501386,Dewasa Muda (25-45)
cust_0256,53,Suburban,High,21,9823.59,21990.87,2622.14,206295,42,137,280,15,4891.18,Monthly,Wallet Balance,14,20.71,6,26243,Dewasa (45-65)
cust_0257,39,Urban,High,316,3815.14,12791.1,1011.21,1205584,354,298,1715,48,1714.68,Monthly,Wallet Balance,6,47.5,7,134931,Dewasa Muda (25-45)
cust_0258,20,Rural,Middle,564,6974.97,33436.9,3148.67,3933882,1,289,1113,1,3080.64,Weekly,Debit Card,3,22.96,7,401173,Remaja (<25)
cust_0259,67,Urban,High,438,14361.43,54566.98,3902.36,6290306,324,25,2176,17,2498.74,Daily,Wallet Balance,13,47.91,5,638833,Senior (>65)
cust_0260,49,Urban,Middle,423,4356.29,9171.77,1927.55,1842708,104,118,4404,44,115.52,Weekly,UPI,17,47.34,4,201421,Dewasa (45-65)
cust_0261,21,Rural,Low,233,5288.7,25154.29,588.82,1232267,255,230,1987,25,4723.37,Weekly,Credit Card,11,1.06,2,129339,Remaja (<25)
cust_0262,37,Rural,Low,945,14989.07,17149.96,4434.67,14164672,209,334,4580,19,439.65,Daily,Wallet Balance,10,62.86,1,1428307,Dewasa Muda (25-45)
cust_0263,26,Rural,High,123,3564.94,17526.02,1714.64,438487,218,256,3178,15,3293.54,Daily,Credit Card,2,14.67,8,58057,Dewasa Muda (25-45)
cust_0264,63,Suburban,Low,874,4925.29,6080.58,990.58,4304705,78,9,3021,20,4055.12,Monthly,Credit Card,4,71.49,2,438485,Dewasa (45-65)
cust_0265,31,Rural,Low,960,360.78,1448.66,74.49,346344,51,119,3070,44,3743.67,Daily,UPI,2,40.05,8,51302,Dewasa Muda (25-45)
cust_0266,48,Rural,High,612,14403.83,17013.66,5070.86,8815144,288,119,1528,13,4046.25,Daily,Debit Card,5,28.44,9,892847,Dewasa (45-65)
cust_0267,24,Rural,Low,214,12361.89,58425.34,5815.98,2645444,100,91,2839,17,3698.6,Monthly,UPI,0,7.51,4,274073,Remaja (<25)
cust_0268,21,Urban,High,922,13890.77,19928.58,2493.35,12807285,212,172,4378,7,2227.86,Monthly,UPI,4,49.35,1,1290070,Remaja (<25)
cust_0269,31,Urban,High,839,4294.41,5161.52,2012.62,3603011,237,211,1130,4,4481.37,Weekly,Credit Card,20,26.54,6,366720,Dewasa Muda (25-45)
cust_0270,44,Suburban,Low,647,13750.65,62662.56,5021.76,8896673,295,314,3404,23,4562.21,Weekly,Debit Card,13,69.37,8,904494,Dewasa Muda (25-45)
cust_0271,18,Urban,Low,968,11931.57,16503.45,5932.6,11549758,157,116,4965,40,2184.77,Daily,UPI,8,61.87,1,1168813,Remaja (<25)
cust_0272,35,Suburban,Low,830,7328.8,30720.31,2891.82,6082902,298,288,4356,46,2423.88,Monthly,Debit Card,9,9.83,5,625390,Dewasa Muda (25-45)
cust_0273,51,Urban,Low,730,8762.14,34944.62,3216.76,6396360,14,22,3301,28,2428.23,Daily,UPI,19,33.5,1,648823,Dewasa (45-65)
cust_0274,34,Rural,Low,600,11362.73,38582.29,4840.08,6817638,116,349,1929,8,1394.51,Daily,UPI,10,32.53,7,692724,Dewasa Muda (25-45)
cust_0275,41,Urban,Middle,792,9870.91,24794.26,1678.61,7817761,139,55,4316,41,574.68,Weekly,Credit Card,9,51.32,6,800220,Dewasa Muda (25-45)
cust_0276,18,Suburban,Low,40,12840.14,59864.88,6142.65,513605,75,108,692,17,1309.9,Daily,Credit Card,2,20.38,4,57789,Remaja (<25)
cust_0277,34,Urban,Middle,752,3627.78,16268.15,603.08,2728091,303,77,2445,45,4220.52,Daily,Credit Card,15,60.37,8,288088,Dewasa Muda (25-45)
cust_0278,35,Rural,High,332,10818.79,29264.71,1192.97,3591838,360,61,713,17,2715.28,Weekly,Debit Card,13,67.84,8,368952,Dewasa Muda (25-45)
cust_0279,47,Suburban,Low,943,9011.09,17363.46,3416.49,8497454,24,122,2844,47,4250.99,Weekly,UPI,12,40.22,2,860007,Dewasa (45-65)
cust_0280,22,Rural,Low,648,9225.8,19284.57,1603.8,5978318,177,92,4725,27,3725.81,Monthly,Wallet Balance,12,66.83,5,613118,Remaja (<25)
cust_0281,67,Rural,Low,182,9392.95,17670.9,3790.07,1709516,55,323,4724,36,1743.07,Weekly,Credit Card,2,24.1,1,184128,Senior (>65)
cust_0282,56,Suburban,High,265,17630.62,55801.07,7369.88,4672115,213,222,2756,9,926.56,Monthly,Debit Card,16,23.53,3,476160,Dewasa (45-65)
cust_0283,48,Rural,Middle,771,16374.36,73261.44,3187.76,12624633,326,130,1729,19,2836.1,Monthly,Debit Card,8,52.36,3,1269403,Dewasa (45-65)
cust_0284,55,Rural,Middle,694,12595.1,51569.99,1696.41,8741001,334,248,1827,37,4679.28,Weekly,UPI,5,32.55,10,889114,Dewasa (45-65)
cust_0285,54,Urban,Low,533,14332.57,59939.42,4304.48,7639261,329,121,1521,40,4197.08,Weekly,Wallet Balance,19,20.61,3,771869,Dewasa (45-65)
cust_0286,33,Rural,Low,863,865.62,2417.82,394.8,747034,163,201,300,22,3819.18,Weekly,Wallet Balance,13,22.98,3,78593,Dewasa Muda (25-45)
cust_0287,55,Rural,Low,432,14882.39,34077.4,6532.13,6429194,300,161,4092,47,3820.87,Daily,Wallet Balance,20,60.1,10,663893,Dewasa (45-65)
cust_0288,16,Rural,Low,943,9728.43,39199.97,1428.45,9173911,164,250,1028,42,2638.77,Weekly,Wallet Balance,19,46.94,2,924327,Remaja (<25)
cust_0289,26,Rural,High,984,6361.77,26548.91,3091.27,6259985,89,218,3918,19,847.63,Monthly,Credit Card,16,57.19,7,642310,Dewasa Muda (25-45)
cust_0290,43,Suburban,Low,196,2804.14,10603.62,576.47,549611,15,63,1819,22,1427.72,Monthly,Wallet Balance,13,30.31,7,67085,Dewasa Muda (25-45)
cust_0291,40,Urban,High,724,1513.42,1707.79,362.85,1095718,301,217,4122,49,2889.46,Monthly,Credit Card,2,67.66,4,125271,Dewasa Muda (25-45)
cust_0292,65,Rural,Low,509,907.26,3047.27,144.82,461797,122,341,1710,4,1581.77,Weekly,Wallet Balance,1,64.24,8,57208,Dewasa (45-65)
cust_0293,38,Rural,Middle,447,3244.31,7748.0,814.71,1450204,318,64,3186,26,3907.83,Monthly,Credit Card,4,3.54,10,162038,Dewasa Muda (25-45)
cust_0294,46,Suburban,Middle,528,612.57,1093.31,217.01,323439,348,212,4473,8,1866.08,Monthly,Credit Card,4,26.91,10,51156,Dewasa (45-65)
cust_0295,45,Rural,Low,202,14655.52,55362.41,4432.29,2960414,178,120,4192,42,569.48,Daily,Wallet Balance,8,6.25,8,316340,Dewasa Muda (25-45)
cust_0296,57,Suburban,Low,875,4979.8,10328.62,2146.37,4357321,269,69,1159,40,3912.72,Weekly,Debit Card,16,17.88,4,444093,Dewasa (45-65)
cust_0297,50,Urban,High,730,7381.12,34332.29,2631.52,5388218,105,124,387,35,3490.65,Weekly,Wallet Balance,10,66.72,6,547350,Dewasa (45-65)
cust_0298,22,Urban,Low,605,16456.1,36076.97,3380.38,9955938,159,145,1903,39,1265.78,Monthly,Credit Card,5,64.61,6,1008666,Remaja (<25)
cust_0299,31,Rural,Low,133,2302.0,7414.11,743.49,306166,5,296,4259,36,4905.58,Daily,Credit Card,2,4.98,5,45281,Dewasa Muda (25-45)
cust_0300,41,Rural,Low,139,16713.52,72052.82,2100.5,2323179,339,358,1898,2,2015.95,Monthly,Debit Card,14,3.54,4,239306,Dewasa Muda (25-45)
cust_0301,63,Rural,Middle,669,12794.41,33373.88,4251.79,8559461,141,129,1438,35,3402.3,Daily,UPI,17,46.86,9,869620,Dewasa (45-65)
cust_0302,67,Suburban,High,493,6847.17,29543.02,1751.95,3375654,169,13,4776,47,4552.24,Monthly,UPI,3,17.75,6,355541,Senior (>65)
cust_0303,64,Rural,Middle,847,2364.97,9211.04,329.58,2003126,17,274,1001,44,779.98,Monthly,Debit Card,18,1.16,7,213324,Dewasa (45-65)
cust_0304,17,Rural,High,70,1838.94,8612.6,410.06,128725,32,68,1159,34,4395.11,Weekly,Debit Card,13,60.14,5,21393,Remaja (<25)
cust_0305,16,Urban,Middle,816,6716.93,15471.37,3084.65,5481016,5,270,4253,35,3519.56,Daily,Wallet Balance,7,28.28,2,560347,Remaja (<25)
cust_0306,63,Rural,Low,15,2815.44,3998.24,941.52,42231,137,133,812,28,837.81,Daily,Credit Card,18,30.62,6,14228,Dewasa (45-65)
cust_0307,27,Urban,Middle,747,5361.53,14590.85,2473.31,4005062,107,62,1389,32,3322.56,Daily,UPI,13,8.76,3,407822,Dewasa Muda (25-45)
cust_0308,20,Rural,Middle,212,1068.59,4427.42,282.45,226540,162,161,3010,25,4372.88,Weekly,Wallet Balance,2,34.74,10,38987,Remaja (<25)
cust_0309,52,Urban,High,802,11904.22,33352.53,5851.68,9547183,257,26,2396,7,3995.08,Weekly,UPI,12,56.11,6,964212,Dewasa (45-65)
cust_0310,47,Rural,High,60,2914.07,5967.87,711.06,174844,168,247,4489,8,3803.03,Monthly,Wallet Balance,3,22.27,3,28360,Dewasa (45-65)
cust_0311,24,Urban,Middle,252,15137.08,16808.4,6096.03,3814543,288,189,1347,21,806.68,Daily,Credit Card,0,59.78,8,393845,Remaja (<25)
cust_0312,56,Suburban,High,446,4371.32,9844.62,971.14,1949607,355,286,2995,4,953.12,Daily,Wallet Balance,16,47.17,7,207874,Dewasa (45-65)
cust_0313,50,Urban,High,2,15961.55,61508.23,2272.86,31923,245,318,1537,43,2738.58,Monthly,Credit Card,6,30.47,1,10197,Dewasa (45-65)
cust_0314,34,Urban,High,748,3805.74,6052.86,1648.73,2846694,113,337,4938,40,2900.73,Monthly,Wallet Balance,8,36.83,4,301095,Dewasa Muda (25-45)
cust_0315,63,Urban,High,336,14430.12,34105.84,5844.67,4848519,178,220,1486,35,4718.12,Monthly,Credit Card,17,8.94,2,490964,Dewasa (45-65)
cust_0316,31,Rural,High,19,6668.16,7207.79,2855.65,126695,190,326,3146,31,2343.41,Monthly,Wallet Balance,20,64.47,6,26889,Dewasa Muda (25-45)
cust_0317,18,Rural,Middle,994,11666.57,45348.19,2565.22,11596569,11,249,1782,29,1512.51,Daily,Wallet Balance,1,64.46,5,1170364,Remaja (<25)
cust_0318,35,Rural,High,561,782.85,3540.62,298.63,439178,23,91,2548,48,953.86,Monthly,Credit Card,11,28.15,2,55336,Dewasa Muda (25-45)
cust_0319,39,Suburban,Low,78,9909.94,32446.25,1862.76,772975,119,36,1750,43,270.85,Daily,Debit Card,0,47.79,1,85962,Dewasa Muda (25-45)
cust_0320,69,Suburban,Middle,472,2982.27,3290.9,311.72,1407631,282,7,2013,44,343.27,Daily,Debit Card,10,55.29,7,156017,Senior (>65)
cust_0321,48,Urban,Middle,28,9731.54,18202.86,4346.06,272483,319,321,2235,42,2870.83,Daily,Wallet Balance,15,59.62,9,43482,Dewasa (45-65)
cust_0322,39,Suburban,Middle,560,2835.77,7809.36,877.42,1588030,69,202,3564,16,881.31,Monthly,Credit Card,14,52.45,9,176090,Dewasa Muda (25-45)
cust_0323,67,Urban,High,608,8747.41,29306.67,4316.51,5318426,346,333,4460,29,4258.09,Monthly,UPI,15,36.58,10,551533,Senior (>65)
cust_0324,26,Urban,Low,165,2221.31,6630.84,564.24,366516,134,41,2548,46,2982.36,Monthly,UPI,13,50.55,3,47856,Dewasa Muda (25-45)
cust_0325,64,Urban,High,458,4406.83,20551.1,2127.39,2018328,253,32,2224,8,4324.43,Monthly,UPI,0,68.27,6,210918,Dewasa (45-65)
cust_0326,23,Suburban,Middle,945,11905.63,56605.85,4119.62,11250818,51,142,4724,3,2137.31,Weekly,UPI,6,34.47,10,1143761,Remaja (<25)
cust_0327,51,Rural,Middle,877,19533.45,27905.67,5955.4,17130832,43,256,969,11,2978.88,Monthly,UPI,7,6.81,1,1715631,Dewasa (45-65)
cust_0328,53,Suburban,Middle,176,8989.2,13965.3,1987.73,1582099,141,161,272,34,2627.14,Weekly,Credit Card,15,58.41,1,161840,Dewasa (45-65)
cust_0329,55,Urban,Middle,585,13746.6,33434.76,5912.56,8041762,25,30,1586,19,4933.38,Monthly,Wallet Balance,0,52.21,6,812781,Dewasa (45-65)
cust_0330,35,Urban,High,984,10793.1,28978.82,4657.42,10620409,270,262,2824,16,3984.1,Weekly,UPI,18,22.08,6,1073296,Dewasa Muda (25-45)
cust_0331,50,Suburban,Low,868,9972.18,33349.61,2660.3,8655847,361,10,3518,21,2977.0,Monthly,Debit Card,4,42.77,5,878232,Dewasa (45-65)
cust_0332,63,Urban,Low,29,1303.44,5334.5,509.54,37799,104,203,2388,6,3032.93,Monthly,Debit Card,20,6.17,6,13639,Dewasa (45-65)
cust_0333,40,Urban,Middle,956,2894.51,4466.43,807.26,2767146,295,359,4020,38,1244.01,Daily,UPI,14,35.01,10,297932,Dewasa Muda (25-45)
cust_0334,50,Suburban,Low,669,17662.32,74368.25,6991.87,11816094,153,276,4600,43,3673.76,Weekly,Debit Card,2,29.33,5,1198272,Dewasa (45-65)
cust_0335,40,Suburban,Middle,826,8209.18,28240.52,4085.51,6780786,304,345,4956,41,4914.16,Monthly,Credit Card,0,18.81,6,695633,Dewasa Muda (25-45)
cust_0336,44,Suburban,Middle,816,12290.51,60512.77,2519.54,10029053,305,124,3820,7,647.16,Weekly,UPI,6,11.92,9,1019921,Dewasa Muda (25-45)
cust_0337,33,Urban,Low,279,10569.38,38099.14,3737.56,2948857,161,118,2784,8,3186.31,Daily,Wallet Balance,8,25.4,7,306660,Dewasa Muda (25-45)
cust_0338,61,Urban,Middle,283,7583.86,29306.81,1910.76,2146232,283,268,628,45,2589.41,Weekly,Credit Card,0,67.46,3,222084,Dewasa (45-65)
cust_0339,33,Rural,Low,479,7762.45,13823.65,2478.93,3718214,45,278,4345,5,4252.06,Monthly,Debit Card,1,37.47,9,387885,Dewasa Muda (25-45)
cust_0340,17,Rural,Middle,519,11113.75,45293.49,4997.39,5768033,287,76,4607,18,0.23,Daily,UPI,16,15.28,6,593817,Remaja (<25)
cust_0341,69,Suburban,Low,305,2831.42,3729.17,676.8,863584,319,14,344,21,682.92,Monthly,Credit Card,16,60.32,5,93804,Senior (>65)
cust_0342,50,Rural,Middle,694,7751.31,28107.19,999.57,5379407,166,106,4642,46,185.36,Daily,Credit Card,2,20.13,4,555732,Dewasa (45-65)
cust_0343,31,Urban,Low,109,8945.04,10933.45,3753.11,975009,207,176,555,19,814.67,Daily,Credit Card,16,57.99,10,110103,Dewasa Muda (25-45)
cust_0344,56,Rural,Middle,324,19702.67,28783.7,6344.46,6383666,108,182,4010,19,3539.68,Weekly,Credit Card,9,2.18,1,647516,Dewasa (45-65)
cust_0345,51,Urban,Middle,206,7035.58,10071.19,1968.28,1449329,65,36,2919,26,698.36,Monthly,Credit Card,1,66.56,7,160021,Dewasa (45-65)
cust_0346,48,Suburban,Middle,234,12895.13,15602.29,2235.15,3017460,267,55,459,26,3111.66,Monthly,Debit Card,6,38.95,5,308708,Dewasa (45-65)
cust_0347,19,Suburban,Low,938,2756.94,6298.37,378.09,2586005,353,270,2788,6,4341.03,Daily,UPI,2,55.19,1,263606,Remaja (<25)
cust_0348,48,Urban,High,458,1318.97,6565.07,278.96,604089,185,2,2811,23,173.12,Monthly,Credit Card,11,23.31,4,72244,Dewasa (45-65)
cust_0349,29,Rural,Middle,187,17432.12,41713.36,6756.02,3259807,224,256,2535,7,133.93,Daily,Credit Card,6,61.07,10,341683,Dewasa Muda (25-45)
cust_0350,36,Suburban,Middle,940,14617.39,59099.63,3869.35,13740347,153,2,3115,2,4949.24,Weekly,Debit Card,9,50.11,1,1378990,Dewasa Muda (25-45)
cust_0351,63,Suburban,Low,482,6356.81,9721.27,2085.61,3063982,289,61,2549,10,3366.37,Daily,Wallet Balance,3,4.34,10,320813,Dewasa (45-65)
cust_0352,35,Rural,Middle,922,10096.51,28451.62,1341.0,9308986,285,363,59,35,703.48,Monthly,UPI,0,3.88,4,938164,Dewasa Muda (25-45)
cust_0353,23,Rural,Middle,407,2723.53,4740.2,406.61,1108475,186,107,4672,1,1533.46,Daily,UPI,13,26.63,7,126524,Remaja (<25)
cust_0354,22,Urban,Middle,841,14146.13,25015.86,1478.59,11896898,226,134,3185,0,4925.03,Monthly,Wallet Balance,3,4.68,9,1202597,Remaja (<25)
cust_0355,18,Rural,Middle,509,1415.91,1980.52,522.91,720697,200,23,1794,6,1136.08,Weekly,UPI,11,4.07,2,77689,Remaja (<25)
cust_0356,32,Rural,High,869,15143.09,41313.03,3116.17,13159345,11,73,4444,23,3764.13,Weekly,UPI,0,27.81,4,1329240,Dewasa Muda (25-45)
cust_0357,48,Rural,High,520,10941.26,14247.05,5325.88,5689456,325,351,1964,11,1205.91,Daily,Wallet Balance,13,17.39,1,574370,Dewasa (45-65)
cust_0358,63,Urban,Middle,53,5584.22,25906.58,1247.42,295963,277,28,4769,7,1992.34,Weekly,UPI,3,25.91,6,44838,Dewasa (45-65)
cust_0359,27,Urban,Middle,398,17252.86,48163.11,4234.67,6866638,3,25,1493,12,4403.52,Weekly,Debit Card,20,29.65,8,696648,Dewasa Muda (25-45)
cust_0360,66,Suburban,Middle,199,19721.58,85872.96,5675.79,3924593,350,355,4771,5,142.19,Daily,Credit Card,6,7.08,3,405430,Senior (>65)
cust_0361,37,Urban,High,391,5094.44,25053.72,1159.78,1991925,278,65,2596,38,1536.18,Monthly,UPI,8,44.02,5,212416,Dewasa Muda (25-45)
cust_0362,37,Suburban,High,649,16126.86,59848.66,6885.8,10466332,62,194,4233,23,2435.96,Daily,UPI,13,25.7,1,1057181,Dewasa Muda (25-45)
cust_0363,61,Rural,Low,771,15005.82,69117.47,6759.86,11569490,5,207,4913,23,3127.47,Daily,Credit Card,17,55.01,5,1172511,Dewasa (45-65)
cust_0364,45,Suburban,Low,846,14946.33,23039.32,1560.61,12644595,9,299,2665,37,141.21,Monthly,Credit Card,4,71.38,1,1274418,Dewasa Muda (25-45)
cust_0365,53,Suburban,Middle,913,19145.14,82706.52,6927.95,17479512,58,40,4176,43,2053.35,Weekly,UPI,19,28.09,5,1764576,Dewasa (45-65)
cust_0366,53,Rural,Middle,498,9737.48,20301.36,3646.05,4849262,280,23,4398,6,1721.44,Daily,Debit Card,16,53.68,9,502461,Dewasa (45-65)
cust_0367,60,Suburban,High,172,13486.62,38981.62,6535.21,2319698,238,177,3069,9,134.33,Daily,Credit Card,5,21.96,7,245940,Dewasa (45-65)
cust_0368,66,Urban,Middle,86,16479.31,59100.25,4089.5,1417220,317,264,2456,29,1776.84,Monthly,Credit Card,4,58.6,7,155645,Senior (>65)
cust_0369,69,Urban,Middle,558,9595.93,44277.31,1709.15,5354530,127,128,2767,38,4658.44,Daily,Wallet Balance,9,49.49,9,551457,Senior (>65)
cust_0370,23,Urban,High,858,9633.81,44739.17,2969.45,8265808,304,263,2412,23,1373.14,Monthly,Debit Card,16,18.69,5,838018,Remaja (<25)
cust_0371,42,Urban,High,186,6379.91,8730.33,1780.14,1186662,237,277,3062,26,2927.96,Daily,Credit Card,20,33.71,8,133926,Dewasa Muda (25-45)
cust_0372,42,Suburban,High,156,15618.71,38394.25,6508.2,2436518,219,35,2136,29,1490.48,Daily,Credit Card,18,58.24,7,257078,Dewasa Muda (25-45)
cust_0373,49,Suburban,High,493,13727.05,57278.89,6336.27,6767437,178,101,4340,14,533.33,Monthly,UPI,3,51.37,6,692557,Dewasa (45-65)
cust_0374,36,Rural,Low,910,9028.29,34421.49,1215.96,8215740,318,225,1803,1,1448.62,Monthly,Credit Card,13,3.25,6,830555,Dewasa Muda (25-45)
cust_0375,45,Suburban,High,521,8392.54,9277.2,3681.23,4372513,149,229,1096,7,2353.8,Daily,Credit Card,19,1.11,7,445966,Dewasa Muda (25-45)
cust_0376,48,Suburban,High,627,1461.07,4090.34,677.33,916088,38,99,3748,16,1481.04,Monthly,Wallet Balance,13,54.52,10,109964,Dewasa (45-65)
cust_0377,43,Suburban,Middle,666,139.96,604.2,65.73,93211,118,82,210,47,3120.85,Daily,Debit Card,3,33.21,3,15880,Dewasa Muda (25-45)
cust_0378,62,Rural,Middle,130,10582.59,41809.04,4293.61,1375736,315,317,533,12,4745.44,Monthly,Credit Card,2,37.32,5,142466,Dewasa (45-65)
cust_0379,48,Urban,Middle,843,8355.68,22120.83,3315.81,7043840,97,330,940,17,346.36,Weekly,Debit Card,1,69.49,2,709790,Dewasa (45-65)
cust_0380,20,Suburban,Low,81,15922.77,62745.99,1687.16,1289744,17,196,3937,20,3585.02,Weekly,Debit Card,17,10.39,5,142055,Remaja (<25)
cust_0381,63,Rural,High,384,10857.65,34797.08,5082.21,4169339,325,365,1265,35,6.28,Weekly,Debit Card,16,3.29,8,430960,Dewasa (45-65)
cust_0382,34,Rural,High,802,18734.75,87126.27,4507.62,15025272,279,68,11,11,5.11,Weekly,Wallet Balance,15,14.42,7,1510646,Dewasa Muda (25-45)
cust_0383,19,Rural,Low,659,3930.85,13162.5,457.74,2590433,359,273,2001,42,664.6,Daily,Credit Card,13,51.59,3,269913,Remaja (<25)
cust_0384,50,Urban,High,295,19803.11,51546.23,5251.62,5841916,154,299,516,1,2399.65,Daily,Wallet Balance,15,13.93,7,591123,Dewasa (45-65)
cust_0385,64,Suburban,Middle,978,5965.4,26556.09,2345.25,5834165,94,359,4889,19,240.02,Weekly,Debit Card,15,38.53,2,596974,Dewasa (45-65)
cust_0386,32,Rural,Low,269,12852.06,15415.72,3557.22,3457202,175,344,4442,22,3610.76,Weekly,UPI,5,61.75,4,358998,Dewasa Muda (25-45)
cust_0387,59,Urban,High,645,10042.06,46213.97,4049.0,6477125,302,359,2067,20,146.41,Weekly,Credit Card,5,60.67,10,663773,Dewasa (45-65)
cust_0388,43,Rural,Low,562,7197.93,27246.96,2186.47,4045237,29,141,1724,30,2477.16,Monthly,Credit Card,5,15.93,2,411733,Dewasa Muda (25-45)
cust_0389,45,Rural,Low,535,2794.79,13309.98,614.21,1495212,34,185,2183,15,3380.49,Daily,Debit Card,13,64.7,7,160697,Dewasa Muda (25-45)
cust_0390,44,Rural,High,378,2705.33,5416.13,490.11,1022616,10,154,4541,12,1187.75,Weekly,Debit Card,0,71.56,5,116949,Dewasa Muda (25-45)
cust_0391,61,Rural,Middle,376,14233.0,53796.27,3820.73,5351608,276,189,172,3,2896.49,Weekly,Debit Card,19,70.16,9,543356,Dewasa (45-65)
cust_0392,68,Rural,High,88,7559.05,32034.15,864.16,665196,290,62,4254,1,1308.91,Daily,Debit Card,0,64.27,7,81473,Senior (>65)
cust_0393,21,Urban,High,925,19226.35,73221.82,5172.22,17784370,101,19,1814,49,1070.49,Weekly,UPI,17,5.48,2,1788429,Remaja (<25)
cust_0394,50,Suburban,Middle,624,6519.71,12004.97,830.92,4068301,141,81,1675,0,4091.95,Weekly,Wallet Balance,7,45.53,4,412134,Dewasa (45-65)
cust_0395,56,Suburban,High,111,19670.64,41354.73,8867.56,2183440,87,30,3,25,1664.57,Daily,Credit Card,7,32.24,3,223017,Dewasa (45-65)
cust_0396,52,Suburban,High,584,4116.41,13448.19,1359.21,2403983,301,127,1610,29,4069.9,Daily,Debit Card,16,20.83,10,254483,Dewasa (45-65)
cust_0397,39,Suburban,High,154,2065.26,5755.88,740.22,318049,128,218,2793,37,1084.55,Monthly,Wallet Balance,0,23.4,2,42548,Dewasa Muda (25-45)
cust_0398,44,Urban,Low,463,6258.27,24660.51,1348.94,2897578,206,13,2420,19,1779.33,Daily,UPI,13,67.96,2,297608,Dewasa Muda (25-45)
cust_0399,64,Urban,Low,569,17712.84,44542.6,3371.26,10078605,89,177,4377,24,513.29,Weekly,Wallet Balance,10,68.59,8,1026757,Dewasa (45-65)
cust_0400,61,Urban,Low,769,10441.82,46339.99,4000.91,8029759,82,338,2790,18,2482.5,Daily,Debit Card,11,8.19,6,815114,Dewasa (45-65)
cust_0401,68,Rural,High,156,2721.65,7423.78,1003.27,424576,212,121,2330,26,1907.97,Daily,Wallet Balance,12,15.46,3,51763,Senior (>65)
cust_0402,46,Rural,Middle,625,4057.96,4707.9,604.93,2536222,119,179,1500,9,29.78,Weekly,Wallet Balance,12,66.18,8,265507,Dewasa (45-65)
cust_0403,50,Rural,Low,318,6232.1,6664.96,1218.1,1981808,348,111,4330,40,2324.28,Daily,UPI,2,44.59,3,212678,Dewasa (45-65)
cust_0404,48,Suburban,Middle,559,11807.43,42352.91,5651.4,6600355,136,9,1725,16,372.07,Monthly,Credit Card,2,51.15,5,669899,Dewasa (45-65)
cust_0405,67,Rural,High,238,6654.26,21042.17,1475.06,1583712,261,222,3928,46,4184.78,Daily,UPI,13,25.67,1,169734,Senior (>65)
cust_0406,36,Suburban,Low,334,14943.61,47385.87,1648.77,4991166,276,285,4433,1,2468.47,Daily,Debit Card,7,18.13,1,507848,Dewasa Muda (25-45)
cust_0407,47,Rural,High,106,12329.71,51292.03,1547.54,1306949,208,349,455,16,3450.25,Weekly,Credit Card,12,32.63,10,141479,Dewasa (45-65)
cust_0408,38,Suburban,Middle,482,17477.74,43744.69,7169.33,8424268,314,110,3969,6,4105.68,Monthly,Wallet Balance,0,25.19,2,850912,Dewasa Muda (25-45)
cust_0409,48,Rural,Low,699,10024.23,49938.57,4038.38,7006934,243,136,1918,15,255.89,Monthly,Debit Card,11,68.06,7,712901,Dewasa (45-65)
cust_0410,18,Rural,Low,671,6630.22,31706.49,1675.66,4448875,345,108,1382,48,1685.99,Daily,Wallet Balance,4,12.71,1,452608,Remaja (<25)
cust_0411,33,Urban,Low,710,19925.47,20958.55,3213.59,14147082,100,337,4505,26,125.59,Monthly,Wallet Balance,8,71.41,7,1433255,Dewasa Muda (25-45)
cust_0412,40,Rural,Low,382,7119.11,32626.68,2130.34,2719500,115,204,1988,0,248.13,Weekly,Wallet Balance,1,65.36,10,285801,Dewasa Muda (25-45)
cust_0413,57,Rural,Middle,689,8577.77,31928.15,1996.52,5910081,330,15,557,21,189.16,Daily,Wallet Balance,13,41.55,9,603127,Dewasa (45-65)
cust_0414,46,Urban,Low,261,16184.45,48688.68,4039.43,4224142,16,162,4557,21,2389.53,Monthly,Wallet Balance,3,25.31,5,437433,Dewasa (45-65)
cust_0415,69,Suburban,High,799,1781.84,5935.29,364.2,1423688,4,195,4286,26,2253.39,Weekly,Credit Card,20,52.38,6,158414,Senior (>65)
cust_0416,18,Urban,Low,293,7735.94,33786.16,968.1,2266629,266,261,3990,15,306.2,Weekly,Debit Card,8,35.13,10,245989,Remaja (<25)
cust_0417,55,Urban,Middle,335,1723.34,8279.21,717.71,577320,48,354,1168,35,1311.84,Weekly,UPI,16,27.62,7,69912,Dewasa (45-65)
cust_0418,61,Suburban,Low,655,2794.72,9058.64,970.58,1830544,223,9,1367,15,1222.46,Daily,Wallet Balance,11,24.61,8,194677,Dewasa (45-65)
cust_0419,39,Rural,Middle,820,102.77,177.3,44.59,84271,204,216,3687,23,1483.08,Weekly,Credit Card,6,6.69,2,19359,Dewasa Muda (25-45)
cust_0420,65,Suburban,Middle,709,200.79,714.62,60.49,142360,20,261,1599,34,3203.81,Weekly,UPI,7,31.86,2,21232,Dewasa (45-65)
cust_0421,47,Rural,High,476,7611.95,9932.66,3760.27,3623290,288,113,156,32,3485.34,Daily,UPI,0,18.6,9,373098,Dewasa (45-65)
cust_0422,62,Rural,Low,225,16185.18,57304.53,7849.98,3641666,194,117,3379,16,1695.36,Daily,Wallet Balance,15,2.38,6,377676,Dewasa (45-65)
cust_0423,37,Suburban,Low,907,11744.22,49730.27,2451.18,10652004,316,340,4989,4,3941.15,Weekly,Debit Card,7,17.56,7,1080607,Dewasa Muda (25-45)
cust_0424,38,Urban,Low,555,12701.93,30653.9,3236.33,7049572,11,47,4957,34,2089.3,Daily,Wallet Balance,12,17.67,5,722226,Dewasa Muda (25-45)
cust_0425,17,Suburban,High,454,10389.79,13348.16,4167.18,4716965,20,318,1047,18,2612.01,Monthly,Wallet Balance,18,22.46,1,475284,Remaja (<25)
cust_0426,42,Rural,High,663,16397.66,61801.23,6733.56,10871651,279,301,930,42,727.75,Daily,Credit Card,12,68.12,8,1100861,Dewasa Muda (25-45)
cust_0427,57,Suburban,Middle,296,17608.77,41509.42,8175.39,5212196,333,322,1124,46,1164.48,Weekly,UPI,9,64.88,1,528485,Dewasa (45-65)
cust_0428,17,Suburban,Middle,575,16996.32,33931.22,6136.58,9772882,35,279,1281,33,3637.78,Daily,Debit Card,11,3.27,1,982331,Remaja (<25)
cust_0429,41,Rural,Middle,642,16244.52,61026.23,4711.7,10428982,266,98,4756,31,4885.21,Daily,Debit Card,6,17.91,2,1055067,Dewasa Muda (25-45)
cust_0430,32,Urban,High,767,3662.43,17866.62,919.49,2809087,232,93,1128,24,3523.27,Weekly,UPI,12,32.4,5,288803,Dewasa Muda (25-45)
cust_0431,55,Suburban,High,463,11881.59,47304.03,3180.36,5501174,38,299,3652,21,270.99,Weekly,Wallet Balance,20,20.72,4,563385,Dewasa (45-65)
cust_0432,48,Rural,High,855,11647.44,34539.33,5126.76,9958563,83,252,2082,38,714.46,Daily,UPI,7,29.06,4,1007463,Dewasa (45-65)
cust_0433,24,Rural,Middle,214,10563.6,35937.82,5197.33,2260610,32,163,4434,49,2228.89,Monthly,Wallet Balance,5,59.97,1,239714,Remaja (<25)
cust_0434,58,Suburban,High,585,9621.45,15097.16,1161.92,5628546,54,158,4815,26,3662.86,Monthly,Wallet Balance,8,41.42,1,574253,Dewasa (45-65)
cust_0435,69,Urban,Middle,943,1792.52,7623.32,595.29,1690344,225,67,1176,32,829.66,Weekly,Wallet Balance,19,30.77,10,184171,Senior (>65)
cust_0436,63,Suburban,Middle,616,2052.24,7012.88,632.14,1264181,313,138,505,7,3754.11,Monthly,UPI,12,35.49,2,128251,Dewasa (45-65)
cust_0437,54,Urban,Low,158,18046.61,87766.46,4519.9,2851364,107,312,224,29,2779.18,Daily,Debit Card,18,20.5,2,289094,Dewasa (45-65)
cust_0438,44,Urban,Low,272,12607.43,62002.49,5555.22,3429220,25,290,3838,47,3872.72,Weekly,Wallet Balance,8,15.91,1,354361,Dewasa Muda (25-45)
cust_0439,57,Urban,Low,827,5253.72,12705.32,1735.29,4344827,45,65,4052,25,2788.19,Daily,Credit Card,19,16.08,10,453692,Dewasa (45-65)
cust_0440,41,Urban,Middle,238,5593.21,27709.81,1259.85,1331185,118,262,179,14,3012.62,Monthly,Debit Card,17,57.7,8,141370,Dewasa Muda (25-45)
cust_0441,50,Suburban,Low,303,12207.79,58931.1,3389.39,3698961,294,198,4514,35,1243.74,Monthly,UPI,17,14.73,3,384802,Dewasa (45-65)
cust_0442,65,Rural,Low,884,8144.63,28989.41,1976.88,7199853,125,171,1328,44,3600.95,Monthly,Debit Card,20,65.69,8,733240,Dewasa (45-65)
cust_0443,40,Rural,Low,670,8832.07,20612.8,2402.63,5917487,36,16,4751,11,4220.07,Weekly,Credit Card,19,32.9,5,605240,Dewasa Muda (25-45)
cust_0444,39,Rural,High,621,1222.39,4905.91,157.09,759106,344,191,741,40,4356.45,Monthly,Debit Card,10,38.88,3,82214,Dewasa Muda (25-45)
cust_0445,28,Rural,Middle,521,2783.4,5803.24,402.94,1450149,167,25,4409,44,147.27,Weekly,Debit Card,7,44.38,6,164159,Dewasa Muda (25-45)
cust_0446,22,Rural,Low,321,7873.08,27708.31,2751.46,2527257,269,250,3889,42,3122.99,Weekly,Debit Card,1,22.74,2,265142,Remaja (<25)
cust_0447,51,Rural,High,59,13996.73,15372.98,5229.56,825807,194,27,307,11,4947.69,Weekly,Debit Card,16,64.58,1,82820,Dewasa (45-65)
cust_0448,60,Suburban,High,358,970.03,3409.0,344.02,347269,124,170,1266,3,2934.58,Weekly,Debit Card,9,44.19,9,45091,Dewasa (45-65)
cust_0449,35,Urban,High,704,6697.81,32192.58,2714.15,4715258,271,117,1268,2,856.35,Weekly,UPI,14,64.86,3,476833,Dewasa Muda (25-45)
cust_0450,16,Rural,Low,648,13904.49,26982.66,6638.19,9010108,58,55,3680,36,4388.04,Weekly,Credit Card,0,37.03,7,916776,Remaja (<25)
cust_0451,23,Suburban,High,251,15843.1,65158.18,7038.25,3976616,59,363,3028,37,1321.53,Monthly,UPI,1,3.77,9,415756,Remaja (<25)
cust_0452,61,Rural,Middle,891,3812.51,8287.23,1019.48,3396948,308,26,4047,31,225.07,Weekly,Debit Card,6,3.21,4,354776,Dewasa (45-65)
cust_0453,31,Rural,High,436,14632.43,56062.67,2736.52,6379738,217,272,1053,25,2152.59,Daily,Wallet Balance,4,22.85,9,650503,Dewasa Muda (25-45)
cust_0454,29,Urban,High,146,19108.68,72610.87,4294.5,2789867,69,365,1643,3,501.36,Daily,Debit Card,12,61.16,4,286322,Dewasa Muda (25-45)
cust_0455,27,Urban,High,859,18137.17,31539.66,6077.71,15579833,244,108,2028,0,576.21,Daily,Debit Card,4,19.92,2,1563751,Dewasa Muda (25-45)
cust_0456,66,Urban,High,978,15789.63,53503.34,6986.65,15442255,103,90,2773,4,2316.45,Monthly,Credit Card,20,35.4,6,1555013,Senior (>65)
cust_0457,38,Rural,Middle,352,14249.41,63220.01,5424.6,5015792,5,357,2025,1,3063.42,Weekly,UPI,10,15.31,9,513197,Dewasa Muda (25-45)
cust_0458,30,Rural,Low,570,4710.41,11917.97,1494.17,2684936,299,122,2030,45,4526.96,Monthly,UPI,9,54.25,3,277790,Dewasa Muda (25-45)
cust_0459,43,Rural,Middle,689,12681.73,48711.87,4321.32,8737708,264,345,3008,10,3526.26,Monthly,Wallet Balance,11,48.55,2,881023,Dewasa Muda (25-45)
cust_0460,49,Urban,Middle,800,12869.05,47586.13,4006.19,10295237,241,243,2663,8,4213.02,Weekly,Wallet Balance,1,65.08,5,1038543,Dewasa (45-65)
cust_0461,17,Suburban,Low,245,8142.36,16529.44,3978.77,1994877,334,269,2008,7,2058.92,Monthly,Wallet Balance,11,26.21,7,210174,Remaja (<25)
cust_0462,47,Rural,High,560,9865.38,46116.45,4206.96,5524612,349,252,4593,38,1592.96,Weekly,Debit Card,6,70.93,6,570650,Dewasa (45-65)
cust_0463,38,Rural,Low,301,13883.63,45178.0,5727.15,4178972,222,75,1662,14,2964.2,Weekly,UPI,18,63.31,4,425139,Dewasa Muda (25-45)
cust_0464,37,Rural,Low,438,19042.51,46105.17,5844.75,8340619,319,112,3414,8,3477.5,Weekly,Wallet Balance,18,32.84,9,848951,Dewasa Muda (25-45)
cust_0465,66,Suburban,Middle,868,5913.17,9800.69,1376.14,5132632,229,151,32,41,2841.25,Daily,Credit Card,1,62.08,1,517006,Senior (>65)
cust_0466,40,Rural,Low,100,4934.8,14280.49,532.0,493479,32,270,2281,49,1322.61,Weekly,UPI,12,31.16,10,68148,Dewasa Muda (25-45)
cust_0467,37,Suburban,High,725,12040.12,47202.73,1413.17,8729086,353,98,529,29,1848.62,Weekly,Debit Card,4,56.91,1,876942,Dewasa Muda (25-45)
cust_0468,37,Rural,Middle,814,2624.67,9172.08,294.21,2136484,24,360,4982,28,2241.52,Monthly,UPI,15,26.57,7,232291,Dewasa Muda (25-45)
cust_0469,64,Suburban,High,480,11654.83,45549.53,5736.4,5594319,306,255,4914,50,70.76,Daily,UPI,18,19.13,5,579224,Dewasa (45-65)
cust_0470,67,Rural,Middle,415,1786.14,7442.93,260.41,741248,187,168,4523,24,4399.19,Monthly,UPI,1,53.37,4,87371,Senior (>65)
cust_0471,57,Urban,High,165,9816.77,27133.74,1539.74,1619767,128,250,1289,21,2557.05,Monthly,UPI,11,69.49,5,170376,Dewasa (45-65)
cust_0472,21,Urban,Low,912,12412.08,38237.47,3644.93,11319820,112,320,1318,33,3755.15,Daily,Wallet Balance,19,52.58,3,1139040,Remaja (<25)
cust_0473,30,Urban,Low,942,1411.49,6980.8,412.95,1329625,294,246,1463,21,859.56,Monthly,Credit Card,0,70.33,1,138558,Dewasa Muda (25-45)
cust_0474,69,Urban,Low,638,4146.99,20205.0,1940.75,2645781,149,213,1584,45,2783.22,Monthly,Debit Card,8,66.36,9,279854,Senior (>65)
cust_0475,58,Rural,High,302,6714.13,17854.68,868.9,2027667,151,276,569,29,4630.66,Weekly,UPI,1,31.27,5,209489,Dewasa (45-65)
cust_0476,52,Urban,Middle,974,7378.29,27600.1,3562.94,7186452,174,334,150,9,1071.38,Daily,UPI,1,36.86,10,729309,Dewasa (45-65)
cust_0477,48,Suburban,Middle,121,13525.33,28002.32,2523.23,1636565,197,280,4973,4,1729.28,Daily,Wallet Balance,20,14.52,6,179137,Dewasa (45-65)
cust_0478,23,Urban,Middle,88,10585.14,17050.43,5166.2,931492,255,46,344,4,1941.62,Daily,Wallet Balance,18,32.18,8,101266,Remaja (<25)
cust_0479,68,Urban,Low,217,7648.35,31156.35,2420.93,1659691,168,18,1659,1,1916.52,Monthly,UPI,13,55.47,10,178428,Senior (>65)
cust_0480,59,Urban,High,573,9019.02,24754.68,3254.11,5167897,82,246,933,29,3003.11,Monthly,Credit Card,16,38.1,6,526054,Dewasa (45-65)
cust_0481,59,Rural,Middle,814,269.4,460.2,60.96,219294,70,350,4716,21,1968.85,Daily,Debit Card,4,70.11,10,42477,Dewasa (45-65)
cust_0482,20,Urban,High,179,15412.8,62196.69,5313.25,2758891,325,220,4245,12,3370.27,Monthly,Wallet Balance,20,9.16,3,286893,Remaja (<25)
cust_0483,54,Suburban,Middle,702,829.68,3866.89,318.87,582437,13,176,4840,38,2422.8,Daily,Wallet Balance,7,37.05,8,78512,Dewasa (45-65)
cust_0484,19,Urban,Low,163,16588.06,78512.83,1727.61,2703853,119,234,4362,24,788.13,Monthly,Credit Card,19,38.78,2,283115,Remaja (<25)
cust_0485,21,Urban,High,593,10824.52,36644.63,1230.65,6418940,212,149,4242,26,4742.84,Daily,Wallet Balance,12,11.57,7,657606,Remaja (<25)
cust_0486,60,Urban,Middle,170,10561.11,30823.27,5223.43,1795387,102,98,4998,46,1197.58,Daily,Debit Card,18,57.59,6,199536,Dewasa (45-65)
cust_0487,47,Suburban,Middle,301,14094.53,22092.7,3989.07,4242452,277,5,1508,26,2812.35,Monthly,UPI,0,59.09,2,430455,Dewasa (45-65)
cust_0488,67,Urban,Middle,374,17192.6,71713.05,8154.91,6430030,196,159,3575,20,303.47,Daily,Debit Card,17,64.71,4,656001,Senior (>65)
cust_0489,45,Suburban,Middle,708,18853.5,90144.08,7389.8,13348275,77,87,2551,30,4593.11,Daily,Debit Card,2,67.53,3,1343632,Dewasa Muda (25-45)
cust_0490,62,Suburban,Low,203,10871.96,49552.69,2709.16,2207008,338,231,1011,14,4639.98,Weekly,Debit Card,13,54.07,1,222802,Dewasa (45-65)
cust_0491,50,Urban,Middle,47,3021.66,12108.19,484.48,142017,333,120,4166,37,1822.72,Daily,UPI,4,60.76,3,28322,Dewasa (45-65)
cust_0492,55,Suburban,Middle,463,17573.83,17895.0,8633.33,8136684,205,172,2308,38,604.9,Daily,Credit Card,9,6.18,7,828781,Dewasa (45-65)
cust_0493,67,Rural,Low,670,823.03,2165.4,274.73,551432,229,64,4791,35,3849.92,Weekly,UPI,3,28.25,6,72300,Senior (>65)
cust_0494,31,Urban,Middle,408,16148.67,42678.62,2857.39,6588657,189,94,860,35,1311.26,Daily,Wallet Balance,11,21.23,3,666430,Dewasa Muda (25-45)
cust_0495,28,Urban,High,194,13611.63,62306.86,5072.53,2640655,99,170,1434,0,3503.08,Daily,Credit Card,18,57.36,2,267182,Dewasa Muda (25-45)
cust_0496,65,Suburban,High,427,18095.5,22847.44,2475.82,7726780,218,235,1439,10,4575.74,Weekly,Credit Card,3,22.91,6,780268,Dewasa (45-65)
cust_0497,57,Suburban,Middle,930,17950.29,56092.68,8027.64,16693768,194,121,3416,4,2951.19,Monthly,Wallet Balance,10,36.57,7,1682133,Dewasa (45-65)
cust_0498,45,Urban,Low,791,1072.55,1656.59,145.93,848387,43,100,3953,33,4306.19,Daily,Wallet Balance,6,31.09,2,95891,Dewasa Muda (25-45)
cust_0499,34,Rural,Low,317,12192.83,44493.79,2371.23,3865128,124,135,4578,36,1123.24,Monthly,Credit Card,4,54.85,7,405707,Dewasa Muda (25-45)
cust_0500,32,Suburban,Low,479,2502.18,10431.65,341.73,1198545,20,315,1461,4,4552.15,Daily,Wallet Balance,20,41.95,3,123900,Dewasa Muda (25-45)
cust_0501,34,Suburban,Middle,421,1578.59,5632.14,223.39,664585,311,69,161,19,1133.22,Daily,Credit Card,3,29.02,6,74113,Dewasa Muda (25-45)
cust_0502,43,Rural,Middle,269,8971.06,37484.14,2776.85,2413215,330,198,638,44,1129.0,Monthly,Wallet Balance,14,10.3,5,251433,Dewasa Muda (25-45)
cust_0503,41,Rural,High,481,1960.97,6726.11,734.97,943228,328,305,1057,43,4399.34,Weekly,Credit Card,16,12.59,1,99537,Dewasa Muda (25-45)
cust_0504,52,Urban,Low,711,14560.77,25617.58,6048.44,10352706,168,206,1453,41,2774.52,Weekly,UPI,19,52.23,9,1049889,Dewasa (45-65)
cust_0505,41,Rural,Middle,736,19379.12,49041.86,7325.74,14263035,46,11,4826,12,3997.21,Daily,UPI,15,3.38,4,1439156,Dewasa Muda (25-45)
cust_0506,68,Urban,Middle,263,11395.96,55013.73,2796.52,2997138,223,357,2784,8,4012.44,Weekly,Wallet Balance,15,32.13,5,309075,Senior (>65)
cust_0507,38,Rural,Middle,426,4711.03,10141.42,1521.26,2006896,79,130,3367,4,3234.81,Daily,Wallet Balance,9,52.82,3,209206,Dewasa Muda (25-45)
cust_0508,24,Suburban,Low,166,16865.7,21106.57,7944.85,2799705,170,223,4267,37,945.37,Daily,Credit Card,15,26.9,7,298731,Remaja (<25)
cust_0509,27,Urban,Low,692,17063.54,43329.78,4351.72,11807967,246,110,3235,31,3460.47,Monthly,Debit Card,13,47.2,10,1198636,Dewasa Muda (25-45)
cust_0510,68,Urban,High,428,14658.39,36136.28,2945.78,6273791,271,27,4294,29,318.17,Monthly,Wallet Balance,14,55.6,4,642708,Senior (>65)
cust_0511,16,Urban,Low,704,12306.49,35457.9,3787.05,8663770,99,320,2097,48,1003.34,Weekly,UPI,9,63.48,4,878869,Remaja (<25)
cust_0512,16,Rural,Middle,397,17357.17,56258.3,3800.08,6890796,322,194,1465,27,3214.56,Monthly,Wallet Balance,1,16.93,9,702102,Remaja (<25)
cust_0513,62,Suburban,High,216,3274.2,16271.77,670.32,707227,141,346,4425,36,4539.05,Daily,Credit Card,0,51.0,3,83903,Dewasa (45-65)
cust_0514,49,Urban,Low,796,18632.69,74995.37,7667.75,14831618,109,16,4389,27,3858.46,Weekly,Credit Card,8,40.67,5,1497710,Dewasa (45-65)
cust_0515,47,Urban,Low,864,18944.59,21664.33,8645.07,16368126,313,73,2327,42,1662.29,Monthly,Wallet Balance,1,33.59,3,1647835,Dewasa (45-65)
cust_0516,69,Urban,Low,107,17441.13,67163.15,5248.5,1866200,137,116,4459,5,4118.51,Weekly,Wallet Balance,6,30.71,2,195978,Senior (>65)
cust_0517,63,Urban,Low,978,5020.73,21573.73,2068.11,4910277,121,201,4041,40,4832.99,Weekly,Debit Card,19,62.97,6,506693,Dewasa (45-65)
cust_0518,40,Suburban,Middle,98,17164.99,78658.94,3001.05,1682168,99,133,2618,43,1659.75,Daily,Debit Card,8,13.73,8,184922,Dewasa Muda (25-45)
cust_0519,55,Rural,Low,880,9957.79,26846.44,3177.1,8762853,66,164,4249,28,934.13,Weekly,Credit Card,12,56.27,5,892116,Dewasa (45-65)
cust_0520,60,Suburban,Middle,482,11902.66,26834.56,4219.25,5737079,144,7,1754,3,987.57,Daily,Debit Card,11,6.43,2,579022,Dewasa (45-65)
cust_0521,68,Urban,Middle,499,16813.61,73261.91,4981.29,8389989,110,61,697,17,2001.62,Daily,UPI,5,39.9,5,846092,Senior (>65)
cust_0522,16,Suburban,Middle,230,601.36,2471.87,88.25,138313,130,352,3957,14,261.62,Weekly,Wallet Balance,6,12.36,10,33014,Remaja (<25)
cust_0523,31,Urban,High,257,7265.22,22843.09,2859.88,1867162,328,120,4367,24,2438.79,Monthly,Wallet Balance,18,33.63,6,202630,Dewasa Muda (25-45)
cust_0524,54,Rural,Middle,43,16315.71,24009.08,7107.63,701575,257,31,2490,3,3661.49,Monthly,Credit Card,14,35.25,1,74606,Dewasa (45-65)
cust_0525,20,Rural,Low,242,16280.96,58726.15,5764.93,3939991,210,48,512,13,2652.3,Weekly,Wallet Balance,5,52.98,3,397996,Remaja (<25)
cust_0526,37,Rural,High,554,16975.27,21434.17,2846.15,9404300,246,91,808,49,4850.25,Daily,UPI,16,15.84,7,951520,Dewasa Muda (25-45)
cust_0527,44,Urban,Low,95,3392.63,4754.65,440.43,322299,361,6,1038,16,2308.5,Daily,Credit Card,4,21.95,9,43751,Dewasa Muda (25-45)
cust_0528,18,Suburban,Middle,946,14120.67,32824.37,3115.61,13358157,154,285,543,33,66.29,Weekly,Wallet Balance,9,36.57,8,1348168,Remaja (<25)
cust_0529,27,Rural,Low,766,2938.6,7301.55,337.34,2250968,133,84,3776,18,2350.62,Weekly,UPI,14,54.71,4,237273,Dewasa Muda (25-45)
cust_0530,41,Urban,High,188,15704.11,44723.67,6842.09,2952372,21,139,2301,28,4649.41,Monthly,Credit Card,4,39.66,6,306314,Dewasa Muda (25-45)
cust_0531,31,Urban,High,385,4910.07,11570.93,1871.84,1890376,35,275,4841,21,479.31,Daily,UPI,17,57.38,10,210579,Dewasa Muda (25-45)
cust_0532,66,Suburban,Low,819,14758.98,16753.69,4803.68,12087601,360,330,709,13,1114.84,Daily,Wallet Balance,5,47.48,9,1219920,Senior (>65)
cust_0533,52,Rural,Low,400,9105.48,14838.87,4150.76,3642192,310,133,1313,35,3577.8,Weekly,Debit Card,10,66.26,7,375556,Dewasa (45-65)
cust_0534,37,Urban,Low,506,19725.41,28807.93,2841.2,9981055,224,103,4401,1,1470.5,Daily,Credit Card,2,48.48,10,1016272,Dewasa Muda (25-45)
cust_0535,44,Suburban,High,167,11602.08,31612.58,4475.89,1937546,124,326,4267,44,3826.2,Weekly,Wallet Balance,3,25.6,2,206775,Dewasa Muda (25-45)
cust_0536,29,Rural,Middle,783,12655.26,23393.45,2007.79,9909069,240,95,4423,6,2096.62,Daily,Credit Card,2,8.16,6,1005304,Dewasa Muda (25-45)
cust_0537,43,Suburban,Low,125,7369.59,16022.82,916.56,921198,364,18,4248,27,3980.34,Monthly,Credit Card,0,51.01,8,109325,Dewasa Muda (25-45)
cust_0538,20,Suburban,Middle,673,14693.06,42408.13,2250.42,9888428,300,21,2755,7,2757.66,Daily,Credit Card,16,70.76,1,994673,Remaja (<25)
cust_0539,62,Urban,High,87,9902.76,19233.62,4757.05,861540,341,6,4702,28,412.34,Weekly,UPI,20,35.62,1,99151,Dewasa (45-65)
cust_0540,64,Urban,Low,821,371.15,736.26,102.5,304715,4,24,1772,9,1930.68,Weekly,Credit Card,13,10.59,1,34950,Dewasa (45-65)
cust_0541,45,Urban,Low,489,12175.55,52751.49,1456.17,5953842,123,225,1439,20,1666.24,Daily,Debit Card,4,23.74,4,603429,Dewasa Muda (25-45)
cust_0542,61,Suburban,High,226,16610.89,53027.72,5538.96,3754060,42,60,4406,34,4050.41,Monthly,Wallet Balance,13,30.13,2,387592,Dewasa (45-65)
cust_0543,67,Urban,Low,657,4743.67,21000.39,853.32,3116589,169,284,3315,3,3124.39,Monthly,UPI,3,10.76,7,324026,Senior (>65)
cust_0544,20,Suburban,Middle,345,4429.06,13544.54,455.02,1528027,280,220,408,20,3887.0,Monthly,Credit Card,5,24.58,4,157675,Remaja (<25)
cust_0545,27,Suburban,High,760,12181.63,56486.93,4913.51,9258042,225,330,4814,37,1860.75,Weekly,Credit Card,8,57.72,7,945201,Dewasa Muda (25-45)
cust_0546,31,Urban,High,874,16361.41,33033.16,2649.65,14299868,185,279,4722,24,3458.72,Weekly,Wallet Balance,19,23.51,10,1450101,Dewasa Muda (25-45)
cust_0547,41,Rural,Low,518,4999.91,17333.09,2384.93,2589953,323,335,4333,19,326.17,Monthly,UPI,13,71.9,2,271398,Dewasa Muda (25-45)
cust_0548,41,Rural,High,31,18645.93,56178.83,6285.92,578023,11,46,2453,6,183.62,Daily,UPI,9,21.65,3,66216,Dewasa Muda (25-45)
cust_0549,63,Rural,Low,709,18548.47,86709.73,2500.3,13150867,173,293,1582,6,1437.34,Daily,Credit Card,12,8.04,1,1319132,Dewasa (45-65)
cust_0550,36,Suburban,Low,744,4018.73,10745.75,752.02,2989933,96,142,1221,31,3868.5,Daily,UPI,13,56.96,9,311601,Dewasa Muda (25-45)
cust_0551,54,Suburban,High,296,5283.05,23347.36,1819.15,1563782,278,304,562,31,2670.44,Daily,Debit Card,19,9.59,6,165267,Dewasa (45-65)
cust_0552,51,Suburban,Low,414,14014.97,45627.36,3296.95,5802197,139,78,3777,21,2044.11,Weekly,Credit Card,3,4.38,10,598851,Dewasa (45-65)
cust_0553,48,Urban,Middle,837,19035.14,72984.02,5955.28,15932416,166,199,4182,48,4483.17,Monthly,Credit Card,18,29.12,10,1614164,Dewasa (45-65)
cust_0554,45,Suburban,Middle,972,14200.55,64578.05,5961.46,13802939,187,115,1755,24,2486.81,Monthly,UPI,6,65.02,7,1391960,Dewasa Muda (25-45)
cust_0555,52,Urban,Low,135,8903.55,44407.58,3713.14,1201979,86,36,2837,5,3066.95,Daily,Debit Card,19,41.5,4,128838,Dewasa (45-65)
cust_0556,38,Urban,Middle,525,3388.34,13297.73,1284.84,1778876,231,60,744,50,4929.14,Monthly,Debit Card,9,66.16,4,185911,Dewasa Muda (25-45)
cust_0557,25,Rural,Low,4,9225.59,20832.19,4192.31,36902,138,245,369,26,2611.96,Weekly,Credit Card,19,63.01,10,15722,Remaja (<25)
cust_0558,69,Rural,Middle,178,12139.29,26658.46,2181.97,2160793,19,79,2091,17,3917.51,Daily,Debit Card,10,6.39,10,230002,Senior (>65)
cust_0559,20,Rural,High,746,6625.73,14817.88,1132.31,4942793,338,191,1320,11,2069.13,Monthly,Debit Card,6,4.96,8,504984,Remaja (<25)
cust_0560,51,Urban,Low,259,10210.05,14208.65,4285.57,2644403,156,97,465,27,181.7,Weekly,Debit Card,11,22.14,1,268979,Dewasa (45-65)
cust_0561,49,Urban,Low,652,2612.98,3173.19,596.69,1703663,95,304,3493,18,4172.36,Monthly,Credit Card,17,63.7,7,184066,Dewasa (45-65)
cust_0562,67,Urban,Low,65,9049.24,30073.99,2758.87,588200,17,150,472,42,4722.02,Weekly,Wallet Balance,7,36.85,4,65603,Senior (>65)
cust_0563,46,Suburban,Low,795,1824.61,7740.64,725.43,1450563,280,43,1296,16,2171.91,Monthly,Credit Card,15,69.01,4,152162,Dewasa (45-65)
cust_0564,25,Urban,Low,363,991.28,1134.56,256.12,359836,261,297,4268,34,2518.18,Monthly,Wallet Balance,14,22.2,8,54660,Remaja (<25)
cust_0565,34,Rural,Low,818,17146.23,56008.78,2607.34,14025612,160,319,235,14,2120.69,Weekly,Debit Card,0,32.69,6,1409370,Dewasa Muda (25-45)
cust_0566,47,Rural,High,717,4109.58,10220.71,1527.87,2946569,309,218,3463,4,4984.53,Monthly,Debit Card,14,2.84,5,304490,Dewasa (45-65)
cust_0567,16,Urban,High,17,11507.36,52587.93,4912.07,195625,81,207,1678,35,4516.81,Daily,Credit Card,9,63.03,9,33160,Remaja (<25)
cust_0568,20,Urban,Middle,200,2988.17,4725.93,314.11,597633,185,146,4328,32,205.51,Monthly,Credit Card,8,12.36,2,73516,Remaja (<25)
cust_0569,60,Rural,Low,544,5257.93,17107.86,1708.94,2860311,213,328,265,20,3895.09,Monthly,UPI,14,71.04,7,293613,Dewasa (45-65)
cust_0570,19,Urban,Middle,212,7233.18,35324.53,2081.43,1533433,342,259,2404,34,3004.18,Weekly,UPI,16,22.62,2,162049,Remaja (<25)
cust_0571,31,Rural,Middle,435,2882.09,6859.76,587.48,1253710,359,54,138,41,125.71,Daily,Debit Card,15,68.11,5,134684,Dewasa Muda (25-45)
cust_0572,39,Suburban,High,273,928.79,3684.6,152.7,253558,167,119,4642,26,2223.56,Monthly,Credit Card,20,48.59,3,39128,Dewasa Muda (25-45)
cust_0573,31,Rural,Middle,290,17544.42,79472.81,3074.05,5087883,206,243,1365,44,748.56,Monthly,Credit Card,9,41.82,9,524544,Dewasa Muda (25-45)
cust_0574,17,Suburban,High,803,246.54,430.17,96.15,197970,336,142,1952,29,4365.24,Monthly,Credit Card,15,9.54,6,30418,Remaja (<25)
cust_0575,64,Urban,Middle,483,1235.81,6142.09,388.63,596894,261,290,72,38,63.49,Monthly,Debit Card,4,8.39,6,69601,Dewasa (45-65)
cust_0576,43,Urban,Low,998,16103.39,68238.88,7930.3,16071185,274,127,162,45,4365.53,Weekly,UPI,0,19.88,3,1612759,Dewasa Muda (25-45)
cust_0577,47,Suburban,Middle,234,5647.35,8754.84,1114.18,1321479,236,225,222,29,4704.2,Monthly,Credit Card,3,26.38,9,142139,Dewasa (45-65)
cust_0578,42,Urban,High,408,14459.18,32439.73,6980.34,5899344,243,229,184,44,364.92,Weekly,Credit Card,7,44.8,7,601519,Dewasa Muda (25-45)
cust_0579,35,Suburban,High,694,2933.05,10265.33,897.64,2035538,220,241,94,20,3599.19,Daily,Wallet Balance,1,12.92,5,208942,Dewasa Muda (25-45)
cust_0580,39,Urban,High,146,4753.26,21578.25,752.97,693976,365,257,3872,25,2744.46,Weekly,UPI,1,50.17,10,88269,Dewasa Muda (25-45)
cust_0581,27,Rural,Middle,562,11459.8,20390.91,1825.22,6440409,347,245,683,23,4771.38,Daily,Credit Card,7,4.98,7,652321,Dewasa Muda (25-45)
cust_0582,65,Urban,Middle,430,19772.83,77604.85,6790.53,8502317,70,176,3380,21,3990.75,Daily,Credit Card,11,62.42,10,867096,Dewasa (45-65)
cust_0583,50,Rural,High,432,1478.15,3078.39,639.4,638562,213,355,975,36,3472.07,Daily,Wallet Balance,12,63.27,2,69670,Dewasa (45-65)
cust_0584,48,Rural,Low,615,8017.09,33845.46,3199.5,4930508,337,10,3219,42,4627.55,Monthly,UPI,18,64.63,6,507375,Dewasa (45-65)
cust_0585,48,Suburban,Low,545,871.19,3252.82,315.59,474797,287,83,3693,25,801.75,Weekly,UPI,4,31.15,5,61964,Dewasa (45-65)
cust_0586,66,Urban,Middle,497,3992.54,12343.47,674.11,1984290,226,139,2544,21,1879.8,Daily,Credit Card,17,10.25,6,210677,Senior (>65)
cust_0587,58,Suburban,Middle,983,18150.35,65331.51,2601.6,17841789,269,119,3232,45,4214.71,Weekly,Credit Card,17,37.18,8,1801035,Dewasa (45-65)
cust_0588,52,Urban,High,89,1938.24,8733.27,194.02,172503,279,127,60,32,507.93,Daily,Credit Card,2,54.85,3,23316,Dewasa (45-65)
cust_0589,27,Rural,Middle,997,17138.55,43629.67,2411.69,17087134,249,99,1460,23,4677.24,Daily,Wallet Balance,6,20.1,10,1721594,Dewasa Muda (25-45)
cust_0590,18,Rural,Middle,411,3564.29,14531.6,1449.05,1464921,321,66,481,4,3725.78,Daily,Wallet Balance,4,48.36,8,153991,Remaja (<25)
cust_0591,16,Urban,High,897,17237.08,28193.34,7896.3,15461659,196,259,4210,23,2196.66,Monthly,Wallet Balance,0,2.33,9,1564787,Remaja (<25)
cust_0592,48,Urban,High,853,10765.06,40958.28,2111.46,9182595,30,143,4078,34,1693.61,Weekly,Wallet Balance,17,58.7,5,933968,Dewasa (45-65)
cust_0593,55,Suburban,Middle,827,17565.35,70307.59,7341.57,14526545,303,59,4649,21,738.03,Monthly,Wallet Balance,6,16.46,5,1468683,Dewasa (45-65)
cust_0594,25,Urban,Low,241,3042.56,8433.94,546.26,733255,131,244,3651,32,468.37,Weekly,UPI,2,65.78,7,90593,Remaja (<25)
cust_0595,58,Urban,Middle,778,15243.11,63632.19,3044.18,11859140,12,361,1174,16,2117.97,Daily,Credit Card,18,39.51,4,1192803,Dewasa (45-65)
cust_0596,59,Urban,Low,223,13617.16,43961.84,2582.68,3036627,16,192,2595,11,4215.49,Weekly,UPI,8,27.66,3,310845,Dewasa (45-65)
cust_0597,44,Suburban,Low,748,10863.24,51547.13,1311.11,8125702,117,348,4235,29,2659.25,Weekly,Wallet Balance,2,53.35,3,825610,Dewasa Muda (25-45)
cust_0598,28,Urban,Low,665,16213.64,23507.6,2879.94,10782071,149,130,3806,25,2255.74,Weekly,Credit Card,2,23.23,9,1096191,Dewasa Muda (25-45)
cust_0599,27,Rural,High,468,12969.04,19755.55,3234.7,6069509,109,158,489,12,1595.21,Monthly,Debit Card,12,51.77,10,618331,Dewasa Muda (25-45)
cust_0600,46,Suburban,High,569,17542.17,76654.18,4599.34,9981493,236,166,1930,5,784.75,Daily,Credit Card,12,23.19,1,1003116,Dewasa (45-65)
cust_0601,61,Suburban,High,322,7627.43,33327.65,1706.92,2456033,314,261,896,2,4950.5,Weekly,Credit Card,18,61.16,9,254120,Dewasa (45-65)
cust_0602,17,Rural,Middle,375,11802.56,34049.21,3610.29,4425961,5,133,4300,10,128.66,Weekly,Credit Card,6,70.66,8,460131,Remaja (<25)
cust_0603,66,Rural,High,112,17413.31,84556.41,4374.21,1950290,180,12,2342,42,1559.08,Weekly,Debit Card,2,47.7,1,204133,Senior (>65)
cust_0604,65,Rural,High,527,4304.13,16000.86,2101.04,2268278,337,132,2908,9,3846.9,Daily,UPI,10,39.2,8,239620,Dewasa (45-65)
cust_0605,50,Urban,Middle,412,9719.97,47933.18,4110.97,4004627,1,153,2718,10,2602.79,Weekly,Credit Card,20,33.65,4,409597,Dewasa (45-65)
cust_0606,38,Rural,Middle,269,19215.23,60135.63,9077.1,5168896,8,282,5000,15,1569.27,Weekly,UPI,0,66.97,6,533605,Dewasa Muda (25-45)
cust_0607,32,Urban,Low,626,9477.3,17120.3,3060.89,5932789,144,55,3255,19,4963.7,Daily,UPI,1,32.08,8,607207,Dewasa Muda (25-45)
cust_0608,41,Suburban,Middle,252,5064.06,14065.8,1880.47,1276143,143,256,17,41,3095.85,Monthly,Debit Card,8,58.52,1,131200,Dewasa Muda (25-45)
cust_0609,23,Suburban,Middle,374,7028.01,34591.52,1171.36,2628477,275,126,3906,43,1475.78,Weekly,Debit Card,2,1.27,4,278221,Remaja (<25)
cust_0610,44,Rural,High,654,17702.83,43932.33,7100.86,11577651,153,46,4716,18,4239.77,Weekly,Credit Card,4,64.36,2,1168877,Dewasa Muda (25-45)
cust_0611,41,Urban,Low,626,19098.11,92206.94,3712.45,11955418,287,174,4738,8,750.82,Daily,Wallet Balance,3,28.46,1,1206442,Dewasa Muda (25-45)
cust_0612,25,Rural,Low,450,19002.65,79584.73,3008.75,8551193,130,299,4076,35,2317.87,Weekly,Wallet Balance,7,20.77,4,869612,Remaja (<25)
cust_0613,41,Rural,Middle,802,13981.86,38707.73,1632.29,11213450,121,21,541,14,4197.94,Daily,Wallet Balance,16,11.71,3,1124728,Dewasa Muda (25-45)
cust_0614,49,Urban,High,995,10196.94,32298.65,2945.82,10145957,59,255,197,22,4918.29,Monthly,Credit Card,5,6.08,9,1023730,Dewasa (45-65)
cust_0615,66,Rural,High,869,3661.95,12559.6,786.28,3182236,217,165,1265,20,1915.29,Daily,Wallet Balance,16,63.64,1,322795,Senior (>65)
cust_0616,56,Suburban,High,537,2473.19,9059.45,1223.46,1328101,31,268,4883,38,690.55,Weekly,Wallet Balance,19,24.55,6,152030,Dewasa (45-65)
cust_0617,22,Rural,High,368,1204.73,1574.34,240.87,443342,244,101,976,4,2834.65,Daily,Debit Card,16,70.04,4,49268,Remaja (<25)
cust_0618,19,Urban,Middle,822,364.12,1723.88,162.62,299307,140,149,608,50,4719.97,Daily,Debit Card,13,30.89,4,37786,Remaja (<25)
cust_0619,68,Urban,High,255,17563.55,59505.3,3979.47,4478706,213,141,464,21,3328.06,Daily,Credit Card,5,68.29,3,452234,Senior (>65)
cust_0620,65,Suburban,Low,463,16183.64,76461.15,6467.8,7493023,29,33,1027,30,3010.8,Daily,Wallet Balance,16,47.74,2,754850,Dewasa (45-65)
cust_0621,60,Urban,Low,268,11360.75,40076.11,4134.59,3044680,164,236,1261,14,1546.46,Monthly,Credit Card,3,11.94,4,311616,Dewasa (45-65)
cust_0622,26,Urban,Middle,126,19974.48,54411.72,6485.98,2516784,104,198,2599,27,3031.7,Daily,Wallet Balance,19,22.72,7,265060,Dewasa Muda (25-45)
cust_0623,44,Suburban,High,393,19061.51,62287.53,5084.28,7491173,63,235,2956,37,4423.39,Daily,UPI,13,67.81,7,763517,Dewasa Muda (25-45)
cust_0624,51,Rural,High,762,13105.63,56590.27,4828.66,9986488,15,332,2029,14,1877.63,Weekly,Credit Card,20,31.47,1,1004168,Dewasa (45-65)
cust_0625,40,Suburban,High,799,9296.85,21424.61,2444.25,7428179,286,120,3400,48,1210.27,Weekly,Debit Card,16,4.99,10,763812,Dewasa Muda (25-45)
cust_0626,36,Rural,High,334,3051.89,14727.95,974.29,1019332,179,158,1817,18,2404.79,Daily,Wallet Balance,13,25.16,3,109164,Dewasa Muda (25-45)
cust_0627,51,Suburban,Middle,989,10316.72,29545.24,3465.6,10203236,11,37,240,34,1880.94,Daily,Wallet Balance,2,63.21,4,1027263,Dewasa (45-65)
cust_0628,25,Rural,High,565,3163.3,15262.74,654.62,1787262,13,338,2856,17,2349.63,Monthly,UPI,7,71.83,3,187963,Remaja (<25)
cust_0629,52,Suburban,Middle,368,7975.04,36071.32,1881.27,2934815,215,144,3881,9,478.65,Weekly,UPI,12,3.11,6,307904,Dewasa (45-65)
cust_0630,24,Rural,High,555,18853.54,76746.1,2021.48,10463712,311,45,1761,14,1681.05,Monthly,UPI,13,34.44,7,1057452,Remaja (<25)
cust_0631,39,Suburban,High,678,6846.16,19646.78,3018.22,4641696,226,199,1182,49,4132.74,Daily,UPI,11,18.46,4,473367,Dewasa Muda (25-45)
cust_0632,50,Rural,Low,554,3064.22,10258.33,1233.02,1697576,63,238,2090,23,2001.61,Monthly,UPI,7,70.69,7,182236,Dewasa (45-65)
cust_0633,64,Suburban,Middle,892,11652.11,50711.35,2020.62,10393680,255,129,1940,46,4839.48,Monthly,UPI,10,28.26,6,1051428,Dewasa (45-65)
cust_0634,50,Urban,Low,456,12051.26,38277.49,2950.38,5495374,130,181,2922,50,3544.22,Weekly,Wallet Balance,19,67.29,1,559609,Dewasa (45-65)
cust_0635,63,Rural,Middle,688,3884.15,15353.09,1042.61,2672293,263,28,412,19,1830.18,Weekly,Debit Card,11,44.35,1,270038,Dewasa (45-65)
cust_0636,51,Suburban,High,67,3939.77,16399.81,920.93,263964,171,300,3223,36,1258.32,Weekly,Debit Card,0,64.32,4,39813,Dewasa (45-65)
cust_0637,33,Rural,High,66,19791.1,60409.98,8298.35,1306212,190,67,1103,10,3426.84,Weekly,Credit Card,19,68.39,7,139113,Dewasa Muda (25-45)
cust_0638,64,Rural,Middle,912,4873.19,15326.13,1901.36,4444348,284,242,3208,8,1512.23,Daily,Wallet Balance,1,8.45,4,454894,Dewasa (45-65)
cust_0639,54,Suburban,Low,595,16765.46,30032.62,6821.25,9975447,25,363,1409,4,4634.46,Weekly,Wallet Balance,18,15.32,7,1005445,Dewasa (45-65)
cust_0640,47,Rural,Middle,862,9411.77,18625.49,4344.96,8112948,160,244,164,10,581.68,Daily,Debit Card,3,19.84,6,818332,Dewasa (45-65)
cust_0641,39,Suburban,Middle,617,8705.43,40217.13,2942.96,5371253,217,167,4804,38,143.7,Weekly,Debit Card,11,39.0,4,554461,Dewasa Muda (25-45)
cust_0642,38,Urban,High,400,5906.3,25759.25,2042.48,2362519,176,266,4869,26,1105.13,Daily,Credit Card,0,18.13,10,258037,Dewasa Muda (25-45)
cust_0643,47,Rural,Low,287,15478.78,16105.52,6017.74,4442409,336,51,1071,1,3033.1,Monthly,UPI,9,67.3,8,452966,Dewasa (45-65)
cust_0644,52,Urban,Middle,886,17614.41,78869.41,6561.25,15606368,221,109,1150,19,4174.81,Weekly,Wallet Balance,0,13.84,1,1563749,Dewasa (45-65)
cust_0645,27,Rural,Low,186,5229.94,5757.85,2342.62,972768,280,335,367,20,850.64,Weekly,Debit Card,4,13.14,7,106585,Dewasa Muda (25-45)
cust_0646,64,Rural,Low,284,1910.98,5414.05,779.83,542719,81,134,2554,50,2923.61,Monthly,Wallet Balance,10,11.77,1,63918,Dewasa (45-65)
cust_0647,28,Rural,Middle,516,2747.02,3487.98,407.06,1417463,125,167,612,49,720.77,Weekly,Debit Card,1,31.96,6,153509,Dewasa Muda (25-45)
cust_0648,38,Suburban,Low,650,15858.14,77313.08,7474.63,10307792,170,80,76,29,2815.89,Daily,UPI,8,4.21,7,1039423,Dewasa Muda (25-45)
cust_0649,40,Urban,High,691,8722.18,42645.15,3255.46,6027026,70,338,2754,47,90.91,Monthly,UPI,11,49.28,6,618865,Dewasa Muda (25-45)
cust_0650,50,Rural,High,237,2646.97,9114.81,399.32,627332,78,99,3272,0,2789.04,Weekly,Wallet Balance,6,18.66,4,71882,Dewasa (45-65)
cust_0651,56,Suburban,High,18,6812.36,17499.73,2784.82,122622,90,153,4163,34,2608.88,Weekly,Debit Card,15,67.28,8,30683,Dewasa (45-65)
cust_0652,45,Rural,High,815,10289.57,31362.3,2504.12,8385997,348,289,1051,25,214.24,Daily,Wallet Balance,20,13.76,8,851094,Dewasa Muda (25-45)
cust_0653,32,Suburban,Low,928,17042.51,69008.5,7198.61,15815452,111,83,2983,31,3447.08,Weekly,UPI,6,6.6,2,1590887,Dewasa Muda (25-45)
cust_0654,64,Rural,High,414,12838.45,24300.25,6190.22,5315117,164,102,2104,8,2861.27,Daily,Wallet Balance,8,29.57,1,536089,Dewasa (45-65)
cust_0655,35,Urban,Middle,932,3528.9,9764.07,713.18,3288930,128,331,1226,48,3115.49,Weekly,Debit Card,7,18.41,8,342587,Dewasa Muda (25-45)
cust_0656,63,Urban,High,9,3182.47,12567.8,1409.72,28642,155,231,4662,39,2648.87,Monthly,UPI,8,62.71,7,21763,Dewasa (45-65)
cust_0657,40,Rural,Middle,420,8252.56,21304.56,3378.8,3466075,194,252,3154,20,3609.97,Daily,Wallet Balance,18,37.95,10,363110,Dewasa Muda (25-45)
cust_0658,37,Suburban,Middle,29,1513.11,1706.76,557.54,43880,173,358,1274,15,2625.02,Daily,Credit Card,16,34.85,2,9123,Dewasa Muda (25-45)
cust_0659,28,Rural,High,656,15113.99,45789.0,3838.47,9914776,300,321,2389,11,4611.35,Weekly,Wallet Balance,11,56.26,5,1000049,Dewasa Muda (25-45)
cust_0660,34,Suburban,High,348,8035.06,31735.64,1156.61,2796201,313,25,4534,35,4717.55,Daily,Wallet Balance,11,47.34,5,294829,Dewasa Muda (25-45)
cust_0661,64,Rural,Low,661,6867.05,33698.42,2015.88,4539116,21,57,871,36,3633.38,Daily,Debit Card,3,1.68,7,464437,Dewasa (45-65)
cust_0662,51,Suburban,Middle,576,10187.08,11696.64,1449.28,5867755,311,302,1961,26,4558.81,Monthly,UPI,8,49.67,2,593018,Dewasa (45-65)
cust_0663,27,Urban,High,879,14182.05,44810.76,4255.45,12466018,109,100,2180,6,4615.77,Daily,UPI,9,51.58,9,1258254,Dewasa Muda (25-45)
cust_0664,56,Rural,Low,450,11391.25,31892.69,4876.79,5126060,360,119,3940,29,1309.99,Monthly,Credit Card,16,13.38,9,531731,Dewasa (45-65)
cust_0665,34,Urban,High,380,16050.03,31615.27,8009.85,6099012,129,151,2476,23,4969.65,Daily,Wallet Balance,9,51.37,5,619668,Dewasa Muda (25-45)
cust_0666,27,Urban,High,699,12590.96,44711.13,2256.34,8801079,280,80,1567,49,1337.18,Monthly,Wallet Balance,11,71.56,2,889473,Dewasa Muda (25-45)
cust_0667,24,Rural,High,366,15761.53,26077.29,2886.62,5768718,27,331,2315,29,92.7,Monthly,Wallet Balance,16,21.88,7,591355,Remaja (<25)
cust_0668,22,Rural,Middle,227,13938.68,29765.48,5914.92,3164079,344,150,2154,19,4811.12,Monthly,UPI,5,3.74,4,324210,Remaja (<25)
cust_0669,43,Suburban,High,118,3870.53,15973.77,1113.25,456722,92,359,4161,45,1118.59,Monthly,UPI,3,61.38,3,60934,Dewasa Muda (25-45)
cust_0670,29,Suburban,Low,412,1056.57,3002.39,492.7,435304,295,126,1075,39,2920.6,Monthly,Wallet Balance,15,15.55,7,55120,Dewasa Muda (25-45)
cust_0671,46,Urban,High,951,18068.9,89887.05,7364.86,17183525,55,289,2035,44,4853.34,Weekly,Wallet Balance,16,56.27,7,1731395,Dewasa (45-65)
cust_0672,67,Suburban,High,356,18913.67,48151.23,7462.79,6733265,196,41,389,27,247.25,Daily,UPI,15,29.9,1,677680,Senior (>65)
cust_0673,34,Suburban,Low,254,14541.38,41487.19,2047.16,3693509,221,190,4824,3,1346.56,Weekly,Debit Card,3,65.17,7,385625,Dewasa Muda (25-45)
cust_0674,62,Rural,Low,543,14486.87,31886.06,1656.58,7866372,301,63,2734,11,3044.12,Daily,Credit Card,5,67.88,10,801683,Dewasa (45-65)
cust_0675,31,Suburban,Middle,673,5410.24,10523.86,1226.53,3641091,156,205,2956,2,3812.79,Daily,Credit Card,7,29.12,5,373314,Dewasa Muda (25-45)
cust_0676,68,Urban,Middle,727,10853.41,50893.0,2028.71,7890428,101,341,3862,36,4036.83,Monthly,Credit Card,8,70.64,7,805348,Senior (>65)
cust_0677,20,Suburban,Middle,444,19844.87,79286.34,7638.76,8811122,236,204,3564,3,4419.23,Daily,Debit Card,5,2.97,8,894330,Remaja (<25)
cust_0678,50,Urban,Middle,681,17124.31,39961.46,4799.83,11661655,285,179,4077,14,842.18,Weekly,Wallet Balance,13,41.4,10,1185298,Dewasa (45-65)
cust_0679,27,Rural,Low,81,6094.84,23164.21,1884.88,493682,69,346,2568,27,1850.19,Daily,UPI,12,53.45,7,63279,Dewasa Muda (25-45)
cust_0680,40,Urban,High,46,6027.91,29314.52,2564.85,277283,267,321,361,36,3571.27,Daily,Debit Card,17,31.37,10,40264,Dewasa Muda (25-45)
cust_0681,67,Suburban,High,49,9676.71,12542.87,2819.81,474158,138,105,58,8,3576.55,Weekly,Credit Card,16,47.77,2,48543,Senior (>65)
cust_0682,36,Rural,High,449,8097.93,16665.68,2574.9,3635969,248,313,4580,13,1540.27,Weekly,Wallet Balance,16,22.83,4,377286,Dewasa Muda (25-45)
cust_0683,51,Suburban,Middle,810,7429.35,13390.02,3246.09,6017773,103,86,1124,31,1521.12,Weekly,Credit Card,16,6.5,6,612364,Dewasa (45-65)
cust_0684,68,Rural,Low,407,12543.17,56182.52,3418.44,5105069,108,328,1780,47,1603.21,Monthly,Credit Card,14,60.28,9,526965,Senior (>65)
cust_0685,38,Rural,Low,880,239.73,411.57,31.94,210966,200,251,339,2,4460.4,Monthly,Debit Card,14,22.04,5,24744,Dewasa Muda (25-45)
cust_0686,31,Suburban,Low,283,15269.16,34085.41,4713.32,4321172,215,338,4581,46,4547.55,Daily,Wallet Balance,10,14.89,2,445605,Dewasa Muda (25-45)
cust_0687,54,Suburban,High,473,14803.66,47008.18,4911.04,7002130,155,4,2736,17,74.14,Daily,Debit Card,6,15.19,4,711348,Dewasa (45-65)
cust_0688,60,Rural,Middle,416,16608.21,57869.27,5060.83,6909015,87,321,1039,49,1625.08,Monthly,UPI,16,59.4,8,705067,Dewasa (45-65)
cust_0689,68,Rural,Low,979,16830.6,71239.47,3420.31,16477156,209,184,120,13,1960.18,Weekly,Debit Card,11,5.67,4,1652275,Senior (>65)
cust_0690,57,Suburban,Middle,600,11332.33,29796.02,2147.2,6799397,178,181,3813,24,4911.93,Weekly,UPI,18,36.35,8,695509,Dewasa (45-65)
cust_0691,54,Urban,Low,121,15603.68,48948.41,3868.19,1888045,74,300,744,38,4720.84,Weekly,UPI,18,14.8,4,195732,Dewasa (45-65)
cust_0692,29,Suburban,Middle,3,9852.98,47903.69,1640.44,29558,258,16,4481,25,3141.63,Monthly,UPI,6,47.28,8,20847,Dewasa Muda (25-45)
cust_0693,46,Rural,Low,316,19031.08,41667.54,6973.17,6013821,273,94,4543,5,229.03,Weekly,Wallet Balance,19,57.73,3,613853,Dewasa (45-65)
cust_0694,20,Suburban,Middle,460,3822.06,7614.99,1321.94,1758149,351,279,2951,25,956.09,Daily,Wallet Balance,8,40.88,4,187738,Remaja (<25)
cust_0695,50,Urban,Low,227,18313.19,70366.53,6463.79,4157093,336,156,3954,47,2171.03,Monthly,Credit Card,3,44.66,10,437231,Dewasa (45-65)
cust_0696,38,Suburban,Low,79,5178.02,21149.86,983.4,409063,24,357,1022,50,4795.18,Weekly,UPI,18,45.27,9,54552,Dewasa Muda (25-45)
cust_0697,44,Rural,Middle,657,2063.44,5486.93,409.82,1355680,313,16,4960,40,473.52,Daily,Wallet Balance,12,41.68,5,154251,Dewasa Muda (25-45)
cust_0698,58,Suburban,Middle,754,8787.7,16274.08,3646.51,6625924,71,41,3361,0,3956.76,Daily,Debit Card,14,16.55,3,670336,Dewasa (45-65)
cust_0699,26,Rural,High,544,12302.2,50632.03,4626.18,6692394,83,137,1775,49,955.96,Weekly,Debit Card,8,47.4,3,680211,Dewasa Muda (25-45)
cust_0700,33,Rural,Middle,775,4627.49,17038.28,2082.7,3586302,353,258,1908,20,2539.26,Monthly,Wallet Balance,9,55.97,4,367176,Dewasa Muda (25-45)
cust_0701,62,Suburban,Low,723,11120.37,50096.27,2906.89,8040025,292,43,3032,13,3834.85,Monthly,Wallet Balance,7,59.51,2,811449,Dewasa (45-65)
cust_0702,27,Rural,Low,71,16159.79,70736.34,5153.86,1147344,301,66,2655,45,3462.48,Weekly,Credit Card,6,6.64,7,129813,Dewasa Muda (25-45)
cust_0703,24,Rural,Middle,896,5149.13,9375.43,2036.54,4613619,10,352,587,7,3878.74,Monthly,Credit Card,6,29.24,7,468296,Remaja (<25)
cust_0704,25,Urban,High,197,11610.64,50266.61,5685.29,2287296,319,208,2030,24,4067.96,Daily,Credit Card,20,27.21,9,242155,Remaja (<25)
cust_0705,59,Urban,Middle,58,6792.86,11552.58,3368.26,393985,43,245,382,48,1528.71,Weekly,Debit Card,8,66.57,8,52198,Dewasa (45-65)
cust_0706,32,Urban,Low,424,10600.07,47221.36,5296.54,4494430,51,243,689,17,1820.15,Monthly,Debit Card,17,47.82,3,454610,Dewasa Muda (25-45)
cust_0707,53,Urban,Low,469,13341.71,54451.31,6086.63,6257262,207,77,203,14,4078.71,Monthly,UPI,12,34.57,5,630492,Dewasa (45-65)
cust_0708,22,Rural,High,624,7014.95,23005.13,2496.34,4377327,107,219,4081,41,193.22,Monthly,Debit Card,15,69.14,8,457898,Remaja (<25)
cust_0709,61,Suburban,Middle,48,19889.71,70984.13,2044.43,954706,259,223,4121,19,2572.27,Weekly,Wallet Balance,20,12.42,8,112326,Dewasa (45-65)
cust_0710,28,Rural,Low,435,11279.87,15975.87,4284.29,4906741,194,353,1876,15,4602.02,Weekly,Credit Card,4,26.67,2,495625,Dewasa Muda (25-45)
cust_0711,55,Rural,Low,185,16490.99,19121.97,3223.0,3050832,235,21,1700,6,4425.02,Daily,UPI,4,45.66,1,307870,Dewasa (45-65)
cust_0712,57,Rural,Low,879,14505.45,33690.18,1782.24,12750293,163,147,1590,28,4021.52,Weekly,UPI,7,37.22,5,1283998,Dewasa (45-65)
cust_0713,24,Suburban,Middle,839,17057.58,73102.35,6462.67,14311308,69,313,867,30,107.74,Weekly,Wallet Balance,14,42.93,1,1436810,Remaja (<25)
cust_0714,65,Urban,Middle,165,3484.28,9975.99,1402.09,574906,335,77,4369,28,4438.44,Monthly,Credit Card,12,55.08,7,73809,Dewasa (45-65)
cust_0715,42,Rural,High,727,4458.85,8443.17,1622.01,3241582,292,316,2064,16,4558.32,Monthly,UPI,0,50.42,8,335607,Dewasa Muda (25-45)
cust_0716,17,Rural,Low,331,9753.35,42311.94,2399.99,3228358,305,355,1487,4,3318.35,Weekly,Credit Card,11,47.66,6,330550,Remaja (<25)
cust_0717,20,Urban,Low,330,17048.05,32638.65,5189.45,5625856,257,35,2345,17,1494.57,Monthly,Credit Card,14,51.79,3,571228,Remaja (<25)
cust_0718,44,Rural,High,121,3960.16,16878.08,1877.03,479178,329,126,2640,13,2449.64,Monthly,Credit Card,3,56.49,10,63273,Dewasa Muda (25-45)
cust_0719,52,Suburban,Low,213,19421.61,54611.97,7610.25,4136802,185,323,1050,30,3813.1,Weekly,Debit Card,16,15.95,1,417873,Dewasa (45-65)
cust_0720,53,Rural,High,823,2560.77,7308.39,773.03,2107513,255,232,2043,49,4065.14,Weekly,Credit Card,20,49.86,2,219704,Dewasa (45-65)
cust_0721,34,Rural,High,507,3509.81,7338.58,1184.14,1779472,116,87,4278,17,1716.72,Monthly,Credit Card,1,48.18,2,189344,Dewasa Muda (25-45)
cust_0722,23,Urban,Low,553,3353.0,15426.15,1579.51,1854210,14,304,3587,46,1630.34,Daily,Wallet Balance,17,51.06,10,206379,Remaja (<25)
cust_0723,63,Rural,Middle,865,11724.26,15888.03,3019.15,10141484,215,188,3403,24,3680.91,Daily,Wallet Balance,11,18.35,2,1023513,Dewasa (45-65)
cust_0724,60,Rural,Middle,916,18351.65,28952.02,2582.76,16810107,93,45,1607,10,3431.78,Weekly,UPI,1,20.97,10,1693508,Dewasa (45-65)
cust_0725,16,Suburban,Middle,801,5109.68,18106.34,1176.91,4092850,234,331,4515,25,2565.99,Daily,UPI,11,55.73,5,424532,Remaja (<25)
cust_0726,37,Urban,Middle,168,11065.21,48692.01,2944.23,1858954,180,324,4899,4,2101.3,Monthly,Credit Card,17,27.84,2,197042,Dewasa Muda (25-45)
cust_0727,67,Urban,Low,995,3523.69,4869.06,737.11,3506074,54,348,4534,15,3285.8,Monthly,Wallet Balance,15,66.53,9,368532,Senior (>65)
cust_0728,32,Suburban,High,546,12626.43,49685.1,3934.26,6894028,305,72,1020,7,162.17,Weekly,UPI,4,9.07,6,698061,Dewasa Muda (25-45)
cust_0729,22,Rural,High,830,2473.69,9820.68,549.02,2053166,30,216,522,12,378.45,Daily,Debit Card,16,13.25,7,214371,Remaja (<25)
cust_0730,40,Urban,Low,996,9831.3,32699.81,1388.89,9791977,12,98,570,31,2865.43,Monthly,Wallet Balance,10,14.16,3,985004,Dewasa Muda (25-45)
cust_0731,60,Urban,Middle,987,13107.08,38625.43,2296.72,12936692,111,271,4809,26,1051.39,Monthly,Wallet Balance,6,21.27,10,1315361,Dewasa (45-65)
cust_0732,19,Rural,High,787,11586.77,26468.24,5414.06,9118785,112,91,3339,48,3873.92,Daily,Wallet Balance,17,64.94,7,928419,Remaja (<25)
cust_0733,51,Rural,Low,427,2808.61,6757.09,988.18,1199276,169,142,4208,25,3861.82,Monthly,Debit Card,1,27.74,4,132912,Dewasa (45-65)
cust_0734,21,Urban,Low,709,3235.85,11965.33,730.41,2294220,104,117,2452,8,3549.81,Monthly,UPI,2,33.76,8,241351,Remaja (<25)
cust_0735,46,Rural,Middle,703,13431.11,16938.63,3314.36,9442067,11,2,3473,46,4518.01,Daily,UPI,8,31.02,9,962493,Dewasa (45-65)
cust_0736,34,Urban,Low,221,16180.1,54037.32,4811.2,3575801,347,43,3185,6,704.17,Daily,UPI,0,58.29,5,369198,Dewasa Muda (25-45)
cust_0737,59,Rural,High,10,18162.41,38412.2,6706.51,181624,329,71,846,49,1296.2,Weekly,UPI,17,27.72,3,27106,Dewasa (45-65)
cust_0738,69,Rural,High,120,16274.09,46648.45,5417.19,1952891,272,144,3392,45,1261.5,Daily,UPI,14,60.11,6,211942,Senior (>65)
cust_0739,54,Suburban,Low,635,19478.74,63031.61,9214.99,12368998,14,342,1334,7,3911.94,Weekly,Wallet Balance,10,35.22,3,1241311,Dewasa (45-65)
cust_0740,42,Rural,High,247,8170.95,37117.68,2862.28,2018225,175,246,2897,1,2606.72,Daily,Debit Card,4,18.28,6,212413,Dewasa Muda (25-45)
cust_0741,25,Suburban,Low,360,6630.0,21987.08,3078.42,2386801,158,284,1911,17,1263.38,Weekly,Credit Card,8,31.59,7,250570,Remaja (<25)
cust_0742,41,Rural,High,909,573.4,1094.41,58.59,521219,110,327,299,35,682.14,Monthly,UPI,13,29.16,6,61878,Dewasa Muda (25-45)
cust_0743,34,Urban,Middle,221,9003.42,11865.04,4107.57,1989755,152,214,4958,23,4465.08,Weekly,Credit Card,11,18.16,4,212959,Dewasa Muda (25-45)
cust_0744,54,Urban,High,773,13030.92,45711.85,5063.6,10072899,234,107,1085,33,3460.65,Weekly,UPI,9,9.69,7,1018029,Dewasa (45-65)
cust_0745,18,Rural,Middle,506,16310.02,51869.02,2754.39,8252869,141,263,83,41,2642.62,Monthly,Wallet Balance,8,60.73,2,830231,Remaja (<25)
cust_0746,60,Rural,Middle,58,5356.43,19750.2,1099.22,310673,119,294,4056,37,4827.35,Daily,Wallet Balance,20,37.61,5,45465,Dewasa (45-65)
cust_0747,28,Urban,Low,827,10276.69,29160.99,3258.98,8498822,9,176,1376,10,4247.95,Daily,Credit Card,1,18.24,6,857510,Dewasa Muda (25-45)
cust_0748,65,Rural,Middle,460,13243.57,56954.02,1986.21,6092042,177,107,1692,9,890.61,Weekly,UPI,8,31.26,6,619042,Dewasa (45-65)
cust_0749,43,Suburban,High,128,11036.54,51658.95,4570.75,1412677,49,86,3574,28,2540.65,Daily,UPI,14,44.02,5,154945,Dewasa Muda (25-45)
cust_0750,35,Suburban,High,699,5487.67,6365.8,2285.45,3835884,298,227,923,48,2430.39,Weekly,Debit Card,18,52.1,10,399019,Dewasa Muda (25-45)
cust_0751,43,Suburban,Middle,717,15927.69,63333.99,3510.14,11420150,333,82,4985,39,4221.43,Monthly,Debit Card,15,45.03,5,1158774,Dewasa Muda (25-45)
cust_0752,23,Suburban,Low,86,3475.49,3964.29,444.61,298891,149,329,1498,5,745.44,Daily,Wallet Balance,0,17.61,8,41012,Remaja (<25)
cust_0753,56,Suburban,Middle,104,18100.55,50326.52,8969.53,1882456,157,241,2026,47,2258.93,Daily,Debit Card,20,8.84,5,200868,Dewasa (45-65)
cust_0754,54,Rural,High,143,19052.41,54231.02,3816.04,2724494,92,2,4598,9,3182.7,Daily,Debit Card,17,6.24,6,286954,Dewasa (45-65)
cust_0755,16,Rural,High,205,7317.81,27696.98,929.53,1500150,152,251,3870,29,4726.27,Monthly,Wallet Balance,4,8.67,10,168291,Remaja (<25)
cust_0756,18,Suburban,Middle,641,7529.87,18144.08,1746.83,4826649,170,42,4789,27,4496.32,Weekly,UPI,6,25.55,1,493694,Remaja (<25)
cust_0757,28,Rural,Middle,758,14868.13,63689.21,7249.72,11270044,84,81,2146,28,2669.24,Weekly,Debit Card,0,26.2,1,1133761,Dewasa Muda (25-45)
cust_0758,43,Rural,Middle,38,9131.21,21654.26,3809.28,346985,359,262,1725,50,3033.6,Monthly,Credit Card,16,70.45,1,42631,Dewasa Muda (25-45)
cust_0759,64,Suburban,High,363,581.92,1379.18,170.0,211235,327,197,2810,24,4262.01,Weekly,Debit Card,14,2.61,4,31012,Dewasa (45-65)
cust_0760,40,Rural,High,621,18398.34,34792.04,4086.86,11425366,48,248,2294,35,3721.94,Weekly,Wallet Balance,7,45.89,3,1151763,Dewasa Muda (25-45)
cust_0761,48,Rural,High,309,8620.7,32202.42,2321.75,2663796,335,330,2312,26,4396.68,Monthly,Credit Card,13,37.29,5,276405,Dewasa (45-65)
cust_0762,53,Rural,Low,52,4077.87,5327.12,436.11,212049,217,296,1592,33,4479.65,Daily,Wallet Balance,7,11.34,7,32449,Dewasa (45-65)
cust_0763,68,Suburban,High,1,11117.72,27263.11,4306.43,11117,77,36,424,33,4162.93,Weekly,Credit Card,15,68.36,6,9178,Senior (>65)
cust_0764,21,Rural,High,11,4385.93,9068.2,613.41,48245,43,103,4890,31,46.89,Monthly,UPI,11,58.58,3,20681,Remaja (<25)
cust_0765,59,Urban,Low,826,4128.38,7915.52,1269.95,3410041,264,303,2371,43,1554.67,Weekly,Debit Card,6,16.68,2,351268,Dewasa (45-65)
cust_0766,60,Urban,Low,747,10919.17,13582.72,3563.34,8156619,63,98,2839,3,2017.58,Daily,Debit Card,4,21.73,2,822631,Dewasa (45-65)
cust_0767,47,Suburban,Low,640,7826.94,13787.4,787.98,5009238,245,145,4943,47,3389.58,Daily,Credit Card,0,15.2,3,516815,Dewasa (45-65)
cust_0768,60,Urban,Low,936,11464.14,31927.36,5639.8,10730430,120,282,61,33,1534.3,Daily,Wallet Balance,10,22.9,10,1085697,Dewasa (45-65)
cust_0769,62,Suburban,Low,214,19936.54,60107.99,4403.1,4266419,319,127,3558,15,1617.79,Daily,Wallet Balance,11,17.18,3,437449,Dewasa (45-65)
cust_0770,36,Urban,Low,995,17181.77,35704.05,2248.92,17095864,262,304,1784,46,2001.02,Daily,Credit Card,13,19.31,3,1719753,Dewasa Muda (25-45)
cust_0771,31,Urban,Middle,956,163.34,588.18,72.16,156152,330,283,2916,45,4776.67,Daily,Debit Card,11,37.68,8,31558,Dewasa Muda (25-45)
cust_0772,69,Urban,Middle,755,1020.61,2391.46,164.09,770559,250,302,3444,10,2185.79,Daily,Credit Card,11,24.96,3,86851,Senior (>65)
cust_0773,36,Suburban,Middle,556,12205.49,30135.15,1342.38,6786251,52,67,514,14,703.36,Daily,UPI,2,35.78,6,686701,Dewasa Muda (25-45)
cust_0774,26,Suburban,Middle,518,12528.86,51750.42,3732.05,6489948,277,147,4843,37,31.78,Weekly,Debit Card,6,3.18,9,671365,Dewasa Muda (25-45)
cust_0775,52,Rural,High,668,17565.03,56346.29,2669.3,11733443,142,328,4712,29,1183.06,Monthly,Wallet Balance,20,53.65,8,1193076,Dewasa (45-65)
cust_0776,51,Suburban,Low,415,12584.85,60567.11,6203.95,5222713,251,81,98,26,4694.05,Monthly,UPI,9,66.91,6,528720,Dewasa (45-65)
cust_0777,50,Urban,High,8,4562.01,11118.56,475.2,36496,314,253,322,15,4774.96,Weekly,UPI,9,71.75,10,13406,Dewasa (45-65)
cust_0778,34,Urban,Low,5,9375.64,40421.78,1129.57,46878,225,242,2639,0,2645.01,Monthly,Debit Card,3,15.24,5,13643,Dewasa Muda (25-45)
cust_0779,35,Suburban,Low,362,16181.62,63971.6,7011.72,5857745,153,65,4250,24,3231.82,Monthly,Wallet Balance,16,28.27,5,600058,Dewasa Muda (25-45)
cust_0780,33,Suburban,High,694,18457.27,84179.1,3615.79,12809346,56,71,4637,27,3979.59,Daily,Debit Card,9,70.13,8,1298918,Dewasa Muda (25-45)
cust_0781,62,Suburban,Middle,112,4745.93,22909.41,2205.14,531544,339,36,3682,42,279.44,Weekly,Credit Card,1,16.06,7,71578,Dewasa (45-65)
cust_0782,56,Rural,High,273,10796.7,11128.22,2423.37,2947498,9,67,4241,13,1871.54,Daily,UPI,17,39.3,5,308596,Dewasa (45-65)
cust_0783,64,Urban,High,422,3186.96,4312.57,407.65,1344897,241,83,2973,33,3211.24,Daily,Debit Card,1,57.75,10,152130,Dewasa (45-65)
cust_0784,29,Rural,Low,265,9945.02,36770.29,1036.64,2635431,164,170,1497,47,4491.27,Daily,Debit Card,8,3.02,6,274991,Dewasa Muda (25-45)
cust_0785,30,Rural,Low,458,1811.38,4638.58,385.87,829612,133,67,4959,3,3634.15,Weekly,UPI,12,8.46,5,96362,Dewasa Muda (25-45)
cust_0786,46,Urban,Low,212,18835.14,80548.5,5452.63,3993050,81,98,2749,13,1750.31,Weekly,Credit Card,4,14.96,9,414227,Dewasa (45-65)
cust_0787,16,Urban,Middle,78,12764.75,13376.43,1281.66,995650,350,325,4884,15,4549.91,Weekly,Wallet Balance,19,33.34,6,114558,Remaja (<25)
cust_0788,68,Suburban,High,782,17085.79,72237.19,5680.05,13361089,135,293,1931,14,3323.1,Daily,Debit Card,8,2.08,3,1342709,Senior (>65)
cust_0789,69,Suburban,High,666,19965.92,30766.84,4661.34,13297303,134,250,4352,33,4151.18,Weekly,UPI,14,31.62,3,1342658,Senior (>65)
cust_0790,69,Rural,Middle,221,3661.49,7912.47,937.57,809190,52,302,438,12,1927.54,Daily,UPI,20,12.47,10,92031,Senior (>65)
cust_0791,18,Suburban,High,369,13885.93,67712.12,2840.57,5123907,202,208,536,16,10.79,Monthly,Credit Card,18,61.33,10,525057,Remaja (<25)
cust_0792,31,Suburban,High,958,17740.86,21402.43,5528.37,16995740,198,312,2222,27,830.84,Daily,Debit Card,17,35.53,4,1710302,Dewasa Muda (25-45)
cust_0793,38,Urban,Low,347,11523.0,27610.99,2212.98,3998482,106,63,712,9,4635.89,Monthly,UPI,9,6.06,5,404854,Dewasa Muda (25-45)
cust_0794,26,Urban,Middle,25,12797.53,17124.57,1969.91,319938,311,78,2538,46,165.62,Monthly,Credit Card,9,33.86,9,50587,Dewasa Muda (25-45)
cust_0795,27,Suburban,Low,976,8159.35,36018.76,3722.77,7963520,244,30,4314,16,2980.2,Weekly,Debit Card,3,35.1,10,815089,Dewasa Muda (25-45)
cust_0796,25,Urban,Middle,420,13498.47,51457.03,3458.6,5669357,233,352,4152,7,2045.64,Daily,Wallet Balance,2,22.28,2,576916,Remaja (<25)
cust_0797,47,Suburban,Low,354,7917.6,33264.62,1035.4,2802831,14,251,4838,1,2147.89,Weekly,Wallet Balance,19,27.11,2,290985,Dewasa (45-65)
cust_0798,31,Urban,High,720,9537.63,29653.61,1832.46,6867091,225,319,2766,0,2004.09,Weekly,Debit Card,10,69.91,1,692239,Dewasa Muda (25-45)
cust_0799,23,Urban,Middle,417,2067.21,5025.13,463.01,862024,211,115,989,4,337.13,Monthly,Debit Card,16,18.55,8,96411,Remaja (<25)
cust_0800,53,Urban,Middle,515,166.09,167.6,67.74,85536,201,365,4067,34,611.65,Monthly,Debit Card,0,49.04,1,20781,Dewasa (45-65)
cust_0801,27,Urban,Low,215,1112.47,2349.22,121.15,239181,165,332,301,21,314.7,Daily,Debit Card,10,47.93,6,32462,Dewasa Muda (25-45)
cust_0802,39,Suburban,Middle,907,3858.51,11800.14,1123.98,3499666,49,219,1012,42,269.54,Monthly,Credit Card,3,30.99,2,358055,Dewasa Muda (25-45)
cust_0803,43,Rural,High,112,9137.51,33419.97,2403.87,1023401,133,154,3650,15,428.05,Daily,UPI,15,67.18,9,119926,Dewasa Muda (25-45)
cust_0804,68,Urban,High,954,429.67,823.14,209.4,409906,70,221,246,8,3483.09,Daily,Credit Card,1,55.64,4,44541,Senior (>65)
cust_0805,23,Suburban,High,704,3127.17,4864.64,537.97,2201530,119,23,2063,35,571.03,Weekly,UPI,2,2.49,10,237493,Remaja (<25)
cust_0806,43,Suburban,Low,914,15631.08,28236.91,5488.83,14286804,139,214,1358,8,1307.47,Monthly,Credit Card,5,35.48,5,1436542,Dewasa Muda (25-45)
cust_0807,51,Urban,Middle,559,15245.71,36838.27,2757.62,8522351,243,148,4306,13,3284.75,Weekly,Debit Card,17,9.09,2,862504,Dewasa (45-65)
cust_0808,41,Rural,Low,428,15796.71,25172.26,5044.98,6760991,181,358,1609,9,561.33,Monthly,Credit Card,17,21.37,5,684936,Dewasa Muda (25-45)
cust_0809,23,Urban,High,733,18431.6,29993.18,5935.44,13510365,183,302,3601,21,4551.28,Monthly,UPI,0,17.95,7,1365062,Remaja (<25)
cust_0810,65,Suburban,Middle,699,2390.23,2808.54,311.06,1670770,335,208,1045,15,2387.42,Weekly,Wallet Balance,4,54.64,5,174473,Dewasa (45-65)
cust_0811,43,Rural,High,562,3271.17,14481.13,924.37,1838395,50,159,4214,40,4815.29,Daily,Debit Card,11,18.69,1,194859,Dewasa Muda (25-45)
cust_0812,43,Suburban,Middle,709,6677.74,12547.7,1899.57,4734515,181,307,1551,2,962.55,Weekly,Wallet Balance,4,71.49,9,485272,Dewasa Muda (25-45)
cust_0813,52,Urban,Middle,216,18303.67,78479.01,4166.92,3953593,125,167,3255,27,153.12,Monthly,UPI,0,10.11,2,406492,Dewasa (45-65)
cust_0814,56,Rural,Low,413,15511.8,42707.67,3270.87,6406373,231,63,1538,29,2951.41,Weekly,Debit Card,17,30.23,4,649137,Dewasa (45-65)
cust_0815,51,Suburban,Middle,733,6489.18,22905.21,1231.12,4756572,311,325,1515,28,1643.69,Weekly,Debit Card,19,35.75,6,486665,Dewasa (45-65)
cust_0816,42,Suburban,High,380,1761.84,2295.34,180.37,669499,348,276,4601,0,2861.95,Monthly,Debit Card,4,31.73,1,75720,Dewasa Muda (25-45)
cust_0817,69,Suburban,Middle,602,12331.44,41116.98,1242.1,7423524,3,23,3706,27,2368.25,Monthly,Wallet Balance,17,7.63,9,760280,Senior (>65)
cust_0818,32,Urban,High,232,5143.82,11110.55,1727.88,1193365,173,224,1778,21,2285.78,Daily,Wallet Balance,2,17.03,9,132849,Dewasa Muda (25-45)
cust_0819,24,Rural,Low,835,10627.74,14675.21,2301.82,8874162,81,201,436,31,4255.89,Monthly,UPI,0,37.97,8,897260,Remaja (<25)
cust_0820,48,Urban,High,258,18836.65,87268.88,3148.65,4859855,275,283,802,10,959.17,Monthly,UPI,9,57.79,9,497109,Dewasa (45-65)
cust_0821,68,Urban,Middle,665,11456.62,39118.76,4283.56,7618651,315,347,4198,25,2498.17,Monthly,Credit Card,18,49.88,4,775512,Senior (>65)
cust_0822,35,Urban,High,256,18477.45,36342.01,5756.87,4730227,345,336,4800,30,2080.02,Monthly,UPI,17,39.66,9,493582,Dewasa Muda (25-45)
cust_0823,28,Rural,High,403,7866.85,21072.07,3665.82,3170338,219,215,824,19,3368.85,Monthly,Credit Card,14,70.41,4,322897,Dewasa Muda (25-45)
cust_0824,43,Urban,Middle,424,12670.69,30759.38,5478.89,5372373,140,265,3805,19,250.66,Daily,Wallet Balance,10,55.03,5,551622,Dewasa Muda (25-45)
cust_0825,63,Urban,High,770,17878.86,67981.13,6985.12,13766722,63,229,303,32,2647.1,Monthly,UPI,2,62.52,6,1385154,Dewasa (45-65)
cust_0826,44,Urban,Middle,979,11763.87,40346.92,1772.02,11516825,27,227,493,4,2392.7,Weekly,Debit Card,6,1.9,7,1158872,Dewasa Muda (25-45)
cust_0827,28,Urban,Low,65,12301.82,13275.25,4507.83,799618,196,327,86,40,4867.9,Weekly,Credit Card,6,16.35,3,84699,Dewasa Muda (25-45)
cust_0828,61,Suburban,High,190,14329.0,25667.65,5410.21,2722509,152,335,3297,2,3779.11,Monthly,Credit Card,11,52.11,2,279155,Dewasa (45-65)
cust_0829,50,Urban,Low,603,17643.33,51386.42,7151.43,10638930,252,277,3319,43,774.89,Weekly,Credit Card,0,20.76,5,1079443,Dewasa (45-65)
cust_0830,21,Suburban,High,950,1772.72,4931.6,363.86,1684083,248,230,3576,49,2546.07,Daily,Wallet Balance,2,26.13,10,189187,Remaja (<25)
cust_0831,33,Urban,High,173,6743.82,20681.27,2401.6,1166680,154,356,3820,33,3918.68,Weekly,Credit Card,13,42.94,3,128648,Dewasa Muda (25-45)
cust_0832,66,Rural,Low,759,7959.72,30718.49,2764.5,6041425,210,215,1049,30,2622.85,Daily,UPI,18,39.53,3,610929,Senior (>65)
cust_0833,20,Suburban,High,768,18195.1,67831.97,4623.81,13973833,22,157,3601,41,1783.5,Daily,Credit Card,20,16.67,7,1414793,Remaja (<25)
cust_0834,62,Suburban,High,628,19120.6,47634.26,6986.72,12007735,70,13,4226,6,1883.28,Weekly,Debit Card,8,63.39,6,1214883,Dewasa (45-65)
cust_0835,40,Suburban,Low,561,2416.41,10898.78,325.44,1355603,19,197,4865,29,1835.02,Weekly,Wallet Balance,12,45.57,3,150272,Dewasa Muda (25-45)
cust_0836,17,Suburban,High,227,2390.96,2992.84,854.53,542748,101,111,2983,17,99.77,Monthly,Wallet Balance,4,49.66,7,68890,Remaja (<25)
cust_0837,25,Rural,Middle,581,18697.89,62414.29,6402.27,10863472,162,103,3120,15,3652.98,Monthly,UPI,2,59.83,10,1102260,Remaja (<25)
cust_0838,45,Urban,High,934,5922.48,28420.45,1091.22,5531596,139,103,4919,12,3054.42,Monthly,Debit Card,16,8.27,10,572670,Dewasa Muda (25-45)
cust_0839,65,Suburban,High,388,4843.87,15482.59,2069.72,1879421,88,170,527,32,1343.39,Weekly,Wallet Balance,18,34.66,6,197524,Dewasa (45-65)
cust_0840,60,Rural,High,401,722.1,2036.63,324.78,289562,37,109,33,6,3150.12,Daily,Wallet Balance,3,7.13,1,29047,Dewasa (45-65)
cust_0841,20,Suburban,Low,638,5519.16,8475.61,1016.59,3521225,171,126,2079,29,1543.65,Daily,Wallet Balance,9,6.21,5,363408,Remaja (<25)
cust_0842,48,Urban,Middle,949,13873.59,58834.53,1808.9,13166040,260,235,9,10,1216.91,Monthly,UPI,4,52.21,4,1321013,Dewasa (45-65)
cust_0843,69,Suburban,Middle,213,8526.46,21275.06,2911.19,1816136,338,148,1727,5,3705.76,Daily,UPI,18,57.07,3,186714,Senior (>65)
cust_0844,16,Rural,High,53,10342.24,39352.05,3019.59,548138,271,171,2778,20,4045.55,Weekly,Wallet Balance,8,4.72,3,63347,Remaja (<25)
cust_0845,33,Urban,Low,624,18346.74,32844.1,4972.66,11448365,255,1,3420,31,3128.54,Weekly,Credit Card,20,60.82,8,1161212,Dewasa Muda (25-45)
cust_0846,47,Rural,Low,671,2302.65,2688.23,931.2,1545077,140,40,3227,4,3920.73,Daily,Wallet Balance,15,20.97,3,162401,Dewasa (45-65)
cust_0847,62,Urban,Middle,752,1434.1,3186.39,699.65,1078444,68,237,3098,41,1828.5,Weekly,Debit Card,11,47.5,2,119226,Dewasa (45-65)
cust_0848,64,Urban,Low,662,17040.1,36221.37,4959.78,11280543,68,7,4044,28,359.02,Daily,Debit Card,16,49.68,5,1143762,Dewasa (45-65)
cust_0849,26,Urban,High,139,15499.37,69652.62,1588.1,2154412,169,163,1176,34,3024.43,Monthly,Wallet Balance,7,50.45,10,229680,Dewasa Muda (25-45)
cust_0850,36,Suburban,High,418,5282.05,23551.03,1788.01,2207895,105,290,4723,46,1279.88,Weekly,Wallet Balance,12,42.15,3,237195,Dewasa Muda (25-45)
cust_0851,41,Rural,Low,625,6491.44,20354.41,2347.22,4057150,315,325,1273,11,3887.4,Weekly,Wallet Balance,20,9.04,10,417417,Dewasa Muda (25-45)
cust_0852,40,Rural,High,143,6212.45,6684.57,2678.86,888380,58,157,2476,36,1790.54,Monthly,Debit Card,14,8.93,3,99494,Dewasa Muda (25-45)
cust_0853,37,Rural,Middle,882,12959.7,24795.77,2329.67,11430453,187,114,3577,45,3353.37,Daily,UPI,8,11.01,8,1161022,Dewasa Muda (25-45)
cust_0854,42,Urban,High,509,1233.62,4386.81,382.09,627911,56,112,2341,43,2764.33,Weekly,Credit Card,0,66.39,9,79390,Dewasa Muda (25-45)
cust_0855,64,Suburban,Low,650,9793.14,13765.56,2730.84,6365539,4,257,4539,21,4087.42,Weekly,UPI,14,15.94,2,647688,Dewasa (45-65)
cust_0856,28,Urban,Middle,486,2686.12,10213.94,982.52,1305454,285,73,4383,10,4161.53,Daily,Credit Card,2,11.87,1,139230,Dewasa Muda (25-45)
cust_0857,48,Rural,High,992,16396.57,17181.13,2059.04,16265400,17,193,2353,22,341.49,Monthly,Debit Card,14,71.18,8,1641275,Dewasa (45-65)
cust_0858,49,Suburban,Middle,437,7619.45,28421.68,3456.22,3329701,237,273,3142,44,1475.58,Weekly,Debit Card,10,1.31,10,352916,Dewasa (45-65)
cust_0859,56,Suburban,Low,816,10556.17,46216.56,3213.96,8613833,307,224,2210,9,4354.4,Monthly,Debit Card,8,56.14,10,874526,Dewasa (45-65)
cust_0860,50,Suburban,High,543,596.06,1714.78,268.71,323660,250,361,2635,41,2019.95,Daily,Debit Card,18,61.01,6,46726,Dewasa (45-65)
cust_0861,16,Rural,High,293,1174.7,5070.4,277.34,344188,24,94,3414,23,2574.35,Daily,UPI,17,48.01,9,51259,Remaja (<25)
cust_0862,36,Suburban,Middle,620,13504.35,55720.43,4880.59,8372694,300,207,2027,45,916.72,Monthly,Credit Card,20,70.22,1,846365,Dewasa Muda (25-45)
cust_0863,63,Suburban,High,284,15337.74,56529.96,7403.38,4355919,116,170,4726,15,2763.43,Daily,Debit Card,17,24.67,5,450162,Dewasa (45-65)
cust_0864,21,Urban,High,671,14203.61,39494.52,6780.12,9530623,238,156,4894,11,1323.07,Monthly,Credit Card,20,7.25,5,968288,Remaja (<25)
cust_0865,43,Urban,High,838,14743.0,30777.73,7041.86,12354636,169,244,1999,49,4146.17,Weekly,Credit Card,2,18.09,3,1245288,Dewasa Muda (25-45)
cust_0866,32,Suburban,High,14,2101.35,9337.26,246.23,29418,313,3,4704,31,1001.22,Monthly,Wallet Balance,12,8.04,2,16949,Dewasa Muda (25-45)
cust_0867,20,Suburban,Low,634,13872.08,49861.28,3623.48,8794900,288,220,1024,23,1799.28,Monthly,UPI,5,35.58,9,891938,Remaja (<25)
cust_0868,46,Urban,High,727,3643.13,15272.26,452.89,2648558,241,5,1621,3,475.37,Monthly,UPI,5,69.5,7,275160,Dewasa (45-65)
cust_0869,20,Urban,Middle,272,1969.33,6317.35,440.72,535657,364,194,4571,41,2939.91,Weekly,UPI,10,37.75,9,74337,Remaja (<25)
cust_0870,53,Urban,Low,25,15145.64,25557.76,2572.2,378641,298,54,3011,32,4709.86,Daily,UPI,8,24.1,3,47731,Dewasa (45-65)
cust_0871,18,Rural,Middle,935,17789.23,87483.01,6191.63,16632928,290,300,910,17,865.78,Weekly,Credit Card,16,65.35,1,1667379,Remaja (<25)
cust_0872,68,Rural,Middle,322,14337.03,24816.76,5911.14,4616523,251,209,614,46,98.69,Monthly,Debit Card,16,44.55,2,469431,Senior (>65)
cust_0873,38,Urban,Middle,806,16113.41,74846.26,4920.05,12987411,165,76,4080,16,2112.32,Weekly,Debit Card,8,67.03,6,1313444,Dewasa Muda (25-45)
cust_0874,52,Suburban,Low,681,19821.85,36324.63,8289.29,13498681,341,218,4517,20,3742.08,Daily,Credit Card,18,69.53,6,1365031,Dewasa (45-65)
cust_0875,68,Urban,Low,103,2703.77,6745.9,284.23,278488,141,118,1004,0,4875.5,Weekly,Debit Card,2,67.5,2,29419,Senior (>65)
cust_0876,52,Rural,Low,866,19303.4,53283.83,8265.53,16716743,120,280,3222,45,256.4,Monthly,Wallet Balance,13,50.15,9,1691490,Dewasa (45-65)
cust_0877,25,Suburban,High,883,12027.94,56356.98,2060.92,10620674,338,80,1015,43,3929.81,Weekly,Credit Card,14,36.63,10,1076432,Remaja (<25)
cust_0878,25,Rural,Middle,40,16266.93,74059.99,4625.9,650677,161,187,3486,24,1843.37,Weekly,Credit Card,18,21.6,1,74518,Remaja (<25)
cust_0879,34,Suburban,Low,235,13006.88,55837.03,3603.35,3056617,105,8,6,30,768.66,Monthly,Wallet Balance,0,67.84,4,312289,Dewasa Muda (25-45)
cust_0880,32,Rural,Middle,832,11405.06,28589.06,5123.86,9489006,338,91,3765,42,961.53,Monthly,Wallet Balance,3,39.69,4,964149,Dewasa Muda (25-45)
cust_0881,36,Suburban,Low,89,14075.34,14328.32,6846.13,1252705,92,346,3537,19,4619.42,Daily,Debit Card,14,71.67,1,132934,Dewasa Muda (25-45)
cust_0882,29,Suburban,Low,100,6411.97,23893.14,1295.53,641197,204,351,4199,25,4046.79,Weekly,UPI,14,66.2,5,77994,Dewasa Muda (25-45)
cust_0883,24,Suburban,Low,144,18486.19,48874.07,2347.1,2662011,40,210,4050,18,1558.65,Daily,UPI,2,27.89,6,281321,Remaja (<25)
cust_0884,61,Suburban,Middle,82,2314.7,9324.14,833.77,189805,54,258,2511,29,4700.95,Monthly,Wallet Balance,4,63.15,9,33552,Dewasa (45-65)
cust_0885,16,Rural,High,589,6367.44,26612.14,1917.47,3750424,89,41,3635,24,526.27,Monthly,Debit Card,0,38.97,8,392449,Remaja (<25)
cust_0886,66,Rural,Low,571,632.94,1746.2,206.52,361406,135,215,2895,35,1612.68,Daily,UPI,15,53.73,4,48624,Senior (>65)
cust_0887,60,Suburban,Low,229,5433.75,21693.75,643.94,1244328,2,184,3800,48,3264.61,Daily,Wallet Balance,15,35.15,6,141200,Dewasa (45-65)
cust_0888,28,Suburban,Low,603,4372.08,19061.17,1793.09,2636363,97,304,3905,17,4997.1,Weekly,Debit Card,15,71.25,7,277647,Dewasa Muda (25-45)
cust_0889,19,Rural,High,866,1002.12,4723.9,193.35,867836,56,241,2413,3,2328.21,Daily,Debit Card,14,29.32,6,96745,Remaja (<25)
cust_0890,16,Suburban,Middle,395,9840.56,32767.32,2302.44,3887022,360,106,1916,26,4053.57,Weekly,Debit Card,4,7.8,5,398107,Remaja (<25)
cust_0891,64,Suburban,Middle,513,9378.03,38580.44,1794.41,4810931,124,22,4277,32,4579.33,Monthly,UPI,1,61.93,1,491557,Dewasa (45-65)
cust_0892,55,Suburban,Middle,781,1564.13,4658.39,748.25,1221586,185,353,2290,5,48.14,Monthly,Credit Card,7,54.69,7,134214,Dewasa (45-65)
cust_0893,47,Urban,Middle,798,5244.39,6118.38,878.38,4185024,125,245,4315,6,1444.7,Weekly,Wallet Balance,14,9.96,7,434010,Dewasa (45-65)
cust_0894,49,Suburban,Low,197,19066.91,30905.28,7491.92,3756181,334,274,1891,0,501.8,Weekly,Wallet Balance,8,36.84,5,384149,Dewasa (45-65)
cust_0895,43,Urban,High,274,2223.63,3364.12,440.94,609273,264,79,4130,37,3880.3,Monthly,Credit Card,8,49.18,9,79947,Dewasa Muda (25-45)
cust_0896,46,Suburban,Low,590,6107.32,10303.43,1648.78,3603320,340,323,3863,34,2835.25,Weekly,UPI,2,30.1,3,373040,Dewasa (45-65)
cust_0897,23,Rural,High,653,726.89,756.58,362.3,474658,191,304,674,22,477.8,Daily,UPI,14,65.52,1,51774,Remaja (<25)
cust_0898,54,Urban,Middle,800,2986.26,13243.53,418.76,2389004,338,23,2909,15,2103.62,Weekly,Wallet Balance,17,67.96,5,250166,Dewasa (45-65)
cust_0899,41,Urban,High,583,13990.95,45339.03,6331.52,8156722,215,111,1900,33,2569.85,Monthly,Credit Card,16,62.66,4,825487,Dewasa Muda (25-45)
cust_0900,49,Suburban,Low,968,7340.66,18590.96,3511.92,7105761,221,130,3942,33,3488.76,Weekly,Credit Card,0,38.69,6,726015,Dewasa (45-65)
cust_0901,69,Suburban,Low,562,9047.01,23876.11,3431.45,5084419,199,362,4503,30,3897.42,Daily,Credit Card,10,33.2,2,520499,Senior (>65)
cust_0902,69,Urban,Middle,967,3148.0,8982.51,327.34,3044114,344,260,4099,42,439.36,Weekly,Credit Card,0,42.54,5,321589,Senior (>65)
cust_0903,18,Rural,Low,372,13645.98,17678.83,5844.84,5076305,174,154,4456,30,2438.23,Weekly,Debit Card,5,37.71,8,526323,Remaja (<25)
cust_0904,65,Rural,Low,881,15032.92,31549.01,6808.54,13243999,217,19,3037,10,805.62,Weekly,Debit Card,11,8.01,8,1339071,Dewasa (45-65)
cust_0905,27,Suburban,High,80,3630.43,15997.51,1787.53,290434,206,49,589,7,3766.28,Monthly,Wallet Balance,19,56.95,2,31038,Dewasa Muda (25-45)
cust_0906,16,Rural,Low,235,909.42,3614.67,396.26,213713,67,74,1889,50,3288.34,Weekly,Credit Card,17,67.82,3,31505,Remaja (<25)
cust_0907,69,Rural,Middle,287,1628.01,5296.94,452.97,467239,174,214,2382,23,3615.0,Daily,Debit Card,13,35.84,9,60980,Senior (>65)
cust_0908,59,Suburban,Middle,819,13144.34,38418.5,4935.17,10765218,78,53,3362,22,374.97,Monthly,Credit Card,12,5.37,7,1092258,Dewasa (45-65)
cust_0909,20,Rural,Low,667,2718.86,5535.3,799.48,1813477,323,190,2332,31,2551.62,Weekly,UPI,10,23.92,9,196835,Remaja (<25)
cust_0910,45,Suburban,Middle,572,9883.44,28513.91,2383.96,5653326,42,129,1059,14,4202.9,Monthly,Wallet Balance,19,9.7,4,570749,Dewasa Muda (25-45)
cust_0911,45,Urban,High,545,3061.3,10382.17,1073.2,1668410,64,144,3395,27,3566.71,Weekly,Debit Card,17,70.61,7,181547,Dewasa Muda (25-45)
cust_0912,32,Suburban,High,437,3411.26,13135.23,1391.57,1490720,329,248,394,19,4308.74,Monthly,Debit Card,20,10.72,7,156605,Dewasa Muda (25-45)
cust_0913,63,Urban,Low,127,97.17,161.93,34.43,12340,199,180,566,13,1030.52,Weekly,UPI,17,6.72,7,10150,Dewasa (45-65)
cust_0914,62,Urban,Low,733,6423.28,27314.61,2766.06,4708261,90,7,1072,25,1434.5,Daily,Wallet Balance,16,38.06,10,484752,Dewasa (45-65)
cust_0915,38,Rural,High,712,1805.05,4301.87,307.85,1285193,7,344,2510,49,2206.4,Monthly,Credit Card,4,5.62,5,142336,Dewasa Muda (25-45)
cust_0916,30,Rural,Middle,417,7885.29,23758.62,1967.2,3288164,263,291,2402,36,2616.29,Weekly,Debit Card,5,46.02,6,341912,Dewasa Muda (25-45)
cust_0917,52,Rural,Low,638,11959.71,41041.14,2691.34,7630293,122,206,2102,1,1260.81,Weekly,Debit Card,7,62.7,4,770702,Dewasa (45-65)
cust_0918,36,Suburban,Low,41,7356.96,21720.56,1306.97,301635,164,68,3383,33,1906.19,Weekly,Debit Card,3,18.78,9,48276,Dewasa Muda (25-45)
cust_0919,29,Rural,Middle,787,14104.58,46373.43,3910.77,11100305,116,361,4937,33,3435.21,Monthly,Credit Card,0,66.83,4,1125486,Dewasa Muda (25-45)
cust_0920,17,Urban,Low,469,14831.62,21447.92,7106.56,6956030,13,143,4355,33,3226.91,Monthly,Debit Card,14,46.87,9,714999,Remaja (<25)
cust_0921,26,Rural,Middle,297,13935.16,38023.79,4392.41,4138743,20,108,4972,8,552.37,Weekly,UPI,6,12.54,9,433342,Dewasa Muda (25-45)
cust_0922,66,Rural,Middle,597,18734.9,39753.03,4019.8,11184737,201,185,914,43,4928.51,Weekly,Wallet Balance,15,46.75,5,1127137,Senior (>65)
cust_0923,54,Suburban,Middle,601,4753.51,6389.22,1148.56,2856861,309,240,1111,49,2813.73,Weekly,Debit Card,5,6.17,9,300401,Dewasa (45-65)
cust_0924,53,Suburban,Middle,42,3797.23,6708.18,1310.92,159483,254,151,4999,2,2417.81,Monthly,Wallet Balance,6,25.82,9,33937,Dewasa (45-65)
cust_0925,49,Urban,Middle,632,12198.13,41592.93,2940.95,7709219,86,211,3461,29,4836.24,Daily,UPI,20,2.13,3,781325,Dewasa (45-65)
cust_0926,53,Suburban,High,279,11901.59,21265.12,3753.03,3320544,180,78,3923,18,701.65,Daily,Wallet Balance,5,32.35,3,344349,Dewasa (45-65)
cust_0927,65,Rural,Middle,459,10206.87,17599.25,2140.01,4684951,237,228,2317,30,2718.37,Weekly,UPI,12,60.07,4,478769,Dewasa (45-65)
cust_0928,49,Suburban,High,33,97.02,311.56,23.13,3201,353,247,965,15,4025.39,Monthly,Wallet Balance,1,50.51,8,9737,Dewasa (45-65)
cust_0929,33,Urban,Middle,276,11109.21,51311.34,4246.95,3066142,61,102,3531,42,1994.52,Weekly,Credit Card,4,15.11,3,319878,Dewasa Muda (25-45)
cust_0930,45,Rural,Low,665,18656.63,77514.05,6228.47,12406661,215,214,1149,23,3681.52,Weekly,Credit Card,2,13.97,2,1245423,Dewasa Muda (25-45)
cust_0931,30,Urban,High,90,6698.21,30948.11,920.3,602838,215,139,2232,14,4495.81,Monthly,Wallet Balance,20,51.0,6,69899,Dewasa Muda (25-45)
cust_0932,42,Suburban,Low,616,19352.31,64480.36,9468.56,11921021,358,186,364,21,1308.27,Daily,Debit Card,8,48.3,3,1197276,Dewasa Muda (25-45)
cust_0933,66,Suburban,Middle,948,7141.57,18851.72,855.09,6770204,90,168,3613,31,1207.3,Monthly,Wallet Balance,2,11.1,9,695742,Senior (>65)
cust_0934,49,Urban,Middle,524,2805.69,10994.29,373.65,1470182,96,58,4815,10,1803.43,Weekly,UPI,11,48.72,10,166746,Dewasa (45-65)
cust_0935,67,Rural,Low,160,7974.08,16310.64,3034.57,1275853,61,119,1031,28,2092.21,Daily,Wallet Balance,2,56.43,9,140401,Senior (>65)
cust_0936,53,Suburban,Middle,929,9897.28,12987.37,3792.71,9194573,56,88,653,41,555.22,Monthly,UPI,16,55.41,10,934585,Dewasa (45-65)
cust_0937,48,Suburban,Low,458,12592.99,29951.92,1354.68,5767591,220,122,3795,23,1156.45,Daily,Credit Card,14,29.8,6,592070,Dewasa (45-65)
cust_0938,39,Rural,Middle,708,10102.51,22194.69,3607.62,7152580,94,244,3867,18,4366.14,Monthly,Debit Card,16,58.8,5,727608,Dewasa Muda (25-45)
cust_0939,30,Suburban,Middle,399,10739.01,39757.47,1216.77,4284863,40,67,4086,4,2832.96,Monthly,Debit Card,6,28.68,2,437641,Dewasa Muda (25-45)
cust_0940,45,Urban,High,819,491.1,1574.2,237.84,402210,337,294,3203,45,1339.1,Daily,UPI,8,46.85,8,58457,Dewasa Muda (25-45)
cust_0941,57,Suburban,Low,774,5079.87,7889.3,1922.51,3931817,319,130,4418,40,4717.97,Daily,Debit Card,17,54.98,3,406658,Dewasa (45-65)
cust_0942,66,Suburban,Middle,91,6220.83,28827.41,1086.35,566095,248,343,2149,37,3871.56,Weekly,Wallet Balance,1,54.64,5,67671,Senior (>65)
cust_0943,32,Rural,Low,709,19741.9,66596.45,3222.71,13997007,217,40,4890,0,1812.15,Weekly,Debit Card,16,25.63,10,1418574,Dewasa Muda (25-45)
cust_0944,20,Urban,High,581,5918.4,16753.43,1940.44,3438589,154,212,1489,29,3827.21,Daily,Wallet Balance,20,41.53,4,351823,Remaja (<25)
cust_0945,44,Rural,Low,466,17932.61,85158.02,6337.52,8356596,351,56,4839,11,2980.26,Weekly,UPI,13,44.59,3,847947,Dewasa Muda (25-45)
cust_0946,19,Suburban,High,220,6101.68,8476.49,2638.94,1342368,62,200,3874,45,3419.09,Weekly,Wallet Balance,16,17.67,3,147775,Remaja (<25)
cust_0947,25,Suburban,Low,419,1931.25,8030.84,890.94,809191,240,291,4983,3,1607.25,Monthly,Credit Card,10,1.58,9,99381,Remaja (<25)
cust_0948,32,Rural,Low,379,4959.87,12194.65,1274.75,1879791,190,305,3638,14,1047.48,Weekly,Wallet Balance,0,8.05,2,198131,Dewasa Muda (25-45)
cust_0949,25,Rural,High,726,5463.84,20661.83,2391.16,3966747,146,107,1277,16,1267.9,Monthly,Debit Card,0,3.46,3,403194,Remaja (<25)
cust_0950,32,Rural,Middle,930,19565.19,92404.47,6201.23,18195626,10,195,4822,11,418.67,Weekly,Credit Card,19,22.2,5,1835097,Dewasa Muda (25-45)
cust_0951,35,Urban,Middle,447,13489.09,41422.99,3888.0,6029621,292,352,4906,0,2355.19,Daily,Debit Card,14,24.14,4,615596,Dewasa Muda (25-45)
cust_0952,39,Suburban,Middle,964,18634.3,20321.74,7073.36,17963468,130,122,4424,12,2031.17,Monthly,Credit Card,1,62.49,9,1814379,Dewasa Muda (25-45)
cust_0953,20,Rural,Low,146,16701.55,18628.79,2359.56,2438426,60,95,3370,29,12.7,Weekly,Debit Card,11,9.87,5,258476,Remaja (<25)
cust_0954,49,Suburban,Low,233,11576.18,26882.72,2386.48,2697250,175,287,2417,9,4281.83,Daily,Debit Card,12,14.14,10,283318,Dewasa (45-65)
cust_0955,21,Urban,Middle,371,13511.0,55754.96,5765.21,5012582,73,125,3742,35,3409.35,Monthly,Debit Card,9,45.02,5,515537,Remaja (<25)
cust_0956,68,Urban,Low,922,12500.5,26914.13,3770.54,11525456,239,332,258,5,2233.71,Weekly,Debit Card,1,34.31,7,1159444,Senior (>65)
cust_0957,17,Urban,Low,234,13328.6,31160.59,6174.04,3118891,179,126,4472,8,4835.11,Daily,Wallet Balance,1,71.52,4,323215,Remaja (<25)
cust_0958,28,Urban,Middle,726,5302.83,21942.26,718.43,3849851,67,344,144,49,4702.71,Monthly,Wallet Balance,16,55.1,5,392821,Dewasa Muda (25-45)
cust_0959,58,Suburban,High,367,8168.42,11964.75,1840.88,2997810,81,36,3110,1,475.48,Weekly,Debit Card,8,20.19,1,306863,Dewasa (45-65)
cust_0960,58,Urban,Low,481,11856.39,52016.97,2871.85,5702923,77,217,2753,5,3075.7,Weekly,UPI,13,52.23,7,581760,Dewasa (45-65)
cust_0961,63,Urban,Low,573,728.21,1502.42,195.95,417264,248,3,708,10,4085.11,Monthly,Debit Card,10,17.21,4,46099,Dewasa (45-65)
cust_0962,26,Rural,Low,363,9661.87,11641.51,4780.0,3507258,195,30,245,25,864.76,Daily,UPI,19,49.39,2,355283,Dewasa Muda (25-45)
cust_0963,66,Urban,Low,590,17195.94,25267.21,3856.45,10145605,68,255,4428,27,639.81,Monthly,Debit Card,11,3.59,7,1032796,Senior (>65)
cust_0964,62,Rural,High,511,9852.43,47392.36,3029.36,5034592,338,45,1611,12,1298.89,Daily,Credit Card,6,15.17,8,515231,Dewasa (45-65)
cust_0965,38,Urban,Middle,95,11050.94,31001.17,3474.73,1049839,56,177,2812,37,1398.36,Daily,Wallet Balance,0,8.29,9,122608,Dewasa Muda (25-45)
cust_0966,31,Urban,Low,842,4046.08,8196.36,1652.09,3406802,99,222,4373,11,4824.92,Monthly,Credit Card,15,31.46,8,356113,Dewasa Muda (25-45)
cust_0967,46,Rural,Middle,216,15888.92,49018.66,4880.24,3432007,270,113,1387,18,3902.39,Daily,Credit Card,14,40.29,8,353823,Dewasa (45-65)
cust_0968,26,Urban,Low,725,7183.98,26791.83,2459.04,5208383,76,122,3523,17,298.69,Weekly,Wallet Balance,12,19.42,8,537434,Dewasa Muda (25-45)
cust_0969,69,Suburban,High,816,19132.19,43529.43,7678.34,15611863,331,275,1734,18,3932.41,Monthly,Wallet Balance,5,70.47,7,1571488,Senior (>65)
cust_0970,31,Suburban,Middle,712,19874.36,77531.56,2791.41,14150543,66,232,251,27,848.2,Daily,UPI,1,30.15,2,1419832,Dewasa Muda (25-45)
cust_0971,23,Urban,High,864,18320.85,36806.74,8892.74,15829215,33,312,2943,11,1786.21,Weekly,UPI,8,40.89,2,1591014,Remaja (<25)
cust_0972,19,Suburban,Low,543,1706.69,2473.58,748.42,926730,269,249,2005,31,1592.6,Daily,Credit Card,0,33.91,9,107986,Remaja (<25)
cust_0973,55,Rural,High,802,6670.33,21337.28,1704.33,5349605,30,329,3313,12,1361.91,Monthly,UPI,8,62.29,1,543105,Dewasa (45-65)
cust_0974,19,Urban,High,855,18903.3,30329.87,7398.13,16162322,26,103,1276,22,1543.79,Weekly,Credit Card,9,27.32,1,1621212,Remaja (<25)
cust_0975,40,Urban,Low,985,16092.62,76632.09,6516.39,15851231,210,176,1027,35,3771.01,Daily,Debit Card,1,67.96,7,1595791,Dewasa Muda (25-45)
cust_0976,18,Rural,Low,135,18224.56,18257.29,8020.6,2460315,269,236,1396,29,1332.77,Monthly,Debit Card,18,58.15,10,261057,Remaja (<25)
cust_0977,47,Rural,Middle,83,11455.34,46082.36,2008.43,950793,324,282,1448,21,4003.62,Daily,Debit Card,13,6.37,6,104073,Dewasa (45-65)
cust_0978,18,Rural,Low,391,9613.15,20359.62,3667.23,3758740,123,245,1202,37,455.08,Monthly,Wallet Balance,2,63.71,6,387750,Remaja (<25)
cust_0979,42,Urban,Middle,47,2138.86,9377.51,242.41,100526,33,133,11,44,2975.85,Weekly,Debit Card,15,13.89,8,20986,Dewasa Muda (25-45)
cust_0980,44,Rural,High,392,16791.04,20831.02,2455.38,6582086,143,344,1316,41,4315.0,Monthly,UPI,18,5.23,4,666783,Dewasa Muda (25-45)
cust_0981,47,Rural,High,718,14905.38,71724.72,6117.57,10702062,145,159,769,2,396.49,Weekly,Credit Card,8,16.74,5,1076746,Dewasa (45-65)
cust_0982,65,Suburban,Middle,385,1186.94,1668.34,504.69,456973,262,280,2306,8,3174.44,Daily,UPI,1,7.05,5,54522,Dewasa (45-65)
cust_0983,66,Suburban,Low,381,4196.2,17420.64,1414.01,1598751,5,341,4524,14,2558.08,Daily,Credit Card,3,45.18,6,175044,Senior (>65)
cust_0984,34,Urban,Low,77,11149.98,34223.4,3709.31,858548,161,22,1356,29,1659.71,Weekly,Debit Card,10,32.77,1,91636,Dewasa Muda (25-45)
cust_0985,36,Suburban,High,259,13691.2,37261.7,5473.81,3546021,310,102,3183,25,503.37,Daily,Wallet Balance,7,34.71,4,367216,Dewasa Muda (25-45)
cust_0986,20,Suburban,Middle,949,2762.03,5857.22,1277.26,2621165,144,150,1973,29,3382.43,Weekly,Credit Card,15,44.78,3,270271,Remaja (<25)
cust_0987,33,Rural,High,604,4904.05,21408.51,1316.47,2962045,152,57,2253,4,1546.89,Daily,UPI,4,36.39,7,307337,Dewasa Muda (25-45)
cust_0988,43,Rural,High,934,3870.27,6962.64,564.78,3614835,5,158,2269,30,1694.6,Daily,Credit Card,1,71.4,1,369174,Dewasa Muda (25-45)
cust_0989,57,Suburban,Low,947,4407.74,17123.93,1920.01,4174132,195,303,1036,21,3587.96,Monthly,Debit Card,14,45.28,2,421791,Dewasa (45-65)
cust_0990,37,Suburban,Middle,399,18415.06,51252.17,4358.06,7347607,125,195,2552,40,4726.77,Monthly,Wallet Balance,5,42.62,8,749501,Dewasa Muda (25-45)
cust_0991,36,Suburban,High,100,14319.23,71509.96,2198.21,1431923,76,167,2648,14,1668.19,Monthly,UPI,7,30.42,2,151054,Dewasa Muda (25-45)
cust_0992,21,Urban,Low,501,14744.77,50804.52,5099.43,7387129,306,345,1754,44,3733.67,Weekly,UPI,1,32.69,9,753754,Remaja (<25)
cust_0993,16,Urban,High,383,15881.97,22500.91,5260.64,6082793,169,194,3286,34,4783.05,Monthly,Credit Card,3,71.25,4,619859,Remaja (<25)
cust_0994,20,Urban,High,707,7137.9,19115.89,2067.84,5046491,217,347,4038,18,489.13,Monthly,Debit Card,3,1.39,3,517280,Remaja (<25)
cust_0995,56,Suburban,Low,192,15346.02,19415.72,6812.39,2946435,183,260,4617,33,2646.01,Monthly,Credit Card,11,12.04,4,309854,Dewasa (45-65)
cust_0996,27,Suburban,Low,580,19568.48,41927.87,4087.67,11349720,337,200,3800,17,55.82,Daily,UPI,0,25.36,9,1153244,Dewasa Muda (25-45)
cust_0997,41,Urban,Middle,901,13970.9,33156.68,1471.05,12587781,113,5,1144,13,4125.89,Weekly,Credit Card,8,65.21,7,1267303,Dewasa Muda (25-45)
cust_0998,61,Urban,High,754,8340.89,36805.92,1913.3,6289034,276,300,1698,21,1434.45,Monthly,Credit Card,14,67.59,4,637682,Dewasa (45-65)
cust_0999,49,Suburban,Middle,602,14330.03,62363.58,1488.64,8626679,178,91,2352,23,1663.84,Monthly,Debit Card,7,5.09,7,875840,Dewasa (45-65)
cust_1000,64,Rural,Low,345,18016.89,18849.79,5719.22,6215825,125,24,219,12,3436.43,Monthly,Credit Card,16,11.06,8,629502,Dewasa (45-65)
cust_1001,29,Urban,Low,10,2583.94,8085.45,649.34,25839,291,236,1632,7,3945.9,Daily,Wallet Balance,14,63.64,8,12574,Dewasa Muda (25-45)
cust_1002,41,Suburban,High,264,5313.24,10064.21,2261.19,1402695,323,235,610,41,1999.95,Weekly,Debit Card,9,20.33,6,150589,Dewasa Muda (25-45)
cust_1003,60,Suburban,Middle,268,18386.73,41928.59,7704.67,4927644,199,226,4229,1,3327.6,Monthly,Credit Card,12,29.48,1,500658,Dewasa (45-65)
cust_1004,42,Rural,Middle,832,18925.2,20564.21,5182.77,15745762,138,28,4923,41,4781.77,Monthly,Debit Card,10,1.33,10,1596131,Dewasa Muda (25-45)
cust_1005,24,Suburban,High,630,9687.94,38741.92,1807.71,6103402,218,152,4944,26,4434.51,Monthly,UPI,15,35.89,3,623611,Remaja (<25)
cust_1006,41,Suburban,High,762,7497.27,36004.6,2016.56,5712922,297,246,4242,33,3506.47,Daily,Debit Card,14,62.44,6,587323,Dewasa Muda (25-45)
cust_1007,62,Urban,Middle,571,5662.81,10629.48,2018.94,3233463,168,5,3184,28,4715.32,Daily,Debit Card,17,26.89,1,331156,Dewasa (45-65)
cust_1008,37,Urban,Low,195,9980.04,23623.68,1757.31,1946108,134,13,432,25,4379.69,Monthly,Wallet Balance,11,63.55,5,200784,Dewasa Muda (25-45)
cust_1009,62,Rural,Low,987,18691.28,34125.34,7648.82,18448291,161,55,3437,22,3645.05,Daily,Wallet Balance,2,25.63,2,1854080,Dewasa (45-65)
cust_1010,45,Rural,High,562,3004.69,14182.74,697.76,1688638,272,286,3105,35,4586.24,Weekly,Credit Card,20,47.73,1,177280,Dewasa Muda (25-45)
cust_1011,58,Suburban,Middle,407,8402.41,8716.87,3973.26,3419782,280,102,61,8,4086.95,Monthly,Wallet Balance,11,21.85,10,350856,Dewasa (45-65)
cust_1012,63,Urban,Middle,296,18233.04,60815.38,5556.49,5396980,248,339,4182,20,2511.27,Weekly,Credit Card,0,37.55,3,551806,Dewasa (45-65)
cust_1013,32,Rural,Middle,890,6988.89,31331.6,3067.08,6220115,222,214,890,41,2511.41,Weekly,UPI,4,59.81,2,628635,Dewasa Muda (25-45)
cust_1014,41,Rural,Low,97,15363.95,26813.6,5321.41,1490302,316,113,3706,35,43.95,Weekly,Wallet Balance,19,61.24,6,165920,Dewasa Muda (25-45)
cust_1015,51,Rural,Low,462,7791.3,26178.63,2507.56,3599582,330,338,3921,2,151.25,Daily,Debit Card,7,6.43,6,373924,Dewasa (45-65)
cust_1016,16,Suburban,Middle,639,16100.48,19362.32,6003.1,10288209,172,90,2972,6,3731.14,Daily,UPI,4,66.98,7,1040499,Remaja (<25)
cust_1017,23,Urban,Middle,758,19620.24,83549.65,8330.68,14872139,259,271,1339,22,2773.84,Weekly,Credit Card,17,38.05,7,1497705,Remaja (<25)
cust_1018,64,Rural,High,87,7762.56,16283.65,2777.47,675342,256,247,4494,31,3804.79,Daily,Debit Card,7,16.56,5,82719,Dewasa (45-65)
cust_1019,50,Urban,High,991,16903.52,83757.18,7080.82,16751390,168,30,2860,22,4748.31,Daily,Wallet Balance,12,60.02,3,1683684,Dewasa (45-65)
cust_1020,67,Rural,Middle,77,19768.45,92675.27,3482.93,1522170,120,28,2378,15,2262.65,Monthly,UPI,16,46.1,6,163341,Senior (>65)
cust_1021,30,Rural,Middle,889,19676.76,77330.94,4151.93,17492643,19,68,4858,4,442.23,Monthly,Credit Card,7,37.07,3,1762159,Dewasa Muda (25-45)
cust_1022,62,Urban,Low,716,8681.08,25933.61,1665.81,6215656,296,357,2082,12,3132.8,Monthly,Credit Card,2,58.63,5,630363,Dewasa (45-65)
cust_1023,37,Urban,Middle,483,9720.36,39526.47,4075.96,4694936,309,143,777,9,498.67,Monthly,Wallet Balance,17,15.47,3,474698,Dewasa Muda (25-45)
cust_1024,29,Urban,High,146,6075.0,9248.8,816.79,886949,247,34,1406,1,3106.51,Weekly,Wallet Balance,11,42.26,6,96053,Dewasa Muda (25-45)
cust_1025,41,Suburban,Low,661,6287.24,14088.43,2630.24,4155862,205,355,3757,15,2638.69,Daily,UPI,12,69.29,4,427280,Dewasa Muda (25-45)
cust_1026,43,Rural,High,111,9854.49,10914.69,2518.97,1093848,67,227,2757,0,3561.09,Weekly,Debit Card,20,46.23,9,122118,Dewasa Muda (25-45)
cust_1027,38,Suburban,High,641,4018.37,14386.15,529.63,2575773,342,203,1746,5,1754.8,Monthly,UPI,8,43.52,2,262691,Dewasa Muda (25-45)
cust_1028,29,Urban,Low,765,14225.35,60061.59,3837.58,10882396,345,61,3567,18,719.31,Monthly,Credit Card,15,3.09,7,1103813,Dewasa Muda (25-45)
cust_1029,39,Rural,High,678,10730.81,51348.44,2362.93,7275487,185,191,2124,32,1181.05,Daily,Debit Card,0,13.97,5,739406,Dewasa Muda (25-45)
cust_1030,17,Suburban,Middle,297,17962.38,67287.58,6049.38,5334825,342,2,2421,27,3418.17,Daily,Debit Card,0,44.46,9,548315,Remaja (<25)
cust_1031,60,Rural,High,426,16213.54,63692.71,4685.89,6906969,108,118,52,4,2390.83,Daily,UPI,7,50.89,10,700005,Dewasa (45-65)
cust_1032,41,Suburban,Low,649,6456.2,29581.16,1412.04,4190072,165,308,4353,11,2704.09,Monthly,Credit Card,2,64.89,5,432461,Dewasa Muda (25-45)
cust_1033,29,Urban,Low,791,10121.03,48029.49,4502.91,8005738,121,52,2179,29,1614.99,Daily,UPI,13,62.86,5,812024,Dewasa Muda (25-45)
cust_1034,66,Suburban,Low,334,15012.79,44515.79,3944.29,5014272,84,15,1734,16,4183.51,Daily,UPI,13,26.55,2,506403,Senior (>65)
cust_1035,22,Rural,High,523,3872.07,5572.49,1116.22,2025092,302,284,3466,18,4997.28,Monthly,Credit Card,16,49.98,3,211742,Remaja (<25)
cust_1036,18,Rural,Middle,583,641.64,1838.72,281.46,374075,261,96,4690,39,1561.03,Weekly,Debit Card,0,33.94,6,55907,Remaja (<25)
cust_1037,62,Rural,Low,671,17047.57,54966.39,2312.04,11438917,107,98,927,41,3593.26,Weekly,Wallet Balance,3,34.87,4,1152049,Dewasa (45-65)
cust_1038,38,Rural,Middle,728,2759.63,9730.95,706.35,2009010,123,55,4344,24,855.5,Monthly,Debit Card,5,68.12,3,214561,Dewasa Muda (25-45)
cust_1039,61,Urban,Low,538,17789.33,88184.19,4645.55,9570661,73,278,4016,34,3712.16,Weekly,UPI,14,53.03,5,971642,Dewasa (45-65)
cust_1040,58,Suburban,Middle,798,18273.02,85339.64,5451.4,14581873,337,245,4749,8,2154.26,Monthly,Debit Card,20,69.74,9,1476408,Dewasa (45-65)
cust_1041,62,Urban,Middle,162,9219.4,23836.37,1313.29,1493543,313,328,1446,31,3026.53,Weekly,Wallet Balance,12,56.02,3,156833,Dewasa (45-65)
cust_1042,60,Urban,Middle,430,16137.57,23461.03,2276.43,6939153,154,38,2699,38,1187.8,Daily,Credit Card,8,52.52,7,709519,Dewasa (45-65)
cust_1043,33,Urban,Low,614,7270.19,13516.5,1937.99,4463898,289,120,339,37,4258.28,Weekly,Debit Card,20,31.36,9,457638,Dewasa Muda (25-45)
cust_1044,53,Rural,High,69,17166.71,29100.98,1943.47,1184502,97,258,2421,14,866.68,Monthly,Wallet Balance,6,8.56,4,128258,Dewasa (45-65)
cust_1045,50,Rural,High,133,16495.39,39985.67,3331.97,2193886,292,140,4980,44,4643.03,Monthly,Credit Card,5,45.76,7,238427,Dewasa (45-65)
cust_1046,66,Rural,High,189,1579.58,7117.53,285.07,298541,349,183,3946,45,306.24,Weekly,Wallet Balance,8,34.25,7,49092,Senior (>65)
cust_1047,30,Suburban,Middle,723,11656.21,32076.42,3447.38,8427438,278,213,2563,36,1439.91,Monthly,Wallet Balance,5,42.93,3,853749,Dewasa Muda (25-45)
cust_1048,40,Rural,Low,755,12803.58,41856.3,1337.51,9666701,254,126,3339,25,2814.73,Weekly,Wallet Balance,10,21.05,1,975440,Dewasa Muda (25-45)
cust_1049,52,Suburban,Middle,678,27.14,46.59,10.05,18399,82,140,3999,30,4292.34,Monthly,Debit Card,5,14.92,4,14691,Dewasa (45-65)
cust_1050,43,Rural,Low,924,19598.57,58235.05,8667.17,18109076,17,109,1380,29,2885.12,Daily,UPI,2,19.83,9,1824125,Dewasa Muda (25-45)
cust_1051,25,Rural,Middle,922,8137.29,36573.12,3114.11,7502577,300,9,4942,1,1080.57,Weekly,Wallet Balance,20,47.69,10,769701,Remaja (<25)
cust_1052,54,Urban,Low,573,10351.69,42378.3,4422.57,5931518,180,32,2355,6,4295.17,Weekly,Credit Card,17,68.66,7,603314,Dewasa (45-65)
cust_1053,32,Urban,Low,874,3904.13,5172.05,1395.05,3412212,216,235,3938,29,2980.81,Daily,Credit Card,13,71.43,10,360506,Dewasa Muda (25-45)
cust_1054,54,Urban,Low,279,12222.26,54368.16,3702.7,3410011,22,73,601,32,1161.73,Monthly,Credit Card,5,58.41,6,350822,Dewasa (45-65)
cust_1055,37,Suburban,Middle,430,16214.29,33974.01,3041.94,6972145,236,136,1671,47,2809.22,Weekly,Debit Card,1,68.99,5,708851,Dewasa Muda (25-45)
cust_1056,41,Suburban,High,625,11721.99,42936.06,2483.31,7326242,211,254,2779,38,3376.5,Daily,UPI,9,21.15,10,750294,Dewasa Muda (25-45)
cust_1057,59,Rural,Middle,542,15762.82,24992.45,3579.47,8543448,286,116,3765,46,3402.64,Monthly,Debit Card,18,1.25,10,874773,Dewasa (45-65)
cust_1058,40,Suburban,Middle,835,14624.85,54091.13,1684.89,12211748,207,156,2538,37,3620.02,Daily,Wallet Balance,6,14.78,1,1229140,Dewasa Muda (25-45)
cust_1059,32,Rural,Low,988,4760.78,5440.65,2214.88,4703650,325,82,638,19,4478.69,Daily,UPI,4,46.05,4,475301,Dewasa Muda (25-45)
cust_1060,28,Suburban,Low,161,8721.9,29676.95,4013.13,1404225,255,107,2685,18,4124.11,Weekly,Credit Card,14,64.85,3,148530,Dewasa Muda (25-45)
cust_1061,35,Suburban,High,746,2981.05,10683.37,426.62,2223864,345,229,4075,8,3038.49,Monthly,Debit Card,9,65.96,3,232817,Dewasa Muda (25-45)
cust_1062,40,Suburban,High,899,848.3,1677.92,273.73,762620,11,292,4802,21,160.83,Weekly,Credit Card,1,59.98,1,88885,Dewasa Muda (25-45)
cust_1063,19,Urban,Low,453,1270.75,6033.39,364.78,575649,307,117,1374,31,3747.61,Monthly,Debit Card,20,55.13,3,64539,Remaja (<25)
cust_1064,25,Suburban,High,889,18850.57,22317.0,7038.16,16758159,319,288,1726,29,4874.8,Monthly,Wallet Balance,1,22.6,10,1689730,Remaja (<25)
cust_1065,18,Urban,High,851,19690.9,89925.15,6718.68,16756959,342,213,656,5,1527.83,Daily,UPI,18,7.23,10,1686743,Remaja (<25)
cust_1066,56,Urban,Low,170,1908.6,4824.16,285.77,324462,34,167,2962,16,3034.49,Daily,UPI,7,38.29,8,46452,Dewasa (45-65)
cust_1067,60,Suburban,Middle,830,6710.52,25873.46,2442.84,5569728,121,49,4913,36,3843.33,Weekly,Credit Card,5,24.8,4,572477,Dewasa (45-65)
cust_1068,33,Rural,High,698,2297.27,8284.4,789.22,1603494,236,221,2875,14,3195.44,Monthly,UPI,11,10.1,7,172901,Dewasa Muda (25-45)
cust_1069,62,Rural,Low,57,16686.23,27915.82,5214.27,951115,183,279,579,6,4612.74,Daily,Wallet Balance,15,33.54,2,96563,Dewasa (45-65)
cust_1070,51,Rural,High,240,9930.98,22602.88,2591.61,2383434,78,289,159,13,2366.7,Monthly,Debit Card,15,38.32,7,245778,Dewasa (45-65)
cust_1071,62,Suburban,High,769,12429.02,38762.32,5990.4,9557918,123,179,3572,19,2659.23,Daily,Debit Card,14,55.97,6,969506,Dewasa (45-65)
cust_1072,37,Rural,Low,358,10802.82,47381.6,4750.82,3867408,276,171,1489,29,191.22,Daily,Credit Card,9,58.38,8,400523,Dewasa Muda (25-45)
cust_1073,49,Urban,High,201,14207.97,68474.46,4745.94,2855801,208,4,2895,17,4501.11,Weekly,Wallet Balance,3,34.26,8,298819,Dewasa (45-65)
cust_1074,62,Rural,High,444,6389.45,6915.6,655.25,2836917,186,336,3928,21,1311.41,Monthly,Credit Card,7,66.37,8,300992,Dewasa (45-65)
cust_1075,23,Suburban,High,837,2758.49,6648.61,752.65,2308857,17,195,2545,24,4892.11,Daily,Credit Card,8,57.0,10,245929,Remaja (<25)
cust_1076,55,Rural,Middle,827,362.22,1330.29,137.69,299559,290,258,463,23,1010.53,Monthly,Wallet Balance,20,31.71,4,36676,Dewasa (45-65)
cust_1077,64,Urban,Middle,302,8919.4,27747.52,1310.42,2693659,254,45,2389,30,1267.28,Monthly,Credit Card,16,25.87,9,285510,Dewasa (45-65)
cust_1078,59,Suburban,High,106,18157.61,86649.72,4768.55,1924706,99,344,507,48,2423.13,Monthly,Debit Card,5,23.57,8,205073,Dewasa (45-65)
cust_1079,34,Rural,Low,802,6112.28,6527.17,1079.98,4902047,147,208,1307,17,3302.5,Daily,Credit Card,15,33.92,4,496867,Dewasa Muda (25-45)
cust_1080,57,Suburban,High,101,3927.18,10803.5,923.9,396644,114,115,1021,33,2203.32,Monthly,UPI,20,24.45,2,45904,Dewasa (45-65)
cust_1081,56,Suburban,High,97,18521.59,68070.85,2049.74,1796594,97,130,2622,17,1759.08,Weekly,UPI,6,34.29,1,186723,Dewasa (45-65)
cust_1082,52,Suburban,Middle,665,2117.92,3961.22,319.16,1408415,322,160,2933,13,2700.43,Weekly,UPI,19,41.99,2,148657,Dewasa (45-65)
cust_1083,21,Rural,Middle,938,1045.5,4081.1,294.73,980681,328,1,2942,3,4791.49,Daily,Wallet Balance,3,12.79,5,106856,Remaja (<25)
cust_1084,67,Suburban,Middle,29,17589.47,23304.54,8078.42,510094,349,274,4791,6,4809.76,Weekly,UPI,3,57.65,5,63786,Senior (>65)
cust_1085,41,Rural,High,506,14021.18,39317.55,4153.53,7094716,170,160,3393,6,1640.22,Weekly,Wallet Balance,8,9.0,10,726037,Dewasa Muda (25-45)
cust_1086,49,Urban,High,665,8447.15,31296.19,2375.6,5617356,307,265,2843,0,3400.79,Daily,Credit Card,13,29.71,2,567721,Dewasa (45-65)
cust_1087,60,Rural,Low,438,15049.36,31107.45,6245.9,6591617,199,311,665,39,3609.56,Monthly,Debit Card,9,12.73,4,666587,Dewasa (45-65)
cust_1088,21,Urban,High,379,14831.38,19212.36,3072.05,5621094,177,323,3643,23,3267.09,Daily,UPI,18,22.58,8,578061,Remaja (<25)
cust_1089,52,Rural,High,73,810.81,3914.66,111.91,59189,124,248,767,31,565.05,Daily,Wallet Balance,2,33.54,1,11270,Dewasa (45-65)
cust_1090,48,Suburban,Middle,254,13528.17,62977.6,2486.87,3436156,157,24,2230,9,2697.38,Weekly,UPI,10,54.16,2,349626,Dewasa (45-65)
cust_1091,68,Rural,Middle,963,12821.04,60329.14,5340.22,12346660,95,267,383,8,3816.26,Daily,Wallet Balance,18,45.52,2,1236323,Senior (>65)
cust_1092,37,Suburban,Middle,911,19275.94,94722.18,7147.89,17560385,286,156,4120,38,1004.05,Monthly,UPI,2,26.61,5,1772576,Dewasa Muda (25-45)
cust_1093,36,Urban,Middle,516,19332.79,33615.7,2641.12,9975717,99,272,1337,2,1741.04,Daily,UPI,12,42.96,2,1001575,Dewasa Muda (25-45)
cust_1094,21,Rural,Middle,749,7562.21,12334.75,2774.1,5664094,235,93,2085,43,1019.0,Daily,Credit Card,11,22.04,8,582369,Remaja (<25)
cust_1095,21,Suburban,Low,550,11800.94,13416.0,5577.37,6490516,190,361,4397,34,4434.64,Monthly,UPI,12,60.53,3,662028,Remaja (<25)
cust_1096,63,Urban,Low,20,2835.73,12951.62,334.57,56714,294,12,4042,4,4292.66,Daily,Wallet Balance,19,35.31,3,15009,Dewasa (45-65)
cust_1097,19,Urban,Low,625,1338.47,5368.66,463.87,836541,273,238,4059,6,846.02,Monthly,UPI,9,51.89,8,99949,Remaja (<25)
cust_1098,45,Rural,Middle,535,8661.27,30600.7,2179.75,4633779,330,121,1392,11,3802.75,Monthly,UPI,19,23.15,1,466360,Dewasa Muda (25-45)
cust_1099,26,Urban,Middle,421,13800.74,65011.22,4145.92,5810112,18,90,2147,22,1819.88,Weekly,Debit Card,9,49.09,4,590595,Dewasa Muda (25-45)
cust_1100,45,Suburban,Middle,446,11359.54,37489.98,3535.9,5066356,174,75,1411,24,3430.85,Daily,Wallet Balance,0,66.8,7,517142,Dewasa Muda (25-45)
cust_1101,46,Urban,Low,879,8598.84,13060.98,3511.93,7558382,306,322,2706,16,2466.84,Monthly,Debit Card,2,8.65,5,766616,Dewasa (45-65)
cust_1102,39,Urban,Middle,136,16364.07,27940.96,5282.4,2225513,120,31,1815,13,2359.89,Daily,UPI,13,42.93,3,229301,Dewasa Muda (25-45)
cust_1103,24,Suburban,Low,505,15890.61,24292.54,5358.86,8024755,256,195,4150,34,4406.42,Weekly,Debit Card,20,36.57,8,819972,Remaja (<25)
cust_1104,18,Urban,Middle,933,14641.52,32659.85,3413.89,13660539,96,89,2631,0,3184.82,Weekly,UPI,15,39.41,5,1374723,Remaja (<25)
cust_1105,66,Urban,High,760,1549.87,3902.56,233.07,1177904,310,98,2174,21,1178.84,Weekly,UPI,18,14.82,6,129649,Senior (>65)
cust_1106,46,Urban,Low,301,15931.43,66710.56,5943.9,4795359,31,129,4051,27,553.79,Monthly,UPI,0,2.92,1,491061,Dewasa (45-65)
cust_1107,55,Urban,High,609,18389.23,32457.28,1842.47,11199042,97,295,3392,22,4667.03,Weekly,Wallet Balance,8,6.06,3,1129554,Dewasa (45-65)
cust_1108,52,Suburban,Low,33,1198.25,4674.91,277.38,39542,193,95,3467,17,766.93,Daily,Wallet Balance,1,21.18,10,22204,Dewasa (45-65)
cust_1109,51,Urban,Middle,647,8039.41,23836.16,1505.12,5201498,233,164,4248,45,3670.38,Daily,UPI,17,61.66,4,535310,Dewasa (45-65)
cust_1110,39,Suburban,Middle,767,19767.23,98809.24,5048.81,15161462,46,230,1172,44,2479.25,Monthly,Credit Card,5,58.29,10,1531650,Dewasa Muda (25-45)
cust_1111,46,Urban,High,278,11988.78,49229.9,2691.57,3332882,291,140,225,43,700.33,Daily,UPI,16,71.67,10,347688,Dewasa (45-65)
cust_1112,21,Urban,Middle,133,10276.41,50105.85,3922.37,1366762,236,317,4933,36,3883.28,Monthly,Debit Card,7,53.58,4,152200,Remaja (<25)
cust_1113,17,Urban,Low,750,3557.15,8428.33,725.95,2667861,49,328,2739,2,4522.42,Weekly,Credit Card,19,25.94,5,275202,Remaja (<25)
cust_1114,35,Urban,Middle,527,11314.07,16882.87,3669.15,5962515,337,109,1333,13,607.53,Monthly,Debit Card,2,66.2,9,608913,Dewasa Muda (25-45)
cust_1115,43,Suburban,Middle,789,8786.47,26566.64,2480.49,6932528,162,14,418,38,335.44,Monthly,Credit Card,20,57.14,4,701721,Dewasa Muda (25-45)
cust_1116,26,Suburban,Low,126,2557.59,3828.6,1075.27,322255,285,161,4610,6,4249.25,Daily,UPI,0,50.63,7,46920,Dewasa Muda (25-45)
cust_1117,19,Suburban,High,345,9292.01,27595.47,2520.34,3205743,134,132,4384,16,2504.77,Daily,Wallet Balance,20,39.07,8,337689,Remaja (<25)
cust_1118,30,Rural,High,17,3296.34,6855.61,1468.69,56037,257,113,2248,5,3372.68,Weekly,Wallet Balance,17,51.91,7,15913,Dewasa Muda (25-45)
cust_1119,21,Urban,Middle,824,14615.97,43324.48,1462.45,12043555,183,286,4968,46,2207.4,Daily,UPI,7,69.07,2,1219787,Remaja (<25)
cust_1120,69,Urban,Low,562,19473.23,93443.17,6658.57,10943955,27,340,2714,18,2062.14,Daily,Wallet Balance,1,62.22,1,1101592,Senior (>65)
cust_1121,64,Suburban,High,647,9396.85,20260.88,976.55,6079758,140,94,2816,14,1498.3,Daily,UPI,8,14.81,5,619258,Dewasa (45-65)
cust_1122,45,Rural,High,630,12651.04,62922.95,4877.91,7970157,260,347,167,38,2814.64,Daily,UPI,20,7.93,8,807742,Dewasa Muda (25-45)
cust_1123,53,Urban,Middle,378,8625.2,16537.25,1673.02,3260325,80,89,1698,4,799.04,Daily,Credit Card,10,2.18,1,330429,Dewasa (45-65)
cust_1124,66,Suburban,Low,818,2777.69,5089.94,699.96,2272152,180,310,1318,14,3586.15,Weekly,Debit Card,15,51.61,2,231458,Senior (>65)
cust_1125,17,Urban,High,60,19411.4,61711.83,4895.07,1164684,267,134,3082,44,2747.15,Weekly,UPI,8,20.8,9,134658,Remaja (<25)
cust_1126,30,Urban,Middle,637,2600.28,11358.48,1140.4,1656376,52,261,2404,25,4237.6,Weekly,UPI,16,51.99,6,176826,Dewasa Muda (25-45)
cust_1127,26,Suburban,Middle,467,2241.42,8961.23,315.68,1046743,84,206,1994,38,4605.07,Weekly,UPI,14,14.07,1,111159,Dewasa Muda (25-45)
cust_1128,23,Suburban,Middle,628,9188.87,35782.81,3370.1,5770608,156,307,2178,44,4502.93,Weekly,Wallet Balance,6,32.01,8,591565,Remaja (<25)
cust_1129,41,Urban,Middle,391,13181.16,28082.87,6491.76,5153832,328,34,4699,12,3006.15,Daily,UPI,3,1.97,3,527478,Dewasa Muda (25-45)
cust_1130,66,Urban,High,936,7104.92,7744.84,774.11,6650201,104,169,3385,30,1593.67,Monthly,Debit Card,14,8.71,4,677993,Senior (>65)
cust_1131,60,Suburban,Low,685,3858.42,6354.78,1876.57,2643014,346,345,110,12,1785.85,Weekly,Credit Card,16,6.78,10,274828,Dewasa (45-65)
cust_1132,59,Urban,Middle,187,16381.08,39280.07,1758.7,3063261,97,146,246,22,3262.68,Monthly,Wallet Balance,9,57.13,5,312386,Dewasa (45-65)
cust_1133,20,Urban,Middle,498,7268.44,35518.92,3172.38,3619680,125,20,4507,39,3559.84,Weekly,Wallet Balance,11,65.21,9,382102,Remaja (<25)
cust_1134,21,Suburban,High,600,3894.48,18222.68,1886.87,2336685,183,107,2620,31,806.43,Monthly,Wallet Balance,15,13.39,5,246605,Remaja (<25)
cust_1135,41,Urban,Middle,715,7308.05,13173.33,3633.64,5225253,327,136,4545,36,4989.75,Daily,UPI,6,38.24,6,538720,Dewasa Muda (25-45)
cust_1136,69,Urban,Middle,361,4298.94,16776.56,1219.39,1551916,54,26,1985,3,537.52,Daily,UPI,9,11.66,7,166192,Senior (>65)
cust_1137,19,Rural,Low,823,10393.76,34466.41,4643.76,8554064,302,246,1444,16,3035.46,Daily,Debit Card,1,56.33,5,863376,Remaja (<25)
cust_1138,34,Suburban,Middle,832,13369.1,16034.51,1991.14,11123095,164,341,1479,19,2655.12,Monthly,Debit Card,11,59.27,5,1120839,Dewasa Muda (25-45)
cust_1139,35,Rural,High,449,15993.15,39772.13,4320.61,7180925,149,155,2791,45,2954.94,Weekly,Debit Card,18,56.75,2,728697,Dewasa Muda (25-45)
cust_1140,48,Rural,Low,694,4558.96,13422.94,1017.52,3163921,290,42,4220,10,2668.82,Daily,Credit Card,5,18.86,2,326497,Dewasa (45-65)
cust_1141,35,Rural,High,864,3347.41,12285.99,863.87,2892162,87,178,2988,41,289.55,Monthly,Wallet Balance,20,24.97,6,305147,Dewasa Muda (25-45)
cust_1142,64,Urban,Low,680,401.87,875.93,153.03,273273,162,81,2307,32,4979.63,Weekly,UPI,19,15.81,10,42651,Dewasa (45-65)
cust_1143,27,Urban,Low,181,4569.47,21637.72,616.84,827074,168,177,534,38,4906.39,Daily,Debit Card,1,1.24,6,91122,Dewasa Muda (25-45)
cust_1144,62,Rural,Middle,812,487.87,1369.7,243.58,396148,135,193,79,5,2621.76,Weekly,Credit Card,19,5.59,10,48962,Dewasa (45-65)
cust_1145,16,Rural,Middle,959,6916.03,13791.38,2448.46,6632472,90,191,4367,38,1041.74,Weekly,Credit Card,13,71.03,6,681260,Remaja (<25)
cust_1146,41,Rural,Middle,130,2922.4,6621.33,1313.35,379912,308,283,3636,46,914.71,Daily,Debit Card,6,65.84,3,52405,Dewasa Muda (25-45)
cust_1147,29,Urban,High,975,11602.11,46495.95,5010.7,11312060,305,246,401,37,285.24,Daily,UPI,4,6.64,9,1144565,Dewasa Muda (25-45)
cust_1148,53,Rural,Middle,149,7680.7,27352.05,3121.43,1144423,81,100,3124,17,3059.29,Weekly,Debit Card,20,33.75,7,127860,Dewasa (45-65)
cust_1149,52,Rural,Middle,472,1880.77,7464.24,217.59,887723,351,35,4367,1,2391.18,Daily,Debit Card,8,70.19,4,100410,Dewasa (45-65)
cust_1150,26,Suburban,Low,818,8003.33,17362.16,2453.72,6546724,231,294,895,40,2081.56,Daily,Debit Card,12,4.87,9,668421,Dewasa Muda (25-45)
cust_1151,51,Suburban,Middle,721,4194.87,9679.22,970.1,3024500,89,294,3763,37,2626.07,Daily,Credit Card,14,48.48,4,316363,Dewasa (45-65)
cust_1152,28,Urban,Middle,623,13606.75,35198.97,1975.37,8477002,293,42,4466,16,4364.26,Monthly,Credit Card,4,8.56,3,859050,Dewasa Muda (25-45)
cust_1153,58,Suburban,Middle,948,7295.08,12798.28,1730.36,6915736,2,170,3896,23,353.59,Daily,Credit Card,7,25.71,1,702488,Dewasa (45-65)
cust_1154,18,Suburban,Middle,500,2949.13,11101.05,1055.56,1474564,352,57,2759,29,2720.45,Daily,Credit Card,6,4.34,4,158514,Remaja (<25)
cust_1155,48,Suburban,Low,649,6998.54,16218.4,1345.47,4542051,222,356,2239,42,3505.08,Weekly,Debit Card,11,43.49,3,464130,Dewasa (45-65)
cust_1156,21,Urban,Middle,355,4495.32,10361.47,1248.97,1595839,17,54,979,23,4853.44,Weekly,UPI,19,50.87,3,164415,Remaja (<25)
cust_1157,65,Suburban,Low,916,15917.62,33068.22,4167.2,14580541,196,188,3094,3,3698.46,Daily,Credit Card,11,3.94,6,1468692,Dewasa (45-65)
cust_1158,25,Urban,High,211,19667.52,55291.51,2379.48,4149846,120,296,1575,6,2740.57,Weekly,Debit Card,19,36.79,9,426364,Remaja (<25)
cust_1159,20,Rural,Middle,658,519.57,2123.96,182.49,341878,242,86,3981,14,3833.84,Monthly,Wallet Balance,13,22.23,1,42632,Remaja (<25)
cust_1160,38,Suburban,Middle,596,13803.5,59940.81,4797.25,8226887,174,64,1359,29,4985.29,Daily,Wallet Balance,15,51.36,9,834814,Dewasa Muda (25-45)
cust_1161,25,Urban,Middle,30,5286.52,22298.7,2572.24,158595,32,81,1553,28,4443.67,Weekly,Credit Card,12,37.23,2,21543,Remaja (<25)
cust_1162,59,Suburban,Low,1000,1337.51,4660.92,293.18,1337508,275,268,2535,48,445.48,Weekly,Wallet Balance,12,2.19,3,146398,Dewasa (45-65)
cust_1163,17,Rural,Middle,577,296.88,629.9,79.44,171301,195,185,1187,43,2874.14,Daily,UPI,14,19.85,9,31367,Remaja (<25)
cust_1164,28,Urban,Middle,24,17621.38,69418.04,4607.2,422913,4,345,4067,44,3932.37,Weekly,Debit Card,10,35.61,8,60859,Dewasa Muda (25-45)
cust_1165,55,Urban,High,984,7078.59,8193.1,3312.06,6965336,281,26,1383,12,3359.38,Weekly,Wallet Balance,7,7.84,9,707819,Dewasa (45-65)
cust_1166,17,Urban,Low,943,19890.93,83394.91,5240.46,18757149,21,238,3240,39,2084.84,Weekly,UPI,8,63.88,8,1893052,Remaja (<25)
cust_1167,35,Rural,Low,723,8853.12,36482.91,2453.25,6400805,238,296,2395,38,1612.22,Daily,Debit Card,4,64.66,6,653864,Dewasa Muda (25-45)
cust_1168,16,Rural,High,222,3760.08,13837.11,755.54,834737,93,299,4861,28,3135.02,Daily,Wallet Balance,1,8.99,10,104428,Remaja (<25)
cust_1169,52,Rural,Low,602,15545.1,21634.14,1561.77,9358150,89,225,3283,25,2061.84,Weekly,Credit Card,9,63.71,9,952850,Dewasa (45-65)
cust_1170,24,Urban,Middle,618,18530.58,92455.83,2671.74,11451898,113,328,1908,35,1959.99,Weekly,Credit Card,12,41.65,3,1154525,Remaja (<25)
cust_1171,32,Rural,Middle,684,16314.26,65675.3,6224.8,11158956,221,90,2624,34,4183.71,Weekly,Wallet Balance,14,62.46,4,1126451,Dewasa Muda (25-45)
cust_1172,24,Suburban,High,742,14906.53,58720.22,5560.11,11060647,98,17,2577,48,1578.28,Daily,Credit Card,20,45.57,1,1116229,Remaja (<25)
cust_1173,26,Rural,Low,925,6700.65,8416.22,1534.53,6198098,142,88,3161,47,3224.62,Weekly,Credit Card,13,66.1,7,636219,Dewasa Muda (25-45)
cust_1174,30,Urban,Low,589,1299.16,3371.09,375.72,765206,150,24,1037,18,4367.17,Weekly,UPI,10,33.65,2,80211,Dewasa Muda (25-45)
cust_1175,39,Suburban,Low,580,4033.97,5424.45,883.24,2339704,48,332,18,1,3108.86,Weekly,Debit Card,13,71.87,1,233552,Dewasa Muda (25-45)
cust_1176,53,Rural,High,877,8941.74,21854.93,3508.44,7841903,51,223,620,13,2463.94,Monthly,Credit Card,6,61.88,8,793498,Dewasa (45-65)
cust_1177,50,Suburban,Middle,401,19124.44,62765.29,8357.37,7668898,208,58,3611,15,176.51,Monthly,Wallet Balance,13,45.68,10,785523,Dewasa (45-65)
cust_1178,45,Suburban,High,865,14459.86,65293.31,6646.36,12507774,11,189,3931,48,3407.86,Weekly,Credit Card,2,28.83,9,1270735,Dewasa Muda (25-45)
cust_1179,46,Urban,Middle,901,16567.38,35317.52,2808.97,14927207,270,222,1513,35,4987.63,Weekly,UPI,9,44.72,4,1500752,Dewasa (45-65)
cust_1180,64,Suburban,High,604,5553.1,19400.65,2099.11,3354075,263,353,2384,39,4042.15,Monthly,UPI,20,52.76,9,351054,Dewasa (45-65)
cust_1181,20,Suburban,Middle,512,13679.62,22689.13,6637.38,7003966,197,51,2333,40,3172.33,Weekly,Credit Card,5,25.33,3,710476,Remaja (<25)
cust_1182,59,Urban,Low,88,17250.14,41673.84,6214.27,1518012,186,88,4349,30,2345.72,Weekly,Wallet Balance,5,39.41,8,170326,Dewasa (45-65)
cust_1183,65,Urban,Low,465,9593.44,45942.49,2306.16,4460947,296,222,2644,47,1121.62,Daily,Wallet Balance,19,64.2,10,465521,Dewasa (45-65)
cust_1184,29,Urban,Low,50,8603.54,34332.97,3048.91,430176,221,348,3556,47,3460.55,Monthly,UPI,2,68.62,5,58099,Dewasa Muda (25-45)
cust_1185,68,Suburban,High,103,14390.9,45809.43,5401.92,1482262,81,167,1301,48,886.51,Monthly,Wallet Balance,15,44.89,2,157184,Senior (>65)
cust_1186,26,Suburban,High,368,11202.63,22481.3,2899.45,4122569,222,194,3406,34,4435.24,Monthly,UPI,10,11.65,5,425251,Dewasa Muda (25-45)
cust_1187,24,Suburban,High,936,19863.49,50032.57,2812.6,18592226,170,101,3281,21,1769.94,Daily,Wallet Balance,19,55.48,6,1872999,Remaja (<25)
cust_1188,49,Urban,Low,492,8507.8,13840.27,2915.32,4185840,86,202,637,20,1998.98,Daily,Credit Card,16,18.58,5,425858,Dewasa (45-65)
cust_1189,27,Rural,Middle,558,3527.11,8513.97,1484.4,1968125,44,13,1263,27,1080.21,Monthly,Credit Card,11,5.61,7,208498,Dewasa Muda (25-45)
cust_1190,50,Suburban,Low,691,9443.98,15134.28,4712.84,6525791,261,147,918,16,2408.31,Daily,Credit Card,2,27.34,4,658810,Dewasa (45-65)
cust_1191,50,Rural,Low,779,4711.75,19700.89,891.57,3670451,104,262,4915,49,3402.27,Daily,Credit Card,3,20.08,10,390074,Dewasa (45-65)
cust_1192,16,Urban,Middle,268,11229.46,14856.99,4268.94,3009496,284,146,680,17,1513.9,Daily,Debit Card,10,37.55,10,313252,Remaja (<25)
cust_1193,55,Suburban,Middle,397,2524.68,4437.44,280.79,1002298,228,9,2863,31,3509.19,Weekly,Wallet Balance,8,1.17,7,114301,Dewasa (45-65)
cust_1194,37,Rural,Middle,320,19000.03,71528.77,9270.68,6080008,188,81,4932,22,3102.91,Monthly,Debit Card,5,49.26,9,627513,Dewasa Muda (25-45)
cust_1195,44,Suburban,Middle,520,17197.86,79283.28,1806.22,8942886,121,68,472,5,1861.94,Weekly,Wallet Balance,19,32.36,2,896801,Dewasa Muda (25-45)
cust_1196,23,Suburban,Low,449,3119.75,15156.9,759.72,1400768,149,310,1792,28,1564.02,Monthly,Debit Card,8,19.42,9,154678,Remaja (<25)
cust_1197,26,Suburban,High,777,3456.13,15013.77,451.24,2685416,352,126,2743,5,4306.65,Daily,UPI,19,20.26,10,282374,Dewasa Muda (25-45)
cust_1198,56,Rural,Low,476,10253.65,18927.08,3572.24,4880736,305,50,4324,32,59.68,Monthly,UPI,13,4.0,2,501891,Dewasa (45-65)
cust_1199,52,Urban,Middle,898,15459.9,33128.17,3645.44,13882989,57,70,3479,47,3579.53,Monthly,Wallet Balance,5,16.81,7,1405167,Dewasa (45-65)
cust_1200,29,Suburban,High,590,4389.4,19677.7,1725.81,2589743,341,139,3470,31,2086.27,Weekly,UPI,15,9.42,5,272971,Dewasa Muda (25-45)
cust_1201,45,Urban,High,909,1228.82,5600.16,361.95,1117001,189,170,1707,16,3588.46,Weekly,Wallet Balance,17,31.99,4,118919,Dewasa Muda (25-45)
cust_1202,50,Urban,Low,240,10915.23,38886.74,2922.68,2619655,357,90,3664,3,2537.57,Daily,Wallet Balance,8,36.09,7,275324,Dewasa (45-65)
cust_1203,36,Rural,Low,258,13835.03,31191.96,3312.2,3569436,38,139,4144,47,419.3,Daily,Debit Card,6,59.47,1,370722,Dewasa Muda (25-45)
cust_1204,52,Rural,Low,708,4894.87,9281.78,658.12,3465565,201,72,4822,30,4910.26,Weekly,Wallet Balance,17,41.17,3,359745,Dewasa (45-65)
cust_1205,20,Urban,High,972,14797.96,65246.13,2692.19,14383615,229,245,3011,21,430.23,Monthly,UPI,11,42.7,2,1448268,Remaja (<25)
cust_1206,34,Suburban,High,944,19013.37,34623.73,6761.93,17948620,131,67,3166,26,792.17,Monthly,Debit Card,4,7.91,2,1805397,Dewasa Muda (25-45)
cust_1207,29,Rural,High,842,2750.12,10030.28,821.46,2315599,171,130,2165,20,2101.68,Daily,Debit Card,13,25.89,5,241839,Dewasa Muda (25-45)
cust_1208,41,Suburban,Middle,643,10225.47,49816.59,1309.23,6574977,330,210,4705,19,4723.12,Daily,Debit Card,13,57.55,10,676446,Dewasa Muda (25-45)
cust_1209,19,Suburban,Middle,964,1146.27,4380.09,364.03,1105004,35,194,1097,33,1465.36,Daily,Debit Card,2,42.48,2,117261,Remaja (<25)
cust_1210,40,Suburban,Low,390,4141.15,8409.36,503.8,1615049,201,26,4132,22,2843.31,Monthly,UPI,6,27.65,3,173547,Dewasa Muda (25-45)
cust_1211,60,Urban,High,343,1805.49,3845.73,550.12,619282,168,332,3401,43,2607.18,Monthly,Credit Card,15,31.6,7,78726,Dewasa (45-65)
cust_1212,57,Suburban,Low,773,8086.09,11090.72,3929.72,6250549,246,293,1449,15,1650.74,Daily,UPI,20,9.23,2,630627,Dewasa (45-65)
cust_1213,40,Urban,High,754,16418.43,61486.19,3660.29,12379494,224,218,4282,5,3481.66,Monthly,Wallet Balance,20,2.86,4,1249272,Dewasa Muda (25-45)
cust_1214,33,Urban,Low,387,11546.84,35492.01,4496.35,4468626,341,36,2506,15,2507.31,Monthly,UPI,8,11.24,2,454120,Dewasa Muda (25-45)
cust_1215,55,Suburban,Middle,394,4459.47,8142.49,1775.85,1757031,58,16,3038,6,2891.43,Monthly,Wallet Balance,16,22.07,8,188933,Dewasa (45-65)
cust_1216,23,Suburban,High,683,811.81,1551.11,212.65,554467,290,78,777,13,1050.78,Monthly,Credit Card,8,21.11,6,63775,Remaja (<25)
cust_1217,54,Suburban,Middle,659,11072.43,11472.12,3734.92,7296731,25,322,1332,2,4632.75,Monthly,Debit Card,17,50.92,8,738220,Dewasa (45-65)
cust_1218,55,Suburban,High,270,2664.61,13093.02,769.59,719443,32,21,1449,32,552.86,Monthly,UPI,13,12.39,6,83765,Dewasa (45-65)
cust_1219,29,Urban,Low,149,6861.25,29586.22,1463.82,1022326,110,135,3463,48,3451.35,Daily,Debit Card,3,54.9,1,113232,Dewasa Muda (25-45)
cust_1220,47,Suburban,High,380,10208.74,26304.66,4102.86,3879322,101,245,2899,35,4429.48,Daily,Debit Card,14,51.34,9,404015,Dewasa (45-65)
cust_1221,66,Suburban,Middle,811,18075.61,86480.23,6889.17,14659322,150,184,4503,38,420.1,Weekly,Debit Card,3,11.75,9,1487528,Senior (>65)
cust_1222,53,Urban,High,28,1645.65,6102.85,757.36,46078,345,172,4166,28,143.76,Daily,UPI,4,47.91,5,20667,Dewasa (45-65)
cust_1223,48,Rural,Low,149,13375.47,53580.11,4644.64,1992944,193,54,2196,38,1665.77,Weekly,Credit Card,3,24.28,10,216653,Dewasa (45-65)
cust_1224,38,Rural,High,420,291.48,1084.27,74.47,122423,109,93,1460,3,3949.74,Monthly,UPI,8,8.55,7,20487,Dewasa Muda (25-45)
cust_1225,30,Urban,Middle,280,12601.87,50752.72,4859.32,3528524,356,314,3870,38,3586.83,Monthly,Credit Card,10,45.23,3,365598,Dewasa Muda (25-45)
cust_1226,48,Rural,Low,182,11035.13,18580.47,3835.97,2008394,277,293,1380,39,4110.79,Monthly,Credit Card,13,57.31,2,207444,Dewasa (45-65)
cust_1227,40,Urban,Middle,166,16239.21,52770.82,5629.25,2695709,233,176,2956,40,1987.49,Daily,Wallet Balance,11,69.33,8,286489,Dewasa Muda (25-45)
cust_1228,32,Suburban,High,17,10637.93,46780.36,4680.0,180844,21,190,1328,21,4968.8,Monthly,Credit Card,17,40.06,3,23356,Dewasa Muda (25-45)
cust_1229,48,Suburban,Middle,150,7058.81,7610.6,3276.61,1058820,252,246,1139,14,1830.53,Daily,Wallet Balance,11,41.22,2,110644,Dewasa (45-65)
cust_1230,62,Rural,High,339,4862.59,7263.6,836.84,1648417,14,295,4816,3,4026.92,Daily,UPI,8,33.89,7,179760,Dewasa (45-65)
cust_1231,17,Suburban,Low,45,1714.14,3398.39,386.74,77136,215,192,3122,17,1754.03,Daily,Debit Card,1,22.91,9,23780,Remaja (<25)
cust_1232,29,Rural,Middle,502,10696.91,23307.56,3852.19,5369847,24,104,1095,43,1092.22,Monthly,Credit Card,18,11.16,6,548928,Dewasa Muda (25-45)
cust_1233,68,Rural,Middle,842,17767.56,30752.36,5736.94,14960281,20,68,3994,22,1683.35,Daily,Debit Card,5,22.31,2,1507374,Senior (>65)
cust_1234,55,Suburban,High,189,10299.74,36021.51,3717.49,1946651,202,324,1663,37,963.39,Weekly,Credit Card,12,24.71,2,203209,Dewasa (45-65)
cust_1235,55,Suburban,Middle,651,14784.67,32172.56,4039.26,9624817,321,155,2808,3,645.55,Weekly,Wallet Balance,14,53.27,1,969074,Dewasa (45-65)
cust_1236,66,Rural,Middle,61,5975.71,9754.75,1583.42,364518,52,226,2873,3,1819.82,Monthly,UPI,1,10.14,9,50587,Senior (>65)
cust_1237,54,Suburban,Low,294,8968.14,41462.43,1318.87,2636631,357,233,4238,17,733.97,Weekly,Wallet Balance,15,14.26,4,277472,Dewasa (45-65)
cust_1238,66,Urban,High,834,6498.82,24566.43,2271.07,5420014,186,104,1190,0,2511.64,Daily,Wallet Balance,5,70.02,4,547125,Senior (>65)
cust_1239,21,Suburban,High,33,2194.23,4353.87,373.71,72409,207,316,3141,31,177.06,Weekly,Wallet Balance,13,6.03,10,26534,Remaja (<25)
cust_1240,21,Suburban,Low,299,8345.6,20395.1,3074.59,2495335,360,240,3591,20,2156.64,Monthly,UPI,18,66.98,4,261637,Remaja (<25)
cust_1241,18,Urban,Low,415,15288.1,60588.92,7442.69,6344562,95,212,1186,37,4790.03,Weekly,UPI,14,11.39,1,639133,Remaja (<25)
cust_1242,22,Suburban,High,624,7905.55,32915.87,1601.39,4933063,348,126,1598,25,1794.22,Weekly,Debit Card,17,39.1,10,508105,Remaja (<25)
cust_1243,66,Suburban,Low,803,13007.08,22186.76,2040.3,10444687,266,123,3358,40,688.21,Weekly,UPI,11,29.13,8,1062840,Senior (>65)
cust_1244,23,Rural,Low,549,15174.72,72023.86,1664.21,8330923,326,36,3324,48,1525.98,Daily,Wallet Balance,1,29.41,9,852777,Remaja (<25)
cust_1245,57,Suburban,Low,431,6461.5,26757.63,1625.27,2784905,15,238,705,20,3956.39,Daily,Wallet Balance,19,50.82,9,288922,Dewasa (45-65)
cust_1246,67,Suburban,High,495,15952.32,70625.01,2964.65,7896396,175,242,3880,42,1568.3,Weekly,UPI,15,47.57,9,809815,Senior (>65)
cust_1247,30,Urban,Low,100,6785.13,10689.53,2013.44,678512,219,133,4352,28,1917.48,Daily,Debit Card,20,67.96,6,84396,Dewasa Muda (25-45)
cust_1248,62,Rural,Middle,23,5129.58,8071.23,1588.75,117980,10,227,2889,40,3943.93,Weekly,Wallet Balance,19,52.0,7,26604,Dewasa (45-65)
cust_1249,44,Rural,Middle,420,4456.7,9900.45,1068.41,1871813,19,90,1529,42,1302.8,Weekly,Credit Card,14,44.1,1,194787,Dewasa Muda (25-45)
cust_1250,48,Rural,High,424,4006.08,5042.0,1602.28,1698579,68,255,4715,31,2391.45,Weekly,Debit Card,7,13.49,5,186192,Dewasa (45-65)
cust_1251,67,Suburban,Low,487,14745.11,20116.3,6811.1,7180868,278,83,3963,3,315.84,Monthly,Wallet Balance,20,34.84,6,732154,Senior (>65)
cust_1252,45,Rural,Middle,730,17751.31,27919.77,3277.06,12958456,319,139,1848,12,870.35,Monthly,Credit Card,1,36.3,8,1308306,Dewasa Muda (25-45)
cust_1253,54,Urban,High,89,4620.66,17788.25,2007.77,411239,294,309,3576,50,1047.24,Daily,Wallet Balance,13,46.36,1,53752,Dewasa (45-65)
cust_1254,42,Rural,Middle,209,1713.95,1921.21,261.34,358216,15,20,1546,34,2317.91,Monthly,Wallet Balance,3,26.99,8,49154,Dewasa Muda (25-45)
cust_1255,51,Urban,Low,271,6282.2,8374.04,1202.92,1702476,326,329,3801,26,4104.9,Daily,UPI,10,11.32,7,185397,Dewasa (45-65)
cust_1256,44,Rural,High,933,13160.37,62863.57,4271.41,12278621,114,84,2606,0,1772.55,Weekly,Credit Card,16,63.37,2,1234187,Dewasa Muda (25-45)
cust_1257,53,Rural,Middle,749,7376.72,9845.16,1642.3,5525160,300,27,4033,48,1902.44,Monthly,Wallet Balance,6,3.3,7,571430,Dewasa (45-65)
cust_1258,48,Urban,High,900,10988.04,34610.67,1282.13,9889235,158,58,344,48,1505.03,Weekly,UPI,0,10.58,4,997658,Dewasa (45-65)
cust_1259,52,Rural,Middle,406,14888.66,53156.86,3244.97,6044794,104,330,2426,38,1602.46,Daily,UPI,20,33.39,10,622330,Dewasa (45-65)
cust_1260,42,Rural,Middle,721,8175.49,39523.36,3776.65,5894525,280,217,4227,13,2017.52,Weekly,Wallet Balance,8,64.1,10,608197,Dewasa Muda (25-45)
cust_1261,48,Rural,Low,278,19993.9,91956.16,3392.75,5558304,86,333,1234,36,4497.02,Monthly,UPI,16,8.28,6,565649,Dewasa (45-65)
cust_1262,19,Suburban,Low,977,5966.01,16482.47,2419.22,5828787,94,125,4812,29,121.88,Daily,Debit Card,0,53.37,9,604341,Remaja (<25)
cust_1263,37,Urban,Middle,206,19565.18,93299.64,7609.15,4030428,174,288,1618,13,3122.93,Monthly,Debit Card,1,21.34,4,410017,Dewasa Muda (25-45)
cust_1264,17,Rural,High,590,4068.56,11103.37,579.73,2400452,242,200,4172,10,4438.41,Monthly,Debit Card,18,6.39,10,257170,Remaja (<25)
cust_1265,25,Urban,High,913,2227.53,8196.57,516.29,2033730,262,283,1163,30,2084.8,Monthly,Wallet Balance,10,64.54,2,209656,Remaja (<25)
cust_1266,20,Urban,Low,328,15019.1,30615.43,2639.5,4926266,294,214,3199,27,3254.57,Monthly,Debit Card,9,70.04,9,509097,Remaja (<25)
cust_1267,25,Urban,Middle,610,14049.17,49826.48,1535.01,8569993,282,156,753,26,2928.57,Weekly,Wallet Balance,9,10.36,1,860641,Remaja (<25)
cust_1268,48,Rural,Low,858,16225.28,51154.33,2745.58,13921286,147,18,1590,2,1693.16,Daily,Debit Card,0,64.62,6,1400662,Dewasa (45-65)
cust_1269,69,Rural,Middle,877,6878.37,23574.41,1242.45,6032332,2,343,4162,5,687.09,Monthly,UPI,2,47.02,7,618713,Senior (>65)
cust_1270,53,Urban,Middle,862,18616.84,69452.09,3097.7,16047720,68,105,4567,38,1098.09,Monthly,UPI,15,15.3,8,1625156,Dewasa (45-65)
cust_1271,28,Suburban,Low,982,2398.43,4062.52,327.24,2355261,69,159,4246,18,287.23,Weekly,UPI,12,48.68,4,249674,Dewasa Muda (25-45)
cust_1272,46,Urban,High,336,615.24,1356.63,191.05,206720,47,41,4099,40,3823.64,Monthly,UPI,8,58.61,1,31958,Dewasa (45-65)
cust_1273,62,Suburban,Low,606,6018.27,23741.88,1378.52,3647072,355,290,3089,33,2664.04,Daily,Wallet Balance,7,36.06,1,373853,Dewasa (45-65)
cust_1274,51,Urban,Middle,592,15948.52,26399.51,7388.94,9441521,64,7,2571,27,3928.17,Monthly,Credit Card,10,65.56,1,951030,Dewasa (45-65)
cust_1275,60,Urban,Low,38,13462.92,32000.82,2354.47,511590,80,5,4351,11,1450.98,Monthly,Debit Card,8,38.52,3,63235,Dewasa (45-65)
cust_1276,39,Urban,High,920,8729.81,32002.75,2978.13,8031428,254,21,3106,38,4023.36,Monthly,Credit Card,10,14.17,9,820143,Dewasa Muda (25-45)
cust_1277,67,Rural,High,228,5132.51,24382.52,2362.23,1170212,237,134,4685,9,1546.02,Daily,Wallet Balance,12,51.36,6,132518,Senior (>65)
cust_1278,30,Suburban,Middle,483,1194.86,1554.76,142.04,577118,329,120,1886,46,606.67,Monthly,Credit Card,13,49.06,7,72780,Dewasa Muda (25-45)
cust_1279,44,Suburban,Low,134,6756.74,20717.8,2071.01,905402,139,242,4418,24,2669.05,Daily,Credit Card,8,46.47,7,107441,Dewasa Muda (25-45)
cust_1280,23,Urban,High,708,9205.8,12221.81,2580.09,6517702,264,106,4548,22,4726.48,Daily,Debit Card,2,63.47,2,662703,Remaja (<25)
cust_1281,20,Rural,Low,978,13743.61,34586.17,6480.27,13441247,316,343,3903,25,2071.97,Monthly,Wallet Balance,5,38.48,6,1359394,Remaja (<25)
cust_1282,44,Rural,High,390,12922.98,21989.04,4723.43,5039961,154,131,2908,18,2576.94,Weekly,UPI,13,51.0,9,519323,Dewasa Muda (25-45)
cust_1283,62,Suburban,Middle,794,18947.42,68168.17,4541.03,15044255,132,38,4454,37,2256.45,Monthly,UPI,12,68.78,4,1519905,Dewasa (45-65)
cust_1284,19,Rural,Middle,613,2016.91,8130.85,775.72,1236368,226,87,4128,19,2287.17,Weekly,Credit Card,0,10.78,8,140649,Remaja (<25)
cust_1285,27,Suburban,Low,987,6733.44,13395.32,2242.65,6645904,92,336,1351,44,1071.78,Monthly,UPI,13,28.44,8,679156,Dewasa Muda (25-45)
cust_1286,60,Suburban,Middle,425,9636.75,37116.39,2301.91,4095616,118,113,435,43,2112.41,Weekly,Wallet Balance,11,16.53,3,416675,Dewasa (45-65)
cust_1287,17,Suburban,High,587,13417.21,37397.46,5556.06,7875901,126,251,3490,17,2484.5,Daily,Debit Card,2,23.99,7,802027,Remaja (<25)
cust_1288,42,Rural,Middle,806,9914.08,21159.82,3641.12,7990747,227,345,3987,47,3724.29,Daily,Wallet Balance,13,37.25,8,817886,Dewasa Muda (25-45)
cust_1289,46,Suburban,High,510,18256.04,56477.0,1865.16,9310578,339,362,4944,10,699.16,Monthly,UPI,1,61.02,6,947596,Dewasa (45-65)
cust_1290,66,Suburban,High,720,12177.36,30669.91,5431.76,8767699,179,71,2860,24,2858.07,Monthly,UPI,9,29.37,4,887460,Senior (>65)
cust_1291,66,Urban,Middle,595,802.91,1541.58,207.82,477732,85,264,4172,42,3310.97,Weekly,Debit Card,3,40.61,8,66661,Senior (>65)
cust_1292,51,Suburban,High,427,2281.98,9190.41,817.36,974406,164,69,1073,0,1913.96,Weekly,Wallet Balance,6,58.67,4,102629,Dewasa (45-65)
cust_1293,51,Suburban,High,949,15072.38,63154.71,3899.33,14303685,230,255,2489,31,2745.82,Daily,Credit Card,16,66.9,6,1443073,Dewasa (45-65)
cust_1294,41,Urban,Low,655,14318.6,60155.99,6479.81,9378680,206,275,669,32,3553.71,Weekly,Credit Card,9,25.83,2,942629,Dewasa Muda (25-45)
cust_1295,58,Urban,Low,474,3078.41,7783.97,1109.25,1459164,104,86,462,6,2325.51,Daily,Wallet Balance,1,13.63,2,148277,Dewasa (45-65)
cust_1296,42,Rural,Low,568,1187.58,1992.9,393.99,674547,114,218,376,30,1666.75,Daily,Wallet Balance,19,42.33,4,74373,Dewasa Muda (25-45)
cust_1297,20,Suburban,Middle,361,11578.57,50501.61,5697.88,4179863,188,50,2593,25,4123.52,Weekly,Wallet Balance,14,64.6,6,429610,Remaja (<25)
cust_1298,35,Rural,Low,952,12718.42,29469.28,2699.56,12107935,271,134,435,6,4944.08,Monthly,Debit Card,11,18.64,3,1212791,Dewasa Muda (25-45)
cust_1299,26,Rural,High,799,2714.64,10837.57,342.32,2168997,51,230,1020,35,1083.18,Weekly,Credit Card,0,36.46,3,224898,Dewasa Muda (25-45)
cust_1300,25,Urban,Middle,211,9477.65,40467.69,2903.99,1999784,306,61,723,45,4446.97,Monthly,Credit Card,9,35.5,6,209700,Remaja (<25)
cust_1301,55,Rural,Middle,953,6123.57,24938.92,1650.96,5835764,222,252,2939,23,2727.14,Daily,Credit Card,8,66.82,10,600390,Dewasa (45-65)
cust_1302,53,Suburban,Middle,179,18626.8,47670.16,5247.47,3334197,111,230,2202,4,2239.62,Daily,Credit Card,13,33.43,8,345103,Dewasa (45-65)
cust_1303,21,Urban,Middle,920,4391.8,20870.15,1528.53,4040459,55,351,4364,21,4465.82,Monthly,Debit Card,8,39.07,6,418641,Remaja (<25)
cust_1304,23,Suburban,High,58,14667.88,53400.62,5075.8,850737,12,58,3623,43,4551.69,Daily,Credit Card,20,10.82,8,102343,Remaja (<25)
cust_1305,38,Suburban,High,73,10367.5,34243.69,2663.47,756827,190,185,2207,35,1363.28,Daily,Wallet Balance,19,33.53,4,86915,Dewasa Muda (25-45)
cust_1306,62,Urban,Low,215,240.31,911.15,106.97,51665,155,203,4215,2,1791.86,Weekly,Credit Card,9,25.27,5,17900,Dewasa (45-65)
cust_1307,41,Suburban,Middle,900,10344.8,12195.57,3730.16,9310321,335,32,3385,49,4259.62,Weekly,Debit Card,9,16.74,3,943572,Dewasa Muda (25-45)
cust_1308,61,Urban,Low,778,1998.45,5120.14,911.22,1554792,346,145,2093,36,2454.12,Daily,UPI,10,37.12,7,169038,Dewasa (45-65)
cust_1309,58,Suburban,High,959,13184.65,59658.82,6134.31,12644082,265,169,2516,37,1440.14,Weekly,Debit Card,17,55.73,7,1279420,Dewasa (45-65)
cust_1310,27,Urban,Middle,73,11314.82,18605.16,1888.72,825981,360,22,3453,45,4810.88,Daily,Credit Card,2,13.55,6,97598,Dewasa Muda (25-45)
cust_1311,41,Rural,High,467,218.44,580.53,81.31,102011,104,336,2669,5,1085.19,Daily,Debit Card,11,11.05,4,19496,Dewasa Muda (25-45)
cust_1312,28,Suburban,Low,271,4101.81,10750.81,931.13,1111590,163,298,4026,24,3051.69,Monthly,Debit Card,2,9.82,7,127085,Dewasa Muda (25-45)
cust_1313,55,Urban,High,499,15526.74,37639.41,6747.48,7747842,141,79,1144,22,2139.58,Weekly,Debit Card,11,55.18,3,781202,Dewasa (45-65)
cust_1314,33,Suburban,Middle,354,5522.69,17945.47,2171.2,1955033,237,136,3008,11,2256.51,Weekly,Debit Card,10,56.95,6,207491,Dewasa Muda (25-45)
cust_1315,40,Suburban,Middle,234,9990.68,49801.44,1793.32,2337817,44,302,1312,27,529.94,Daily,Wallet Balance,13,64.1,4,242840,Dewasa Muda (25-45)
cust_1316,48,Suburban,Low,319,6246.85,12639.85,2970.33,1992745,239,176,2559,43,1285.69,Monthly,UPI,16,69.45,5,213049,Dewasa (45-65)
cust_1317,62,Urban,Middle,19,18431.32,70404.49,6882.1,350195,97,77,3629,39,834.99,Weekly,Debit Card,11,27.8,6,51760,Dewasa (45-65)
cust_1318,55,Rural,High,625,10736.17,43288.04,5147.49,6710109,98,30,4661,31,3748.12,Weekly,Credit Card,20,25.17,7,688558,Dewasa (45-65)
cust_1319,58,Rural,High,575,13926.51,46486.6,2517.42,8007742,324,284,1027,24,3488.72,Daily,Wallet Balance,3,71.39,7,810483,Dewasa (45-65)
cust_1320,27,Rural,High,372,1678.69,2333.21,751.85,624471,53,329,4086,33,3970.52,Weekly,UPI,4,11.09,7,78933,Dewasa Muda (25-45)
cust_1321,59,Urban,High,184,816.32,2685.27,299.78,150202,109,153,1936,29,3496.31,Weekly,Wallet Balance,2,3.96,5,25044,Dewasa (45-65)
cust_1322,51,Rural,Low,277,5191.97,24993.41,1666.18,1438176,257,213,4847,36,643.55,Daily,Debit Card,14,28.35,10,166789,Dewasa (45-65)
cust_1323,63,Urban,High,674,6189.59,14658.45,2650.42,4171786,11,179,1615,17,4892.96,Monthly,Credit Card,4,7.25,7,426662,Dewasa (45-65)
cust_1324,19,Suburban,Low,755,13756.73,48956.81,4858.13,10386334,178,295,4296,34,942.58,Weekly,Credit Card,16,28.21,5,1055154,Remaja (<25)
cust_1325,20,Suburban,High,145,11386.92,55085.25,4188.56,1651103,294,83,4351,47,1752.25,Daily,Wallet Balance,3,30.22,5,182636,Remaja (<25)
cust_1326,52,Rural,Low,658,7497.85,31430.68,1510.58,4933582,25,200,198,36,3534.39,Daily,Credit Card,18,46.35,3,498587,Dewasa (45-65)
cust_1327,23,Urban,High,81,13085.81,49114.06,5585.3,1059950,126,323,2120,40,702.24,Monthly,Credit Card,12,53.83,9,122883,Remaja (<25)
cust_1328,57,Suburban,High,322,3279.68,16019.91,1181.08,1056056,266,129,950,5,852.53,Monthly,UPI,2,46.99,9,116579,Dewasa (45-65)
cust_1329,64,Urban,Low,435,1279.16,2151.97,559.96,556434,133,294,2735,18,4382.88,Daily,Credit Card,13,51.21,1,61721,Dewasa (45-65)
cust_1330,43,Urban,Middle,833,17091.56,69921.48,4112.41,14237266,278,191,2266,21,1660.07,Daily,Credit Card,16,27.2,4,1433528,Dewasa Muda (25-45)
cust_1331,46,Suburban,Middle,43,11283.28,29645.06,2625.44,485181,42,52,1759,31,3327.92,Daily,Wallet Balance,20,33.41,3,56472,Dewasa (45-65)
cust_1332,24,Urban,Middle,313,12985.41,31706.83,1422.7,4064434,101,83,1456,26,4293.74,Weekly,Wallet Balance,3,51.72,4,413808,Remaja (<25)
cust_1333,69,Suburban,Low,906,6151.77,18964.01,2506.49,5573505,284,341,406,15,4866.0,Weekly,Wallet Balance,9,11.47,2,559229,Senior (>65)
cust_1334,66,Suburban,Middle,293,7445.38,8450.54,1728.26,2181496,277,188,794,25,1051.43,Weekly,Credit Card,8,51.56,6,227711,Senior (>65)
cust_1335,44,Suburban,Middle,688,1656.53,3727.38,382.47,1139689,139,13,2840,38,614.64,Weekly,Wallet Balance,18,68.56,6,129141,Dewasa Muda (25-45)
cust_1336,29,Urban,Low,888,17141.19,28537.72,6436.07,15221380,221,219,1116,3,3703.68,Monthly,Credit Card,7,13.47,7,1529818,Dewasa Muda (25-45)
cust_1337,55,Suburban,Middle,69,11852.86,18428.4,2384.18,817847,69,17,1103,15,941.01,Weekly,UPI,0,29.0,6,91020,Dewasa (45-65)
cust_1338,56,Urban,Middle,56,1681.72,3950.96,779.66,94176,293,242,4187,48,2900.95,Daily,Debit Card,19,42.28,8,29141,Dewasa (45-65)
cust_1339,37,Suburban,Middle,631,16092.55,67734.45,5072.8,10154396,177,340,2579,18,2663.23,Weekly,Debit Card,2,51.99,4,1025066,Dewasa Muda (25-45)
cust_1340,26,Suburban,Low,204,8887.87,16037.66,4335.42,1813124,197,158,2130,27,2799.62,Monthly,Debit Card,18,18.89,2,188872,Dewasa Muda (25-45)
cust_1341,38,Rural,Low,420,15304.38,47836.32,1999.79,6427837,33,166,4505,16,3248.96,Daily,Wallet Balance,17,42.5,10,661769,Dewasa Muda (25-45)
cust_1342,16,Rural,Middle,927,262.27,1047.67,61.56,243125,301,139,2491,44,4254.46,Weekly,UPI,13,67.39,7,38567,Remaja (<25)
cust_1343,61,Rural,Middle,567,584.51,1147.9,147.64,331415,228,294,2177,1,1359.09,Weekly,Debit Card,13,26.38,1,37915,Dewasa (45-65)
cust_1344,52,Urban,Low,550,3423.95,16081.66,1342.77,1883173,136,28,4866,1,2776.22,Daily,Credit Card,9,41.4,1,197761,Dewasa (45-65)
cust_1345,36,Urban,Middle,243,4226.22,18874.27,782.63,1026971,134,359,3942,23,1683.43,Daily,UPI,2,45.31,5,117039,Dewasa Muda (25-45)
cust_1346,41,Suburban,Low,201,15281.47,30634.96,3822.48,3071575,143,161,4279,26,1593.67,Daily,Wallet Balance,1,64.0,5,322518,Dewasa Muda (25-45)
cust_1347,61,Suburban,Middle,748,14136.82,70098.14,6563.12,10574338,245,182,2712,3,102.1,Monthly,Debit Card,18,23.08,5,1068106,Dewasa (45-65)
cust_1348,51,Suburban,Low,474,12325.6,45317.35,1797.32,5842335,137,280,364,47,2997.01,Monthly,Debit Card,18,62.98,3,591163,Dewasa (45-65)
cust_1349,69,Suburban,High,527,17698.33,37952.3,7046.23,9327019,61,155,195,35,4862.53,Monthly,Debit Card,6,48.82,6,940160,Senior (>65)
cust_1350,38,Urban,High,656,4950.5,18436.42,1886.11,3247530,56,302,4305,19,3806.28,Daily,UPI,3,51.9,2,335359,Dewasa Muda (25-45)
cust_1351,16,Suburban,Low,77,18089.05,66296.26,2753.19,1392857,133,214,4230,11,1213.97,Weekly,UPI,11,5.71,10,158238,Remaja (<25)
cust_1352,69,Suburban,High,985,18190.33,62297.77,6828.58,17917471,208,340,4689,27,3580.62,Daily,Credit Card,6,26.31,8,1810034,Senior (>65)
cust_1353,66,Rural,Middle,478,8690.85,33431.84,2849.85,4154227,126,353,3654,28,1486.53,Weekly,UPI,2,9.38,8,432787,Senior (>65)
cust_1354,55,Suburban,Low,821,1896.78,3932.52,407.82,1557256,123,69,4599,45,3768.25,Weekly,UPI,1,40.87,5,172539,Dewasa (45-65)
cust_1355,30,Suburban,Low,440,14533.93,71447.97,3262.24,6394930,231,325,4572,32,4274.66,Daily,Credit Card,11,60.47,6,655699,Dewasa Muda (25-45)
cust_1356,36,Suburban,Middle,263,6745.2,29891.93,2922.0,1773988,35,295,4539,48,1671.65,Monthly,Debit Card,18,30.11,2,192441,Dewasa Muda (25-45)
cust_1357,62,Urban,Middle,185,15900.64,63331.7,3059.38,2941618,266,209,2731,17,10.93,Daily,Debit Card,5,17.02,5,306318,Dewasa (45-65)
cust_1358,24,Rural,Low,55,3282.17,3627.52,1001.43,180519,91,157,2170,11,1525.09,Weekly,UPI,10,22.63,8,30729,Remaja (<25)
cust_1359,68,Suburban,Middle,308,10794.91,36287.53,4020.67,3324831,21,75,1985,9,1029.28,Daily,Credit Card,12,41.7,10,346838,Senior (>65)
cust_1360,24,Suburban,Low,516,10166.39,38895.97,1544.89,5245859,140,342,2541,23,3093.07,Daily,Debit Card,14,55.49,7,537421,Remaja (<25)
cust_1361,25,Rural,Middle,299,2015.29,8900.31,953.11,602570,265,287,3990,46,1450.36,Weekly,Wallet Balance,5,49.98,9,81111,Remaja (<25)
cust_1362,67,Suburban,Low,552,7273.02,34798.71,1485.54,4014708,120,231,4485,16,180.23,Daily,Wallet Balance,7,67.89,9,420950,Senior (>65)
cust_1363,68,Urban,Middle,230,1704.26,7947.66,387.78,391979,221,65,2110,42,2656.67,Monthly,Credit Card,7,63.75,8,54289,Senior (>65)
cust_1364,41,Suburban,Middle,377,9300.16,24405.29,3408.01,3506159,23,271,3965,31,4373.43,Monthly,Credit Card,5,8.45,2,361459,Dewasa Muda (25-45)
cust_1365,56,Urban,High,286,16859.66,77318.49,2213.28,4821863,39,83,3480,24,2256.7,Monthly,UPI,7,50.96,4,494417,Dewasa (45-65)
cust_1366,50,Urban,High,138,5411.39,5427.6,1899.64,746772,235,74,2567,6,1881.49,Weekly,Wallet Balance,16,28.95,4,83470,Dewasa (45-65)
cust_1367,67,Suburban,High,478,15299.59,36809.3,7135.91,7313204,241,265,4340,19,892.58,Daily,Debit Card,6,24.87,8,749454,Senior (>65)
cust_1368,40,Rural,Middle,615,3676.71,5351.55,734.01,2261179,128,269,4379,28,1936.91,Daily,Credit Card,18,34.79,2,238707,Dewasa Muda (25-45)
cust_1369,41,Urban,Low,7,13477.96,61085.77,3298.91,94345,22,301,3892,18,1654.59,Monthly,Wallet Balance,2,55.4,10,28191,Dewasa Muda (25-45)
cust_1370,26,Rural,Middle,676,18311.59,86282.9,3532.92,12378636,55,90,1911,10,4974.61,Weekly,Debit Card,8,30.59,9,1249198,Dewasa Muda (25-45)
cust_1371,53,Suburban,High,419,6485.32,13126.51,2772.52,2717350,330,360,710,32,152.35,Monthly,Wallet Balance,16,59.3,2,278278,Dewasa (45-65)
cust_1372,17,Urban,Middle,472,18009.23,44469.14,3008.32,8500355,47,300,4090,49,1194.24,Monthly,Debit Card,8,34.51,4,866518,Remaja (<25)
cust_1373,22,Suburban,High,935,10113.36,49914.62,2413.57,9455995,234,2,1590,14,343.14,Monthly,Wallet Balance,20,5.29,3,953007,Remaja (<25)
cust_1374,33,Rural,High,420,6342.93,20704.95,2159.19,2664032,27,176,4750,30,4287.09,Monthly,Debit Card,13,45.75,10,286759,Dewasa Muda (25-45)
cust_1375,42,Suburban,Low,877,17931.2,53582.43,4694.78,15725662,48,125,1340,12,2086.55,Weekly,Debit Card,0,56.44,8,1583402,Dewasa Muda (25-45)
cust_1376,49,Suburban,Low,276,650.42,1952.41,82.08,179517,167,268,821,47,3981.35,Weekly,Credit Card,5,23.43,1,23303,Dewasa (45-65)
cust_1377,42,Urban,High,561,570.1,2157.68,273.13,319824,271,215,2244,18,3460.77,Monthly,Debit Card,16,16.77,7,43540,Dewasa Muda (25-45)
cust_1378,32,Suburban,High,608,12000.59,57820.93,2822.06,7296361,81,67,4380,5,4640.16,Weekly,Credit Card,16,46.45,7,743576,Dewasa Muda (25-45)
cust_1379,58,Suburban,Middle,571,15937.05,39308.56,4434.65,9100053,118,178,1616,27,118.82,Monthly,Wallet Balance,20,26.04,9,924877,Dewasa (45-65)
cust_1380,59,Suburban,High,743,15033.41,25415.96,2510.85,11169824,45,267,3180,21,1036.72,Monthly,UPI,4,65.31,10,1134924,Dewasa (45-65)
cust_1381,66,Urban,Middle,689,1598.6,2781.64,713.2,1101432,275,5,3866,27,3510.16,Monthly,UPI,16,55.44,8,126820,Senior (>65)
cust_1382,69,Rural,High,90,19005.52,20553.26,4116.05,1710496,181,301,4210,15,2926.12,Monthly,Wallet Balance,17,33.74,6,185506,Senior (>65)
cust_1383,39,Rural,Low,282,14064.24,45309.95,1517.94,3966115,311,202,752,49,3473.3,Daily,Credit Card,18,70.27,6,407278,Dewasa Muda (25-45)
cust_1384,40,Suburban,Low,548,18982.75,89531.55,4300.75,10402546,232,117,1931,32,2877.4,Daily,UPI,18,25.46,6,1051877,Dewasa Muda (25-45)
cust_1385,22,Urban,High,171,6588.66,25381.56,3252.32,1126661,86,336,2553,49,2905.11,Monthly,UPI,17,32.57,5,126219,Remaja (<25)
cust_1386,67,Suburban,Middle,638,13881.84,69018.55,2203.56,8856615,105,350,330,40,4662.87,Monthly,Debit Card,14,47.07,1,888990,Senior (>65)
cust_1387,21,Rural,Middle,995,17200.18,79776.3,1934.69,17114174,243,232,3043,44,4606.46,Monthly,Credit Card,2,37.35,2,1721600,Remaja (<25)
cust_1388,68,Urban,Middle,811,7615.48,22598.41,2522.78,6176154,177,84,4049,47,189.98,Daily,Credit Card,13,25.45,6,636318,Senior (>65)
cust_1389,39,Rural,High,355,19297.55,56854.39,4798.66,6850630,234,89,666,50,2068.34,Daily,Debit Card,0,30.66,2,692360,Dewasa Muda (25-45)
cust_1390,48,Rural,High,204,5307.21,18646.49,2218.36,1082670,78,227,3386,25,2552.85,Monthly,Wallet Balance,16,62.32,5,121262,Dewasa (45-65)
cust_1391,64,Urban,Low,289,6319.12,9123.18,2481.87,1826224,126,111,4677,22,1789.52,Daily,UPI,0,15.07,10,203281,Dewasa (45-65)
cust_1392,44,Urban,Low,868,18407.37,63150.84,3205.97,15977595,189,323,690,0,247.79,Daily,Debit Card,16,23.55,1,1600015,Dewasa Muda (25-45)
cust_1393,58,Suburban,High,462,19393.5,55393.57,6319.43,8959796,60,12,1703,28,2361.49,Daily,Wallet Balance,3,15.09,1,902004,Dewasa (45-65)
cust_1394,37,Suburban,Low,609,5711.06,20393.99,645.2,3478037,220,27,3077,7,4878.48,Weekly,Wallet Balance,0,37.37,6,358218,Dewasa Muda (25-45)
cust_1395,41,Rural,Middle,750,2736.44,8923.08,754.69,2052327,76,105,4866,41,361.06,Monthly,Credit Card,19,12.42,1,219884,Dewasa Muda (25-45)
cust_1396,43,Urban,Middle,173,15183.52,34035.12,5855.09,2626748,91,86,4377,38,4083.39,Daily,Wallet Balance,2,13.15,4,277187,Dewasa Muda (25-45)
cust_1397,65,Urban,High,301,18594.01,63796.94,4945.7,5596796,116,156,2337,2,978.26,Daily,Debit Card,2,60.23,2,566064,Dewasa (45-65)
cust_1398,36,Suburban,Middle,600,12018.27,29613.7,1768.87,7210959,280,199,2252,12,2883.97,Weekly,Credit Card,11,50.91,9,734357,Dewasa Muda (25-45)
cust_1399,64,Rural,High,911,12694.03,22576.14,1581.85,11564264,167,137,2951,19,1935.15,Weekly,Credit Card,10,14.38,1,1164260,Dewasa (45-65)
cust_1400,22,Rural,Middle,863,15261.24,56470.9,6737.28,13170447,126,31,2379,42,1745.04,Weekly,UPI,4,28.45,3,1328130,Remaja (<25)
cust_1401,32,Suburban,High,529,3070.17,6832.31,1401.63,1624117,233,164,1256,4,4352.07,Weekly,Credit Card,12,66.1,7,170147,Dewasa Muda (25-45)
cust_1402,35,Urban,Middle,140,19469.64,88705.62,4618.92,2725750,114,113,31,44,4867.37,Weekly,Wallet Balance,11,62.78,1,275603,Dewasa Muda (25-45)
cust_1403,56,Suburban,Middle,766,7292.94,13107.83,1208.21,5586395,100,361,191,11,1933.34,Weekly,Wallet Balance,1,47.47,1,560154,Dewasa (45-65)
cust_1404,64,Suburban,Low,278,12568.53,42740.23,6176.76,3494050,151,271,4502,47,3202.22,Weekly,Wallet Balance,19,21.16,6,367507,Dewasa (45-65)
cust_1405,35,Suburban,Low,663,9377.63,30816.74,2985.33,6217371,72,353,2650,16,2782.07,Monthly,UPI,0,27.5,6,633246,Dewasa Muda (25-45)
cust_1406,69,Suburban,Low,511,9368.94,16779.46,2723.19,4787527,349,287,2082,13,384.61,Weekly,Debit Card,8,47.38,4,488024,Senior (>65)
cust_1407,37,Urban,Low,346,14057.86,38793.33,5575.95,4864019,167,258,3969,25,205.8,Daily,UPI,2,40.79,10,506737,Dewasa Muda (25-45)
cust_1408,43,Suburban,Low,846,19893.3,73648.08,3333.08,16829731,72,201,2379,29,3867.02,Daily,Debit Card,19,40.8,3,1691697,Dewasa Muda (25-45)
cust_1409,55,Urban,Low,140,13184.61,29983.23,4377.24,1845844,348,299,4112,41,1972.67,Daily,Wallet Balance,5,31.06,10,205922,Dewasa (45-65)
cust_1410,64,Suburban,High,114,15883.24,23115.24,7243.79,1810689,353,1,853,44,1537.87,Daily,Debit Card,10,7.41,1,187406,Dewasa (45-65)
cust_1411,22,Rural,High,580,562.04,1945.22,61.39,325986,11,211,2056,31,4927.91,Weekly,Wallet Balance,19,9.63,8,45346,Remaja (<25)
cust_1412,16,Urban,Low,507,16210.44,30742.9,5984.5,8218694,298,265,1301,29,426.15,Monthly,Wallet Balance,19,60.31,8,835158,Remaja (<25)
cust_1413,47,Rural,High,366,6006.52,22379.68,1925.51,2198385,229,188,1827,11,1345.31,Monthly,Wallet Balance,10,63.77,7,230919,Dewasa (45-65)
cust_1414,28,Suburban,Low,691,2542.77,11081.06,1221.34,1757053,126,357,4262,35,4284.01,Weekly,Debit Card,14,64.45,4,189587,Dewasa Muda (25-45)
cust_1415,45,Suburban,High,637,2275.55,3398.35,463.03,1449524,153,241,1616,18,2074.99,Monthly,Credit Card,5,34.7,2,150946,Dewasa Muda (25-45)
cust_1416,38,Suburban,Middle,397,13600.7,37407.85,6032.68,5399476,162,193,4122,43,2921.24,Weekly,UPI,7,67.42,7,558031,Dewasa Muda (25-45)
cust_1417,66,Urban,High,825,19952.36,55461.36,4461.23,16460697,278,110,117,24,241.91,Daily,Wallet Balance,8,60.48,8,1656582,Senior (>65)
cust_1418,34,Rural,High,823,13327.24,47047.07,3624.28,10968318,179,111,2786,32,4601.46,Weekly,Debit Card,17,28.28,5,1108303,Dewasa Muda (25-45)
cust_1419,47,Urban,High,850,5254.34,12282.71,973.71,4466188,144,65,2399,41,684.59,Monthly,Debit Card,5,16.83,9,464174,Dewasa (45-65)
cust_1420,45,Urban,Middle,875,4074.09,10895.23,1814.75,3564825,139,65,1296,20,1066.83,Monthly,UPI,16,52.73,10,370541,Dewasa Muda (25-45)
cust_1421,44,Suburban,Low,924,10523.88,11028.66,1874.98,9724067,206,317,316,1,783.98,Monthly,Debit Card,15,52.5,8,980746,Dewasa Muda (25-45)
cust_1422,64,Rural,High,870,1310.14,1951.71,581.18,1139817,96,235,3600,36,2487.5,Weekly,Credit Card,18,64.2,4,127538,Dewasa (45-65)
cust_1423,60,Suburban,High,745,7992.62,26211.4,2255.88,5954504,214,95,1719,20,4084.27,Weekly,UPI,15,4.58,10,608846,Dewasa (45-65)
cust_1424,44,Urban,Middle,940,13328.04,24837.9,5784.82,12528353,69,197,1071,25,1334.61,Weekly,Debit Card,12,26.03,9,1265810,Dewasa Muda (25-45)
cust_1425,45,Suburban,Low,659,19353.57,30545.88,3982.88,12754001,356,291,1039,31,711.6,Monthly,UPI,11,3.48,1,1281222,Dewasa Muda (25-45)
cust_1426,31,Rural,High,942,8518.81,19573.26,1304.16,8024721,318,196,1493,26,2049.61,Monthly,Credit Card,8,15.94,9,816033,Dewasa Muda (25-45)
cust_1427,55,Suburban,Middle,111,4012.48,6637.21,1291.96,445384,19,38,3776,16,4908.28,Monthly,Credit Card,5,29.37,1,52236,Dewasa (45-65)
cust_1428,34,Rural,Low,875,16349.07,20248.16,4966.44,14305440,316,39,1306,3,55.29,Daily,Debit Card,3,9.74,5,1438428,Dewasa Muda (25-45)
cust_1429,33,Rural,Low,358,14886.55,31789.23,3612.12,5329384,351,149,2061,38,2519.99,Weekly,UPI,5,59.38,5,544600,Dewasa Muda (25-45)
cust_1430,16,Suburban,High,238,17195.48,28500.37,6278.56,4092524,101,164,1371,14,3346.84,Weekly,Credit Card,16,15.4,8,419721,Remaja (<25)
cust_1431,29,Urban,High,3,4302.23,18058.96,593.95,12906,81,220,366,32,4033.6,Monthly,Wallet Balance,9,30.21,5,8205,Dewasa Muda (25-45)
cust_1432,66,Suburban,High,723,8102.6,10133.33,2826.19,5858176,183,276,4323,13,3730.95,Monthly,UPI,7,57.92,8,601898,Senior (>65)
cust_1433,62,Urban,High,404,19631.27,78324.32,3625.94,7931034,18,43,1651,25,372.14,Monthly,Wallet Balance,2,9.29,1,799719,Dewasa (45-65)
cust_1434,65,Urban,Middle,25,3169.27,8022.0,480.4,79231,155,238,3444,46,2309.35,Monthly,Wallet Balance,14,44.99,10,28256,Dewasa (45-65)
cust_1435,17,Suburban,Middle,843,13432.3,49716.78,6230.48,11323430,341,163,3889,1,393.75,Daily,UPI,20,67.78,3,1143024,Remaja (<25)
cust_1436,69,Urban,High,509,4751.32,5752.69,1348.99,2418420,129,320,735,19,3099.28,Monthly,Debit Card,20,33.25,7,250662,Senior (>65)
cust_1437,43,Urban,Low,696,10008.18,46866.46,4056.98,6965692,315,107,3612,25,385.16,Monthly,Credit Card,18,18.05,6,712100,Dewasa Muda (25-45)
cust_1438,64,Suburban,High,465,16012.19,65161.64,2172.0,7445667,161,288,4048,1,242.07,Monthly,Debit Card,10,67.97,5,757641,Dewasa (45-65)
cust_1439,65,Suburban,Low,61,9776.84,15257.46,1202.41,596386,119,292,3476,47,1530.14,Weekly,UPI,5,4.85,7,77525,Dewasa (45-65)
cust_1440,45,Suburban,Low,508,16111.58,30211.43,4800.3,8184682,332,105,3131,1,4694.16,Weekly,Wallet Balance,8,23.12,5,827483,Dewasa Muda (25-45)
cust_1441,53,Urban,Low,123,8532.43,30511.86,1930.21,1049489,173,69,866,47,3549.98,Monthly,Wallet Balance,10,59.03,7,116605,Dewasa (45-65)
cust_1442,66,Rural,Middle,497,19987.07,93664.39,2037.94,9933571,153,109,659,16,20.13,Weekly,Wallet Balance,2,11.93,10,1006265,Senior (>65)
cust_1443,19,Urban,Low,55,8722.21,24276.77,1511.71,479721,20,180,3123,17,1423.64,Daily,Debit Card,8,6.97,3,58206,Remaja (<25)
cust_1444,16,Rural,Low,163,2996.1,8816.11,561.8,488363,34,132,1859,50,87.49,Daily,Debit Card,12,33.52,6,63510,Remaja (<25)
cust_1445,23,Suburban,Middle,974,8043.37,15694.24,1732.56,7834243,314,7,2365,47,1471.55,Daily,Wallet Balance,4,24.56,2,794118,Remaja (<25)
cust_1446,44,Rural,Low,699,14854.44,37612.08,6699.56,10383251,60,340,3732,3,3427.46,Daily,Credit Card,12,57.6,1,1045375,Dewasa Muda (25-45)
cust_1447,54,Suburban,Low,39,16960.28,36364.03,4549.44,661450,158,149,4711,16,3798.89,Weekly,UPI,14,24.94,2,77267,Dewasa (45-65)
cust_1448,18,Suburban,High,697,9207.46,22118.95,3423.09,6417603,364,185,488,32,4020.54,Weekly,Debit Card,8,48.56,4,647926,Remaja (<25)
cust_1449,47,Rural,Low,83,11893.59,12873.51,1276.88,987168,206,156,4746,22,4549.95,Monthly,Wallet Balance,6,40.77,10,118133,Dewasa (45-65)
cust_1450,25,Suburban,Low,707,16899.35,19674.95,7191.86,11947842,93,290,1979,12,1828.97,Daily,Wallet Balance,2,43.39,6,1205027,Remaja (<25)
cust_1451,25,Rural,Low,546,16272.79,60579.46,3191.61,8884942,218,245,2731,6,4312.99,Daily,UPI,12,37.29,5,897399,Remaja (<25)
cust_1452,34,Suburban,Low,113,13157.9,49041.87,2942.31,1486842,323,272,2171,40,3638.34,Weekly,Debit Card,17,10.62,8,163207,Dewasa Muda (25-45)
cust_1453,61,Urban,Low,425,16302.39,37836.59,1925.35,6928516,89,38,705,45,2688.78,Daily,Credit Card,10,5.4,2,699417,Dewasa (45-65)
cust_1454,49,Urban,Middle,918,11522.46,52333.26,3040.51,10577614,173,115,4554,0,4773.15,Weekly,Debit Card,20,39.62,3,1067482,Dewasa (45-65)
cust_1455,48,Suburban,Low,230,102.92,212.47,45.39,23670,40,337,4772,39,4738.7,Weekly,Credit Card,2,47.11,2,15441,Dewasa (45-65)
cust_1456,38,Suburban,Low,283,834.92,2156.72,209.98,236283,203,119,3998,41,4488.02,Daily,Debit Card,15,52.5,10,43480,Dewasa Muda (25-45)
cust_1457,43,Rural,Middle,917,19596.37,76925.6,9081.78,17969871,221,132,1411,30,1011.14,Monthly,Debit Card,9,52.27,2,1804303,Dewasa Muda (25-45)
cust_1458,47,Urban,Middle,937,2908.39,11558.74,1299.99,2725162,47,56,2693,35,1039.43,Weekly,Credit Card,8,53.56,4,284882,Dewasa (45-65)
cust_1459,65,Rural,Low,287,8096.28,35985.25,1010.29,2323633,243,120,177,24,4505.01,Weekly,Debit Card,14,2.44,2,234864,Dewasa (45-65)
cust_1460,22,Suburban,Low,155,18676.89,20847.82,4148.3,2894917,88,50,1358,44,1989.57,Daily,Wallet Balance,10,16.87,2,297612,Remaja (<25)
cust_1461,44,Suburban,Low,165,3908.84,6781.97,1814.35,644958,157,365,4631,49,3987.22,Weekly,Wallet Balance,9,52.8,3,79664,Dewasa Muda (25-45)
cust_1462,23,Rural,High,962,16877.39,60122.1,1888.98,16236048,162,362,3601,40,3434.7,Monthly,Debit Card,5,9.77,1,1634089,Remaja (<25)
cust_1463,16,Suburban,High,182,16367.17,38508.66,6650.36,2978824,20,82,3932,39,3811.78,Daily,Credit Card,5,14.25,5,312740,Remaja (<25)
cust_1464,18,Urban,Low,239,19726.73,23164.05,9125.02,4714688,148,49,1695,29,131.37,Weekly,Debit Card,12,47.83,4,481693,Remaja (<25)
cust_1465,39,Rural,Middle,649,5640.82,18873.43,2302.56,3660892,201,48,3293,37,2149.79,Daily,Wallet Balance,14,58.38,1,376300,Dewasa Muda (25-45)
cust_1466,38,Urban,Low,339,6313.35,16239.79,2509.72,2140226,312,134,1637,20,4285.47,Monthly,Wallet Balance,12,12.54,6,223153,Dewasa Muda (25-45)
cust_1467,23,Urban,Middle,938,18058.53,44358.6,7897.76,16938902,151,238,2905,18,2449.63,Daily,Wallet Balance,2,40.11,7,1707275,Remaja (<25)
cust_1468,69,Urban,Middle,512,4689.24,9647.91,1717.74,2400891,100,335,2375,15,3450.67,Monthly,UPI,1,13.88,4,248613,Senior (>65)
cust_1469,62,Rural,Middle,932,10962.54,11225.55,2951.54,10217087,247,173,4696,32,3779.76,Daily,Wallet Balance,0,15.81,3,1035410,Dewasa (45-65)
cust_1470,52,Suburban,Low,266,14149.83,24471.28,1770.17,3763853,113,145,4765,46,603.79,Monthly,Debit Card,8,35.22,9,399213,Dewasa (45-65)
cust_1471,18,Urban,Low,187,5444.97,15773.75,2260.68,1018208,219,187,3485,5,778.73,Daily,Wallet Balance,3,48.85,3,111901,Remaja (<25)
cust_1472,66,Urban,Middle,40,18768.87,39469.93,8673.12,750754,344,120,2819,41,3622.77,Daily,Wallet Balance,20,41.77,5,88002,Senior (>65)
cust_1473,48,Urban,High,822,13317.29,59895.26,4056.91,10946815,360,184,4918,36,272.85,Weekly,Credit Card,13,7.56,5,1112981,Dewasa (45-65)
cust_1474,43,Suburban,High,493,952.31,1497.04,298.08,469491,25,357,2336,7,1709.48,Daily,Debit Card,13,21.27,7,58466,Dewasa Muda (25-45)
cust_1475,62,Suburban,High,679,2723.39,12258.98,711.66,1849184,289,363,3420,0,4590.42,Weekly,Wallet Balance,16,67.61,1,190463,Dewasa (45-65)
cust_1476,23,Rural,Middle,391,3823.72,10015.49,1692.97,1495075,103,79,1089,12,2871.78,Monthly,UPI,13,45.56,3,154449,Remaja (<25)
cust_1477,49,Suburban,Low,260,4906.7,10320.56,519.72,1275741,79,163,2161,25,4552.39,Monthly,Wallet Balance,7,47.73,3,135119,Dewasa (45-65)
cust_1478,50,Rural,Middle,655,14616.24,32406.65,5113.04,9573637,16,8,3924,15,1547.08,Daily,Wallet Balance,6,15.99,10,975938,Dewasa (45-65)
cust_1479,47,Rural,High,716,1787.82,4148.24,827.7,1280075,341,99,1827,48,3183.13,Weekly,UPI,8,69.03,10,144870,Dewasa (45-65)
cust_1480,39,Rural,Low,176,7018.39,21239.44,991.62,1235236,59,317,1619,38,1433.71,Weekly,Debit Card,19,15.66,8,137844,Dewasa Muda (25-45)
cust_1481,29,Rural,Middle,774,18228.55,44031.6,8816.53,14108899,194,356,2323,46,555.61,Daily,Debit Card,20,18.83,3,1422858,Dewasa Muda (25-45)
cust_1482,47,Rural,Middle,764,11137.79,39971.57,5424.9,8509269,125,27,2932,45,4953.48,Weekly,Wallet Balance,7,37.22,7,865814,Dewasa (45-65)
cust_1483,61,Urban,High,329,5317.28,14360.45,2509.31,1749383,32,276,785,27,881.16,Daily,Credit Card,2,36.21,9,187767,Dewasa (45-65)
cust_1484,58,Suburban,Middle,931,19141.56,70566.78,5455.7,17820788,178,313,3936,48,942.41,Daily,Wallet Balance,0,3.32,8,1802279,Dewasa (45-65)
cust_1485,31,Urban,Low,200,4893.87,16725.82,1239.07,978774,219,279,2961,22,4209.59,Daily,Debit Card,16,53.81,6,109894,Dewasa Muda (25-45)
cust_1486,19,Rural,High,711,18102.94,35804.29,6922.19,12871191,100,356,3058,6,4011.18,Weekly,Credit Card,10,7.85,5,1296829,Remaja (<25)
cust_1487,67,Suburban,High,196,14518.14,61717.95,3302.53,2845554,103,204,3662,23,4889.15,Daily,UPI,15,4.84,7,298734,Senior (>65)
cust_1488,52,Urban,Low,826,14813.02,62154.32,1886.25,12235550,118,160,3714,45,358.72,Monthly,Wallet Balance,5,37.01,9,1244303,Dewasa (45-65)
cust_1489,69,Urban,High,589,15301.14,75831.24,7047.23,9012369,243,178,4850,7,470.63,Daily,UPI,1,4.43,6,917401,Senior (>65)
cust_1490,36,Rural,Middle,531,10136.32,17233.78,3587.67,5382386,119,192,4575,44,2243.57,Weekly,UPI,8,15.25,2,552666,Dewasa Muda (25-45)
cust_1491,29,Urban,Middle,62,16293.43,71550.2,2979.45,1010192,7,40,3497,0,2958.74,Daily,Wallet Balance,20,28.76,8,114533,Dewasa Muda (25-45)
cust_1492,46,Urban,High,327,16725.5,75062.77,1795.71,5469238,10,360,16,3,190.15,Daily,UPI,10,43.82,4,551160,Dewasa (45-65)
cust_1493,63,Urban,Low,906,7216.13,25751.89,2810.01,6537813,316,236,4142,42,791.95,Monthly,Wallet Balance,4,56.58,6,671869,Dewasa (45-65)
cust_1494,33,Urban,Middle,281,8012.89,24243.3,3534.64,2251621,281,33,4487,40,3516.68,Monthly,Debit Card,17,21.56,2,238377,Dewasa Muda (25-45)
cust_1495,22,Urban,Low,940,17776.25,85842.18,4661.98,16709671,42,29,1063,18,3342.7,Weekly,Debit Card,10,34.45,6,1679221,Remaja (<25)
cust_1496,25,Rural,Middle,762,10499.34,51349.82,1389.68,8000495,47,33,915,21,448.43,Daily,Credit Card,12,68.74,2,805755,Remaja (<25)
cust_1497,22,Rural,Middle,227,17340.2,61848.85,6232.91,3936225,96,100,3915,35,4658.33,Daily,Credit Card,10,28.71,1,403623,Remaja (<25)
cust_1498,48,Urban,High,639,12539.12,30573.38,2743.2,8012498,246,145,1691,0,1273.82,Monthly,UPI,5,51.38,5,808994,Dewasa (45-65)
cust_1499,38,Rural,High,58,11875.42,50692.14,1871.31,688774,224,330,283,18,4436.15,Daily,Credit Card,20,20.27,4,73025,Dewasa Muda (25-45)
cust_1500,36,Rural,Low,921,629.31,853.99,191.41,579593,114,65,3005,50,4614.94,Weekly,Debit Card,15,45.25,4,70661,Dewasa Muda (25-45)
cust_1501,34,Suburban,High,477,5565.11,12033.89,1629.12,2654556,32,122,3401,28,2450.35,Monthly,Credit Card,18,58.14,1,274832,Dewasa Muda (25-45)
cust_1502,63,Urban,Middle,376,10046.13,49650.17,3081.23,3777345,330,43,1749,18,2059.83,Monthly,UPI,13,65.91,9,391002,Dewasa (45-65)
cust_1503,34,Rural,Middle,716,11750.47,50025.67,5047.68,8413336,153,209,1377,42,1390.69,Weekly,Credit Card,8,67.56,8,855592,Dewasa Muda (25-45)
cust_1504,51,Rural,Low,243,12612.39,60013.89,3705.75,3064809,217,230,1832,5,4036.91,Daily,Debit Card,12,22.44,1,309626,Dewasa (45-65)
cust_1505,44,Urban,Low,367,14327.29,48414.48,6593.65,5258116,246,127,4846,24,982.94,Weekly,Credit Card,13,15.26,5,542412,Dewasa Muda (25-45)
cust_1506,33,Suburban,Middle,936,13128.11,34535.98,5733.36,12287907,272,356,3125,38,3110.62,Monthly,UPI,3,58.8,9,1246285,Dewasa Muda (25-45)
cust_1507,17,Urban,High,844,16973.05,83486.36,6117.87,14325252,350,186,3853,22,2835.67,Monthly,Debit Card,2,45.7,1,1442013,Remaja (<25)
cust_1508,16,Suburban,High,500,5916.45,13239.26,726.19,2958226,261,237,3376,0,1244.47,Weekly,Wallet Balance,1,30.43,10,311952,Remaja (<25)
cust_1509,62,Urban,Low,838,12834.98,51720.58,5724.12,10755716,7,91,2366,14,4915.24,Monthly,Credit Card,20,3.58,10,1089246,Dewasa (45-65)
cust_1510,20,Urban,Low,252,1032.68,3338.47,477.33,260235,205,43,4816,24,4231.62,Daily,UPI,16,22.85,3,38939,Remaja (<25)
cust_1511,35,Urban,Middle,906,9609.0,18391.9,2402.43,8705753,264,46,1068,3,102.64,Monthly,Credit Card,5,8.91,4,876960,Dewasa Muda (25-45)
cust_1512,26,Urban,Middle,322,5367.98,5743.38,1666.55,1728489,289,25,2409,44,2111.26,Weekly,Wallet Balance,1,35.93,2,183011,Dewasa Muda (25-45)
cust_1513,57,Suburban,Low,376,7623.93,19327.1,1619.39,2866599,318,354,4102,43,1794.86,Weekly,Wallet Balance,11,59.75,9,307266,Dewasa (45-65)
cust_1514,17,Suburban,Middle,409,7099.71,22653.33,751.76,2903780,202,195,4055,0,4414.05,Monthly,Credit Card,11,23.19,1,297281,Remaja (<25)
cust_1515,18,Rural,Low,711,1218.01,2110.52,355.39,866004,116,349,3260,39,1322.48,Weekly,Debit Card,20,26.39,4,100359,Remaja (<25)
cust_1516,38,Urban,Low,488,9338.25,24823.12,1417.02,4557065,212,99,2502,20,4992.25,Weekly,Debit Card,17,56.61,10,470214,Dewasa Muda (25-45)
cust_1517,27,Suburban,High,343,19892.64,68843.65,3447.99,6823175,160,256,4637,42,1000.4,Daily,Debit Card,3,33.38,3,698291,Dewasa Muda (25-45)
cust_1518,35,Suburban,Low,240,5985.73,23103.08,1749.54,1436575,129,361,368,9,1219.42,Monthly,Wallet Balance,5,48.44,10,154683,Dewasa Muda (25-45)
cust_1519,20,Suburban,Middle,139,14725.56,17832.21,6579.61,2046852,347,330,4774,1,3330.41,Daily,Wallet Balance,19,14.39,9,221668,Remaja (<25)
cust_1520,52,Urban,High,122,10960.29,40078.74,4799.0,1337155,148,294,2433,16,805.28,Weekly,UPI,20,18.82,3,142778,Dewasa (45-65)
cust_1521,53,Rural,High,420,6511.25,7987.15,3164.65,2734726,311,246,4778,12,4444.01,Weekly,Credit Card,19,46.08,7,289006,Dewasa (45-65)
cust_1522,45,Suburban,Middle,561,1801.25,2004.32,527.89,1010498,78,166,395,26,549.65,Daily,UPI,19,8.95,2,106165,Dewasa Muda (25-45)
cust_1523,24,Urban,Middle,304,4325.0,6961.73,1387.48,1314799,262,257,539,40,4916.59,Monthly,Debit Card,18,13.44,8,142099,Remaja (<25)
cust_1524,49,Suburban,Middle,115,15639.25,56529.27,6706.84,1798514,52,310,2667,47,4373.22,Weekly,UPI,2,23.55,2,189698,Dewasa (45-65)
cust_1525,68,Suburban,Low,343,5587.61,6768.2,2122.56,1916551,258,352,1170,27,4198.28,Weekly,UPI,19,13.81,10,204595,Senior (>65)
cust_1526,59,Rural,High,251,2894.61,3136.55,501.14,726546,221,278,1307,48,2036.09,Weekly,Wallet Balance,7,70.26,9,88050,Dewasa (45-65)
cust_1527,50,Suburban,Low,7,6632.65,9762.19,1719.65,46428,39,189,3675,9,2568.21,Monthly,Debit Card,20,19.19,9,20608,Dewasa (45-65)
cust_1528,67,Suburban,Low,731,11685.02,56075.05,5511.4,8541748,248,186,1530,48,2281.79,Daily,Credit Card,15,68.78,9,869893,Senior (>65)
cust_1529,37,Urban,Low,589,14072.23,65141.91,2229.76,8288542,288,182,1497,9,4937.13,Daily,UPI,0,61.09,6,836279,Dewasa Muda (25-45)
cust_1530,59,Urban,Low,179,7753.42,10435.05,1424.63,1387862,254,275,3813,45,174.13,Monthly,Credit Card,1,24.62,7,157825,Dewasa (45-65)
cust_1531,39,Rural,High,145,9967.96,22089.53,2594.3,1445354,116,227,2757,46,1908.54,Weekly,Wallet Balance,9,39.96,4,157695,Dewasa Muda (25-45)
cust_1532,32,Urban,High,416,9103.78,43599.57,4332.94,3787174,197,34,4671,8,4841.94,Weekly,Debit Card,4,25.0,2,388438,Dewasa Muda (25-45)
cust_1533,25,Urban,Low,666,189.98,264.21,27.65,126524,214,207,2906,33,1846.95,Monthly,Credit Card,18,50.92,3,23840,Remaja (<25)
cust_1534,45,Rural,Middle,121,7918.05,10914.12,2923.16,958084,92,44,884,45,1991.92,Weekly,Credit Card,11,26.71,3,104080,Dewasa Muda (25-45)
cust_1535,61,Suburban,High,124,11750.52,15792.89,1796.06,1457064,32,245,5000,38,3156.5,Daily,Credit Card,17,34.11,1,158928,Dewasa (45-65)
cust_1536,38,Rural,Low,150,11403.19,55942.99,3532.71,1710479,93,254,502,3,4536.34,Daily,Credit Card,5,52.04,3,173083,Dewasa Muda (25-45)
cust_1537,47,Urban,Middle,397,14997.85,59577.98,4718.71,5954147,232,109,2984,44,1472.61,Weekly,UPI,13,30.57,4,609046,Dewasa (45-65)
cust_1538,32,Rural,Middle,381,13410.81,24916.45,1569.74,5109520,131,323,4145,3,4738.03,Monthly,UPI,2,49.94,4,521173,Dewasa Muda (25-45)
cust_1539,65,Suburban,Low,780,5543.37,6562.18,2669.95,4323826,318,114,3593,3,1412.81,Monthly,Debit Card,12,27.29,3,442162,Dewasa (45-65)
cust_1540,66,Rural,High,839,5120.32,24889.69,2164.1,4295945,223,278,1993,40,4076.97,Weekly,Debit Card,6,29.35,10,445542,Senior (>65)
cust_1541,32,Urban,Middle,1,9288.19,25096.29,2054.01,9288,13,237,224,10,1379.19,Weekly,Debit Card,16,23.82,4,5687,Dewasa Muda (25-45)
cust_1542,29,Urban,High,673,14662.06,49755.74,2232.3,9867568,326,29,2129,0,364.92,Weekly,Wallet Balance,8,71.25,4,994832,Dewasa Muda (25-45)
cust_1543,24,Rural,High,244,1885.61,3991.43,449.25,460088,21,222,2229,44,4061.51,Monthly,UPI,5,36.85,3,55836,Remaja (<25)
cust_1544,55,Suburban,Middle,887,18967.05,76502.48,8681.42,16823771,14,318,521,20,2250.38,Monthly,Wallet Balance,5,16.76,5,1689294,Dewasa (45-65)
cust_1545,17,Rural,Low,398,10867.63,19422.73,1663.55,4325317,345,271,4998,24,1953.74,Monthly,UPI,1,41.27,3,446950,Remaja (<25)
cust_1546,60,Suburban,Middle,251,6135.1,25446.25,1470.75,1539911,327,242,3431,8,2149.41,Weekly,Wallet Balance,10,34.3,8,168578,Dewasa (45-65)
cust_1547,40,Suburban,Middle,879,13870.89,26665.57,4129.67,12192512,107,97,2975,24,3057.88,Monthly,UPI,1,56.3,3,1229072,Dewasa Muda (25-45)
cust_1548,54,Rural,High,576,904.07,1258.15,102.3,520743,128,343,4330,17,1313.47,Monthly,Credit Card,19,67.44,10,71777,Dewasa (45-65)
cust_1549,24,Suburban,Low,299,9693.09,28258.18,2008.54,2898235,32,263,1490,6,1186.37,Daily,UPI,14,8.86,3,295810,Remaja (<25)
cust_1550,69,Urban,High,760,9724.53,41357.15,3289.36,7390645,169,340,4842,45,2417.2,Weekly,UPI,1,70.67,8,760039,Senior (>65)
cust_1551,37,Rural,Middle,954,3247.89,8247.87,745.67,3098483,288,7,2593,25,178.17,Daily,UPI,6,12.71,1,318445,Dewasa Muda (25-45)
cust_1552,58,Suburban,Low,297,16749.38,18683.85,7507.24,4974566,81,273,4138,48,3214.25,Monthly,Debit Card,9,20.4,4,512925,Dewasa (45-65)
cust_1553,61,Urban,Low,977,15938.27,51213.48,7566.0,15571693,182,288,4477,17,4114.22,Daily,Debit Card,1,56.05,3,1568766,Dewasa (45-65)
cust_1554,19,Rural,Low,964,3063.12,11400.58,847.31,2952848,358,335,1156,0,3637.08,Daily,Wallet Balance,16,12.04,1,296778,Remaja (<25)
cust_1555,41,Urban,Low,500,7282.91,28860.56,2278.15,3641453,190,205,4498,8,2346.51,Weekly,Debit Card,16,59.04,1,373768,Dewasa Muda (25-45)
cust_1556,44,Urban,Low,115,2017.59,5261.26,710.84,232022,255,184,3441,9,2826.95,Daily,UPI,17,48.82,7,36570,Dewasa Muda (25-45)
cust_1557,60,Urban,Middle,807,16973.69,23560.81,6209.21,13697767,341,318,4149,47,130.9,Weekly,Wallet Balance,13,58.18,4,1386709,Dewasa (45-65)
cust_1558,49,Suburban,Middle,1,6473.17,21602.94,811.11,6473,299,58,653,10,4561.77,Daily,UPI,2,41.0,5,5672,Dewasa (45-65)
cust_1559,38,Rural,Middle,553,8791.93,20381.38,1067.97,4861938,166,111,2608,31,2790.31,Daily,Wallet Balance,16,70.87,2,495114,Dewasa Muda (25-45)
cust_1560,52,Rural,High,685,6484.2,31043.43,2893.48,4441677,256,186,4874,20,1582.05,Monthly,Wallet Balance,14,43.1,3,458124,Dewasa (45-65)
cust_1561,26,Suburban,Low,600,6207.42,18689.6,1166.68,3724452,198,131,158,35,1467.91,Weekly,Wallet Balance,18,29.08,1,376527,Dewasa Muda (25-45)
cust_1562,21,Rural,Low,482,14948.57,43187.38,4987.47,7205211,213,89,137,31,3298.29,Monthly,Debit Card,19,69.62,4,726246,Remaja (<25)
cust_1563,33,Urban,Middle,610,14953.85,33449.34,5231.88,9121847,45,336,532,18,2921.64,Monthly,Credit Card,15,6.23,8,921587,Dewasa Muda (25-45)
cust_1564,36,Rural,Low,600,10360.59,24400.69,1717.64,6216351,302,118,4992,7,939.21,Weekly,Debit Card,14,37.54,3,634849,Dewasa Muda (25-45)
cust_1565,57,Suburban,High,763,13155.76,40138.48,5323.33,10037847,360,257,3373,34,2049.6,Weekly,Credit Card,4,45.88,1,1013905,Dewasa (45-65)
cust_1566,51,Urban,Low,510,10238.15,22796.86,4570.09,5221455,13,110,714,21,3380.91,Weekly,Credit Card,14,25.52,4,527983,Dewasa (45-65)
cust_1567,56,Suburban,Low,335,581.5,2656.99,124.53,194801,52,67,3690,3,1488.27,Weekly,UPI,14,7.53,9,35416,Dewasa (45-65)
cust_1568,53,Urban,High,465,1329.47,3664.11,599.77,618202,265,148,3145,28,2546.38,Monthly,Wallet Balance,17,30.11,10,79637,Dewasa (45-65)
cust_1569,49,Urban,Middle,141,7680.97,16653.03,1017.08,1083017,325,220,2324,30,1274.4,Daily,UPI,4,58.55,8,123312,Dewasa (45-65)
cust_1570,32,Rural,Middle,583,14997.43,24319.52,6301.7,8743501,43,214,420,7,358.41,Daily,UPI,0,41.55,10,885710,Dewasa Muda (25-45)
cust_1571,52,Urban,Low,137,18265.39,67388.39,6503.29,2502358,7,62,3044,11,1941.23,Weekly,Wallet Balance,0,54.81,3,259453,Dewasa (45-65)
cust_1572,40,Suburban,High,959,603.87,666.16,201.24,579110,230,56,2104,4,3660.39,Monthly,Credit Card,2,51.95,4,64688,Dewasa Muda (25-45)
cust_1573,53,Rural,Middle,611,7366.92,20627.25,1414.84,4501188,44,312,4664,29,1069.25,Weekly,Credit Card,16,21.35,5,466812,Dewasa (45-65)
cust_1574,27,Suburban,Middle,663,4483.41,14349.1,1097.26,2972501,172,334,4164,34,3772.52,Daily,Debit Card,20,19.0,7,314091,Dewasa Muda (25-45)
cust_1575,38,Urban,Middle,950,16305.95,38468.0,7567.95,15490655,102,335,3269,36,3347.46,Monthly,Debit Card,13,57.16,1,1558529,Dewasa Muda (25-45)
cust_1576,68,Suburban,Low,687,16920.9,67671.28,4844.39,11624660,223,96,1175,3,2536.85,Weekly,Debit Card,8,13.08,3,1166847,Senior (>65)
cust_1577,57,Suburban,High,167,4136.11,15314.55,1396.98,690730,68,146,719,42,4857.28,Weekly,Debit Card,3,41.14,1,73282,Dewasa (45-65)
cust_1578,37,Urban,Low,343,14219.44,69470.42,6744.86,4877266,122,48,4283,20,4417.07,Weekly,Credit Card,18,68.91,3,499084,Dewasa Muda (25-45)
cust_1579,36,Rural,Middle,410,14637.8,44426.72,4195.13,6001499,77,294,1686,15,2815.88,Weekly,Wallet Balance,2,38.31,6,609613,Dewasa Muda (25-45)
cust_1580,42,Suburban,High,769,3549.38,11184.99,906.18,2729475,300,278,3118,17,2788.9,Weekly,UPI,0,58.28,9,288489,Dewasa Muda (25-45)
cust_1581,46,Urban,Low,910,8679.58,17214.71,3969.01,7898419,296,203,3571,30,1388.86,Weekly,Wallet Balance,3,19.19,6,805289,Dewasa (45-65)
cust_1582,21,Rural,Middle,736,12410.55,31546.83,5762.9,9134166,205,199,179,37,4600.99,Daily,UPI,13,5.12,8,923174,Remaja (<25)
cust_1583,42,Rural,Middle,880,531.07,588.13,128.44,467342,318,329,1772,31,4479.64,Monthly,UPI,20,25.73,4,55138,Dewasa Muda (25-45)
cust_1584,55,Rural,Low,842,8097.79,30424.2,2727.3,6818339,171,124,7,47,3710.28,Monthly,Credit Card,13,41.82,5,689692,Dewasa (45-65)
cust_1585,49,Suburban,Middle,65,3107.62,6981.23,1508.72,201994,218,200,4255,32,639.41,Daily,UPI,7,46.43,8,39589,Dewasa (45-65)
cust_1586,27,Suburban,Middle,581,10842.51,34278.25,1324.83,6299498,305,75,2517,18,3518.23,Monthly,Debit Card,15,39.07,1,636024,Dewasa Muda (25-45)
cust_1587,60,Suburban,High,67,16859.92,34056.53,1954.42,1129614,193,157,4100,19,1265.57,Weekly,Debit Card,2,31.74,8,130428,Dewasa (45-65)
cust_1588,68,Rural,Middle,433,10499.83,36582.93,3219.59,4546426,333,134,2887,47,944.05,Monthly,UPI,6,70.96,2,466644,Senior (>65)
cust_1589,22,Suburban,Low,50,729.31,2035.02,157.89,36465,153,312,4476,9,3796.06,Daily,Wallet Balance,5,49.88,6,17600,Remaja (<25)
cust_1590,25,Urban,High,314,602.85,1764.8,200.59,189294,41,120,2002,25,4798.66,Daily,UPI,12,68.72,4,27034,Remaja (<25)
cust_1591,60,Suburban,Low,309,12114.01,57789.01,4721.05,3743228,23,12,3755,45,544.53,Weekly,Debit Card,1,13.54,10,396060,Dewasa (45-65)
cust_1592,32,Suburban,Middle,603,6566.35,25113.94,838.06,3959509,186,235,972,17,819.88,Weekly,UPI,10,71.97,10,409185,Dewasa Muda (25-45)
cust_1593,41,Rural,High,115,11457.6,23460.58,5189.69,1317624,216,295,4399,44,1096.17,Monthly,UPI,20,50.91,4,148412,Dewasa Muda (25-45)
cust_1594,36,Suburban,High,886,3281.11,9894.79,691.51,2907059,43,108,2820,44,4814.56,Weekly,UPI,8,70.01,5,303338,Dewasa Muda (25-45)
cust_1595,43,Urban,High,569,15539.48,44546.89,3924.32,8841963,361,33,3035,14,3481.99,Monthly,Credit Card,6,44.03,1,890925,Dewasa Muda (25-45)
cust_1596,61,Rural,High,342,17215.79,71965.61,4042.52,5887799,113,120,3742,35,3391.44,Monthly,UPI,11,11.93,4,602068,Dewasa (45-65)
cust_1597,17,Urban,Low,530,17785.62,77072.57,7753.36,9426378,231,256,4367,17,2525.13,Weekly,Wallet Balance,10,25.71,8,959809,Remaja (<25)
cust_1598,69,Rural,Middle,784,6088.45,12991.36,1024.45,4773345,110,83,4218,30,2687.98,Monthly,Wallet Balance,14,4.76,9,496426,Senior (>65)
cust_1599,58,Rural,Middle,642,13218.1,56634.35,1473.41,8486020,138,181,4606,14,1450.87,Monthly,Debit Card,11,11.75,2,860488,Dewasa (45-65)
cust_1600,16,Suburban,High,495,5588.06,9600.31,2731.0,2766088,105,228,2326,37,772.74,Monthly,Wallet Balance,2,71.89,6,290574,Remaja (<25)
cust_1601,66,Urban,Middle,269,15257.51,61809.42,7510.55,4104269,316,275,3438,28,3901.38,Monthly,Credit Card,17,66.02,5,423152,Senior (>65)
cust_1602,68,Rural,Low,941,2419.29,4826.83,491.3,2276556,140,186,2838,41,2353.46,Daily,Wallet Balance,7,65.03,8,244254,Senior (>65)
cust_1603,51,Suburban,Middle,80,15257.67,33440.61,1582.85,1220613,255,341,4815,14,1280.04,Daily,Wallet Balance,14,1.14,8,140451,Dewasa (45-65)
cust_1604,66,Rural,Low,456,8800.18,38807.64,3153.69,4012880,349,211,1873,0,3163.91,Daily,Debit Card,15,32.99,8,411452,Senior (>65)
cust_1605,41,Rural,Low,299,17112.43,45866.45,6149.96,5116617,75,249,396,36,1047.3,Monthly,Debit Card,16,56.52,10,525530,Dewasa Muda (25-45)
cust_1606,44,Rural,Middle,968,14781.23,73348.34,7037.97,14308228,233,43,2348,40,2443.88,Weekly,UPI,17,17.09,1,1439296,Dewasa Muda (25-45)
cust_1607,36,Rural,Low,822,7536.63,12117.18,1653.45,6195107,212,73,3465,22,951.1,Daily,Wallet Balance,20,30.83,10,638165,Dewasa Muda (25-45)
cust_1608,26,Rural,Low,202,18071.75,51565.86,3177.04,3650493,58,342,4698,45,3798.36,Monthly,Debit Card,12,15.55,4,381046,Dewasa Muda (25-45)
cust_1609,55,Rural,Low,503,5673.91,22297.34,1966.31,2853976,38,19,4311,10,1604.01,Daily,UPI,20,50.18,2,296217,Dewasa (45-65)
cust_1610,26,Suburban,Low,737,19340.1,19755.3,6294.59,14253655,262,165,0,37,2208.49,Daily,Credit Card,15,50.99,4,1431961,Dewasa Muda (25-45)
cust_1611,51,Rural,High,671,15346.4,24668.12,5940.51,10297431,212,267,1194,15,3774.41,Daily,UPI,6,21.07,6,1037743,Dewasa (45-65)
cust_1612,64,Urban,Middle,716,19813.59,21426.95,8996.38,14186530,138,128,3040,29,3297.98,Daily,UPI,4,34.89,4,1429984,Dewasa (45-65)
cust_1613,54,Suburban,High,649,1087.55,5406.78,352.26,705822,282,355,1099,28,1998.52,Monthly,UPI,11,33.07,5,79580,Dewasa (45-65)
cust_1614,55,Urban,Low,485,5487.98,22185.15,878.24,2661670,58,301,3551,40,355.14,Daily,UPI,8,56.24,3,280091,Dewasa (45-65)
cust_1615,50,Rural,Middle,585,14827.87,36984.22,5030.38,8674305,273,318,2671,2,4608.03,Monthly,Wallet Balance,0,48.94,2,872668,Dewasa (45-65)
cust_1616,69,Urban,Low,560,18445.77,29976.96,4604.81,10329632,53,351,761,39,39.63,Weekly,UPI,20,5.84,7,1045365,Senior (>65)
cust_1617,49,Rural,Middle,18,585.13,796.67,164.48,10532,206,142,4362,16,3672.97,Weekly,Credit Card,2,11.73,6,15540,Dewasa (45-65)
cust_1618,62,Rural,High,478,10.19,31.86,4.93,4868,5,34,95,25,4727.02,Daily,UPI,9,60.64,3,3813,Dewasa (45-65)
cust_1619,39,Suburban,Middle,992,5132.29,25166.52,1652.49,5091231,323,98,4016,8,1533.36,Weekly,Credit Card,10,69.55,10,527188,Dewasa Muda (25-45)
cust_1620,69,Suburban,Low,488,17057.05,63084.52,2726.72,8323838,107,210,2800,16,377.21,Weekly,Debit Card,16,46.18,9,848395,Senior (>65)
cust_1621,37,Rural,Middle,983,15345.39,37758.15,4254.72,15084518,243,316,1573,36,1247.73,Monthly,UPI,17,26.9,6,1520574,Dewasa Muda (25-45)
cust_1622,20,Suburban,Middle,779,6812.15,20459.63,1303.66,5306662,148,320,4407,30,1567.09,Monthly,Debit Card,8,16.7,5,546696,Remaja (<25)
cust_1623,48,Urban,High,446,50.21,250.81,7.74,22391,179,198,266,30,2256.6,Daily,Credit Card,17,53.79,8,12642,Dewasa (45-65)
cust_1624,51,Suburban,Low,340,11098.57,34128.82,4271.77,3773513,174,256,3664,10,2626.2,Weekly,UPI,19,46.33,2,386366,Dewasa (45-65)
cust_1625,62,Suburban,Middle,531,4766.73,23151.08,1675.16,2531133,323,42,1121,37,3626.65,Weekly,Wallet Balance,12,65.53,6,263242,Dewasa (45-65)
cust_1626,35,Urban,High,612,14914.72,15890.84,4461.23,9127810,139,104,2604,21,4504.58,Monthly,UPI,9,65.12,6,923836,Dewasa Muda (25-45)
cust_1627,34,Suburban,Middle,116,8932.53,34692.63,2405.49,1036173,175,322,3205,45,2323.97,Daily,Wallet Balance,18,22.81,7,120365,Dewasa Muda (25-45)
cust_1628,50,Rural,Low,858,13575.25,47630.75,3107.2,11647566,253,189,4650,2,3731.64,Weekly,Wallet Balance,0,58.01,3,1175390,Dewasa (45-65)
cust_1629,67,Urban,Middle,74,17047.65,63780.72,2304.9,1261526,250,322,1117,48,635.99,Weekly,Debit Card,8,19.01,6,138868,Senior (>65)
cust_1630,58,Rural,Middle,792,10719.84,35185.39,2355.23,8490112,136,343,3251,27,1643.92,Daily,Debit Card,19,56.52,3,860391,Dewasa (45-65)
cust_1631,32,Urban,Middle,269,6725.75,7914.24,2928.11,1809227,22,62,1894,31,590.4,Monthly,Wallet Balance,15,12.94,8,195515,Dewasa Muda (25-45)
cust_1632,60,Rural,Middle,637,15393.18,24602.23,6364.62,9805452,38,143,2303,3,3458.71,Monthly,Debit Card,13,25.69,5,988721,Dewasa (45-65)
cust_1633,58,Rural,Low,116,5311.09,24903.74,2596.74,616086,27,222,3005,39,4538.23,Monthly,Wallet Balance,7,7.1,6,75249,Dewasa (45-65)
cust_1634,49,Suburban,High,686,17831.46,34445.03,6462.6,12232382,282,20,2801,37,4445.29,Weekly,Credit Card,7,22.0,9,1239317,Dewasa (45-65)
cust_1635,24,Rural,High,693,1437.84,7148.57,462.2,996422,279,280,3916,10,1632.24,Weekly,Credit Card,5,23.59,9,116658,Remaja (<25)
cust_1636,41,Suburban,Middle,738,16711.02,62137.48,3649.98,12332731,120,265,1652,0,1171.1,Monthly,UPI,9,48.48,5,1240991,Dewasa Muda (25-45)
cust_1637,17,Urban,Low,669,1840.2,5111.0,240.6,1231093,253,248,4653,46,1370.25,Monthly,Debit Card,7,51.78,10,146330,Remaja (<25)
cust_1638,68,Rural,Low,164,1132.18,5298.82,393.1,185677,359,116,4776,15,1436.67,Weekly,Credit Card,13,42.75,7,35901,Senior (>65)
cust_1639,24,Rural,Low,583,7271.51,30394.49,2147.02,4239288,65,255,2437,33,411.23,Monthly,Credit Card,18,55.68,6,437897,Remaja (<25)
cust_1640,24,Urban,Low,222,19131.42,51958.27,7722.01,4247175,74,297,2773,44,666.72,Weekly,Credit Card,13,33.06,10,444330,Remaja (<25)
cust_1641,55,Urban,Low,126,19669.89,25066.75,5207.47,2478405,303,13,4832,31,1072.42,Monthly,Wallet Balance,5,45.58,4,264068,Dewasa (45-65)
cust_1642,32,Rural,Low,657,4049.39,18113.8,2001.29,2660448,317,46,4045,43,40.85,Monthly,Debit Card,1,26.51,1,279414,Dewasa Muda (25-45)
cust_1643,16,Urban,Middle,176,2981.26,12104.41,772.28,524702,174,334,2095,45,236.15,Weekly,Credit Card,16,38.01,4,65042,Remaja (<25)
cust_1644,40,Suburban,High,973,7065.54,29413.4,1647.89,6874767,260,242,2658,32,3492.75,Daily,Credit Card,20,11.02,2,696246,Dewasa Muda (25-45)
cust_1645,58,Urban,High,664,6748.37,26854.68,3025.93,4480914,285,71,2842,10,3096.62,Monthly,Debit Card,6,44.38,8,461227,Dewasa (45-65)
cust_1646,55,Urban,Middle,694,15194.26,31953.81,3923.2,10544817,73,59,3333,35,4727.11,Daily,Wallet Balance,5,15.55,2,1064284,Dewasa (45-65)
cust_1647,57,Rural,High,375,8885.54,39410.77,3983.91,3332077,79,204,2300,12,2008.79,Daily,Credit Card,14,33.72,9,347003,Dewasa (45-65)
cust_1648,40,Suburban,Low,991,15599.87,15739.18,1730.68,15459474,44,51,1726,19,2221.66,Monthly,Debit Card,3,48.25,10,1560188,Dewasa Muda (25-45)
cust_1649,54,Urban,Low,859,14976.77,29191.31,5646.8,12865049,233,16,512,24,338.68,Monthly,Wallet Balance,3,31.38,6,1295759,Dewasa (45-65)
cust_1650,50,Suburban,High,498,11570.43,13725.28,1489.59,5762071,3,51,795,5,761.25,Daily,Debit Card,8,16.84,5,582916,Dewasa (45-65)
cust_1651,18,Suburban,Low,85,16671.91,24047.32,2655.72,1417112,79,224,4959,36,3458.04,Daily,Credit Card,11,48.3,9,162500,Remaja (<25)
cust_1652,65,Suburban,Low,876,3921.0,12270.83,1490.1,3434794,181,128,4251,25,1175.2,Monthly,Debit Card,2,61.53,2,355893,Dewasa (45-65)
cust_1653,52,Rural,High,383,3244.59,3728.12,700.47,1242678,139,170,1626,3,3866.39,Weekly,UPI,12,36.53,1,126886,Dewasa (45-65)
cust_1654,59,Urban,Middle,633,15015.5,25909.61,2765.45,9504810,303,267,3281,44,3528.4,Monthly,Debit Card,17,40.59,9,968678,Dewasa (45-65)
cust_1655,59,Rural,High,641,4903.49,9468.45,2062.46,3143139,7,68,4419,25,3736.31,Weekly,UPI,16,28.75,10,333783,Dewasa (45-65)
cust_1656,66,Urban,High,463,65.86,238.5,31.51,30493,324,121,1064,17,3452.91,Daily,Wallet Balance,17,42.41,4,9150,Senior (>65)
cust_1657,45,Urban,High,451,18240.08,52445.39,3519.47,8226277,213,180,361,12,3538.31,Daily,UPI,3,36.17,2,824780,Dewasa Muda (25-45)
cust_1658,53,Rural,High,518,12462.51,35314.4,2827.47,6455581,1,226,2419,7,2734.0,Daily,Wallet Balance,15,54.01,6,655729,Dewasa (45-65)
cust_1659,49,Suburban,Middle,846,8904.3,36273.73,3433.76,7533041,184,328,2998,50,3391.19,Monthly,Debit Card,19,18.06,1,763604,Dewasa (45-65)
cust_1660,27,Suburban,Middle,695,14517.47,41039.24,6186.14,10089643,251,191,2682,46,2630.9,Weekly,UPI,12,35.52,4,1021612,Dewasa Muda (25-45)
cust_1661,34,Urban,Low,550,6673.3,15975.58,3334.41,3670315,215,301,3733,32,1030.44,Monthly,UPI,10,23.45,4,381182,Dewasa Muda (25-45)
cust_1662,52,Rural,Low,929,19073.78,92504.12,3993.06,17719545,77,251,751,42,1088.04,Daily,Credit Card,18,7.7,10,1787112,Dewasa (45-65)
cust_1663,59,Suburban,High,116,1381.72,1427.56,445.81,160279,43,6,1336,15,2026.51,Monthly,Debit Card,10,28.44,7,26186,Dewasa (45-65)
cust_1664,64,Suburban,Low,614,12822.55,28486.23,1969.64,7873048,157,262,1301,41,69.59,Weekly,Debit Card,0,68.67,3,796972,Dewasa (45-65)
cust_1665,32,Urban,Middle,8,15548.02,53447.41,3612.36,124384,18,91,4417,38,4446.48,Monthly,UPI,7,33.69,8,30849,Dewasa Muda (25-45)
cust_1666,25,Urban,Low,218,9387.83,38783.34,1107.65,2046546,343,194,1960,30,1341.33,Monthly,Debit Card,10,39.74,2,212903,Remaja (<25)
cust_1667,64,Rural,Low,719,15101.82,64419.09,2783.8,10858206,220,329,4650,39,257.69,Weekly,Wallet Balance,19,53.7,4,1102891,Dewasa (45-65)
cust_1668,62,Urban,Low,590,18538.94,21955.53,5610.22,10937973,73,64,3105,22,2122.13,Weekly,Debit Card,17,70.92,8,1109146,Dewasa (45-65)
cust_1669,27,Suburban,High,880,14882.44,57096.89,2463.1,13096545,190,294,4209,15,4077.99,Daily,Credit Card,6,30.24,4,1321533,Dewasa Muda (25-45)
cust_1670,31,Suburban,Low,404,6194.24,24039.95,2823.05,2502474,363,226,1,9,1986.76,Weekly,Wallet Balance,11,37.75,5,255156,Dewasa Muda (25-45)
cust_1671,39,Suburban,Middle,567,11241.31,20867.44,4318.05,6373822,262,334,749,35,1313.42,Daily,Credit Card,0,69.76,10,651723,Dewasa Muda (25-45)
cust_1672,34,Suburban,Middle,304,18232.95,26457.84,2025.58,5542818,144,63,3079,30,2724.51,Monthly,Debit Card,18,31.44,8,570077,Dewasa Muda (25-45)
cust_1673,23,Rural,Middle,467,8987.46,35938.57,4050.48,4197145,129,71,2848,43,2871.9,Daily,Wallet Balance,10,57.11,8,436274,Remaja (<25)
cust_1674,46,Rural,Middle,952,13637.15,27247.03,6694.87,12982569,278,20,3601,31,3795.95,Monthly,Credit Card,20,32.51,5,1311660,Dewasa (45-65)
cust_1675,36,Urban,Low,993,9315.64,9378.01,2801.63,9250429,302,333,4668,20,3998.77,Weekly,Debit Card,2,17.16,6,940379,Dewasa Muda (25-45)
cust_1676,32,Urban,High,740,2435.67,4613.87,550.08,1802395,190,245,4178,15,3531.04,Daily,Credit Card,12,67.48,9,197330,Dewasa Muda (25-45)
cust_1677,38,Urban,Middle,88,1181.37,1328.18,242.64,103960,151,64,1033,28,22.69,Daily,UPI,19,51.56,2,17250,Dewasa Muda (25-45)
cust_1678,52,Rural,Middle,10,19045.96,38029.95,2570.59,190459,307,293,433,49,10.39,Daily,Wallet Balance,4,62.31,3,27806,Dewasa (45-65)
cust_1679,69,Suburban,High,308,12254.71,28676.98,3635.28,3774450,95,364,617,47,4887.25,Weekly,Credit Card,9,9.24,9,389935,Senior (>65)
cust_1680,31,Urban,High,434,2085.26,4349.02,250.35,905002,38,225,789,44,1321.03,Monthly,UPI,17,51.05,3,98817,Dewasa Muda (25-45)
cust_1681,21,Suburban,Middle,802,17150.2,80258.6,5171.38,13754457,156,266,3622,15,1411.75,Daily,Wallet Balance,6,46.47,5,1388483,Remaja (<25)
cust_1682,23,Urban,Middle,164,10458.64,20186.55,2102.39,1715216,300,162,2917,14,3661.21,Monthly,Credit Card,1,35.36,3,179925,Remaja (<25)
cust_1683,40,Urban,High,239,15440.92,44317.6,4486.71,3690380,347,45,4416,7,2907.93,Monthly,Wallet Balance,11,11.09,10,387116,Dewasa Muda (25-45)
cust_1684,33,Urban,Middle,317,2543.86,12286.09,680.11,806402,42,319,797,14,2317.82,Monthly,Debit Card,6,30.45,4,86475,Dewasa Muda (25-45)
cust_1685,40,Urban,Middle,996,18139.14,81930.83,4027.72,18066582,316,269,1778,20,582.2,Daily,Debit Card,11,44.86,3,1814923,Dewasa Muda (25-45)
cust_1686,27,Urban,Low,656,11814.8,26430.12,3301.71,7750511,126,25,2926,20,407.44,Monthly,UPI,3,49.1,10,792699,Dewasa Muda (25-45)
cust_1687,30,Suburban,High,335,14767.83,34054.05,4276.96,4947223,313,300,3757,6,3518.12,Daily,Wallet Balance,10,9.31,4,505077,Dewasa Muda (25-45)
cust_1688,41,Urban,Low,18,637.28,2149.75,276.25,11471,77,225,3240,18,623.02,Monthly,UPI,19,32.51,1,10115,Dewasa Muda (25-45)
cust_1689,56,Suburban,Low,71,6312.94,29490.62,2312.52,448219,96,74,651,21,2179.05,Monthly,Debit Card,7,31.21,8,55134,Dewasa (45-65)
cust_1690,60,Rural,High,175,5356.23,5570.48,1463.66,937340,263,116,1296,45,3680.63,Daily,Credit Card,1,56.82,10,108985,Dewasa (45-65)
cust_1691,41,Urban,Low,854,18992.4,48857.56,8776.33,16219512,307,152,2753,37,4615.99,Daily,Wallet Balance,17,3.93,7,1635849,Dewasa Muda (25-45)
cust_1692,62,Suburban,Middle,800,3714.92,16342.3,1494.5,2971934,225,69,4464,12,4367.93,Weekly,UPI,17,56.77,6,311137,Dewasa (45-65)
cust_1693,47,Rural,Low,811,14143.96,37366.65,1842.77,11470754,111,202,471,25,4320.17,Weekly,Debit Card,1,56.63,7,1155357,Dewasa (45-65)
cust_1694,25,Rural,High,339,864.64,3355.01,139.64,293114,238,303,4851,43,1792.49,Weekly,Credit Card,3,50.49,8,50417,Remaja (<25)
cust_1695,31,Rural,Middle,936,3961.7,14926.51,525.59,3708155,205,91,1318,21,4635.85,Monthly,Debit Card,20,64.88,1,374233,Dewasa Muda (25-45)
cust_1696,22,Suburban,Middle,248,6778.56,12349.42,1542.43,1681083,288,50,4974,6,3418.31,Weekly,Debit Card,7,34.03,7,183947,Remaja (<25)
cust_1697,32,Urban,Middle,193,15892.17,44472.3,4358.57,3067189,263,289,983,34,4432.44,Weekly,Credit Card,10,7.82,9,318868,Dewasa Muda (25-45)
cust_1698,38,Urban,Middle,419,15801.63,51588.33,4767.33,6620883,76,92,4743,2,444.62,Weekly,Credit Card,7,24.54,4,675552,Dewasa Muda (25-45)
cust_1699,41,Suburban,Low,325,19052.51,73577.97,8393.87,6192066,143,360,2650,34,197.79,Monthly,Wallet Balance,4,44.4,2,629807,Dewasa Muda (25-45)
cust_1700,36,Urban,Low,306,18336.18,78654.13,1965.32,5610871,315,235,3609,46,2148.23,Weekly,Credit Card,7,23.93,1,572831,Dewasa Muda (25-45)
cust_1701,37,Suburban,Middle,780,1639.48,6623.05,444.82,1278791,85,316,1611,15,4140.08,Daily,Credit Card,0,45.94,8,138531,Dewasa Muda (25-45)
cust_1702,22,Urban,High,204,16599.06,18478.83,4388.78,3386207,252,29,2594,44,2042.66,Monthly,Debit Card,20,4.1,9,356187,Remaja (<25)
cust_1703,29,Rural,Middle,853,9028.96,33249.61,4324.78,7701702,333,172,206,15,4423.24,Monthly,Debit Card,11,5.99,3,772870,Dewasa Muda (25-45)
cust_1704,30,Urban,Low,123,17319.06,51771.21,3401.72,2130244,232,173,4884,1,1173.87,Daily,Debit Card,10,1.75,8,230305,Dewasa Muda (25-45)
cust_1705,68,Suburban,Middle,570,1794.83,5914.77,267.36,1023054,295,236,3236,37,196.72,Weekly,Credit Card,9,70.29,8,120379,Senior (>65)
cust_1706,22,Suburban,Low,851,16457.15,41009.0,2582.19,14005038,319,42,123,16,3806.43,Weekly,Wallet Balance,1,19.58,1,1401446,Remaja (<25)
cust_1707,24,Rural,Middle,447,3201.25,12344.37,986.17,1430960,130,149,4368,37,3130.84,Daily,Debit Card,20,57.48,8,161966,Remaja (<25)
cust_1708,66,Suburban,High,713,6683.49,24699.21,1713.39,4765331,285,288,473,23,2200.45,Weekly,Debit Card,12,63.97,2,480678,Senior (>65)
cust_1709,63,Urban,Middle,491,586.68,1946.57,235.64,288059,317,213,353,21,4226.29,Weekly,Credit Card,11,12.19,2,31498,Dewasa (45-65)
cust_1710,23,Urban,High,433,2483.32,11041.91,569.36,1075279,29,175,2144,49,4120.88,Weekly,Credit Card,17,15.14,4,118655,Remaja (<25)
cust_1711,65,Rural,High,624,8920.06,12555.88,1348.58,5566117,228,99,536,22,1622.67,Monthly,UPI,17,28.15,10,569072,Dewasa (45-65)
cust_1712,38,Suburban,Middle,128,16368.58,36077.88,4169.9,2095178,294,120,1084,43,4189.87,Daily,Credit Card,9,36.79,7,220890,Dewasa Muda (25-45)
cust_1713,44,Rural,High,548,15475.66,46125.54,7013.79,8480660,7,303,1117,18,1725.79,Weekly,Debit Card,1,38.97,2,853237,Dewasa Muda (25-45)
cust_1714,33,Urban,High,746,4713.6,22787.53,1235.96,3516347,30,17,3027,43,3109.51,Daily,Credit Card,18,28.38,5,365433,Dewasa Muda (25-45)
cust_1715,46,Rural,Low,822,3042.29,3918.03,1318.68,2500764,215,29,961,21,962.49,Monthly,UPI,20,42.62,4,257617,Dewasa (45-65)
cust_1716,45,Suburban,Low,47,7791.38,18296.57,1937.03,366194,115,48,757,16,1320.96,Weekly,Wallet Balance,13,53.26,6,45072,Dewasa Muda (25-45)
cust_1717,67,Rural,High,505,17666.53,83095.64,3755.1,8921599,215,289,2936,1,2239.39,Daily,UPI,18,50.71,3,900012,Senior (>65)
cust_1718,54,Suburban,Middle,115,1837.59,8437.82,753.31,211322,164,128,1788,13,1572.98,Monthly,Wallet Balance,8,3.14,9,34221,Dewasa (45-65)
cust_1719,50,Suburban,High,416,10862.85,48458.99,1995.44,4518946,170,68,1319,27,645.71,Monthly,Wallet Balance,19,43.12,1,457909,Dewasa (45-65)
cust_1720,33,Urban,Middle,767,1785.26,3987.49,344.08,1369295,221,39,681,12,2411.61,Daily,Debit Card,5,51.6,8,146285,Dewasa Muda (25-45)
cust_1721,57,Urban,Low,995,9409.54,41282.88,1128.44,9362492,260,133,851,37,2556.79,Weekly,Credit Card,17,15.25,6,946372,Dewasa (45-65)
cust_1722,54,Urban,Middle,223,2544.56,7688.03,445.65,567437,212,119,3909,16,793.53,Weekly,Credit Card,16,43.86,4,69764,Dewasa (45-65)
cust_1723,32,Suburban,High,636,1615.94,5622.03,406.45,1027734,261,324,749,8,871.57,Daily,UPI,17,8.87,9,113635,Dewasa Muda (25-45)
cust_1724,29,Rural,High,949,3825.08,7479.17,993.87,3629999,302,52,4265,39,146.74,Monthly,Credit Card,19,48.21,1,376356,Dewasa Muda (25-45)
cust_1725,46,Suburban,High,503,5112.57,19564.24,1371.45,2571621,331,136,862,13,151.75,Daily,Wallet Balance,6,45.05,9,269110,Dewasa (45-65)
cust_1726,39,Urban,High,672,5532.54,12784.54,1614.82,3717870,130,247,2346,1,1793.16,Daily,Debit Card,1,18.11,2,377682,Dewasa Muda (25-45)
cust_1727,50,Urban,High,958,12908.91,30665.39,4243.99,12366732,105,169,707,41,733.26,Monthly,Debit Card,9,63.15,6,1247820,Dewasa (45-65)
cust_1728,59,Rural,Middle,933,1109.09,3934.23,194.95,1034778,54,70,3967,20,4595.46,Daily,Wallet Balance,0,58.27,8,119114,Dewasa (45-65)
cust_1729,60,Urban,High,96,1625.37,3184.64,561.69,156035,108,36,4952,34,997.07,Monthly,Wallet Balance,18,53.47,2,30409,Dewasa (45-65)
cust_1730,49,Urban,Low,107,3782.24,7177.76,887.4,404699,315,288,2715,29,329.81,Monthly,Wallet Balance,18,33.63,5,53635,Dewasa (45-65)
cust_1731,18,Urban,High,632,17442.54,43199.1,6865.46,11023685,289,5,919,16,2020.85,Daily,Wallet Balance,1,17.11,10,1114796,Remaja (<25)
cust_1732,52,Rural,Middle,613,12575.81,51714.94,4060.5,7708973,255,360,2856,38,962.33,Daily,Credit Card,14,56.53,10,789928,Dewasa (45-65)
cust_1733,58,Suburban,High,615,14610.09,27740.59,4700.17,8985205,278,148,1340,24,308.85,Daily,Wallet Balance,16,16.23,4,907446,Dewasa (45-65)
cust_1734,55,Urban,High,678,7413.54,30760.8,2774.11,5026379,47,237,1674,43,3763.64,Weekly,Credit Card,2,35.57,5,513404,Dewasa (45-65)
cust_1735,41,Rural,Middle,926,4272.27,16159.54,996.33,3956126,134,68,263,38,2785.49,Monthly,Debit Card,6,27.89,10,408545,Dewasa Muda (25-45)
cust_1736,38,Urban,High,698,768.85,2857.28,208.89,536655,24,231,3732,34,285.05,Monthly,Credit Card,18,15.34,4,68387,Dewasa Muda (25-45)
cust_1737,59,Rural,Middle,32,9775.83,28340.34,3256.91,312826,117,150,479,5,2340.09,Monthly,Wallet Balance,20,44.64,3,34570,Dewasa (45-65)
cust_1738,54,Urban,High,493,11489.88,45770.51,3086.44,5664509,239,221,2853,2,194.16,Monthly,UPI,11,70.73,4,576259,Dewasa (45-65)
cust_1739,30,Rural,Low,66,17941.09,18911.31,4982.29,1184111,307,261,1119,35,1771.57,Monthly,UPI,13,34.82,5,128263,Dewasa Muda (25-45)
cust_1740,64,Urban,High,179,17643.04,39210.4,3687.3,3158103,41,266,1417,47,1816.43,Weekly,Credit Card,20,36.47,1,323436,Dewasa (45-65)
cust_1741,19,Suburban,Middle,779,8499.46,31588.65,1826.99,6621076,250,114,4619,46,4114.92,Monthly,UPI,16,27.46,4,677888,Remaja (<25)
cust_1742,44,Urban,Low,443,8477.32,41955.81,3217.85,3755454,323,165,3426,0,3676.42,Weekly,Debit Card,20,17.21,9,389559,Dewasa Muda (25-45)
cust_1743,37,Rural,Middle,916,3230.85,3263.34,328.62,2959455,89,56,401,33,4484.72,Daily,Credit Card,18,21.06,8,305805,Dewasa Muda (25-45)
cust_1744,40,Urban,High,549,5156.41,15674.9,712.18,2830866,92,342,1494,0,702.59,Daily,UPI,4,63.18,5,290723,Dewasa Muda (25-45)
cust_1745,28,Suburban,Low,201,18514.01,86929.7,8877.91,3721316,81,356,2699,25,2668.82,Weekly,Debit Card,7,68.32,3,381695,Dewasa Muda (25-45)
cust_1746,33,Urban,Middle,870,2829.31,12602.19,494.58,2461499,130,250,3850,17,100.95,Monthly,Credit Card,8,59.66,2,257499,Dewasa Muda (25-45)
cust_1747,48,Rural,Low,49,19374.3,21167.29,5177.75,949340,91,243,3937,35,4127.61,Monthly,Credit Card,1,2.88,8,112244,Dewasa (45-65)
cust_1748,31,Rural,Low,787,10099.72,31493.29,4442.61,7948482,100,2,4628,5,1832.9,Monthly,Credit Card,14,44.15,8,811687,Dewasa Muda (25-45)
cust_1749,60,Suburban,Middle,951,9137.57,9294.26,914.13,8689828,78,143,3758,10,346.53,Monthly,Credit Card,19,40.0,5,882325,Dewasa (45-65)
cust_1750,57,Rural,Low,680,3501.02,14558.3,1645.73,2380694,43,169,3148,43,1623.29,Monthly,Wallet Balance,15,56.01,7,254853,Dewasa (45-65)
cust_1751,59,Urban,Middle,263,13234.21,29585.07,1606.57,3480597,123,63,709,39,1434.56,Weekly,UPI,16,56.42,1,353660,Dewasa (45-65)
cust_1752,17,Urban,Low,133,9202.31,37383.13,1549.19,1223907,288,154,3426,29,3830.01,Weekly,Credit Card,9,32.11,6,136227,Remaja (<25)
cust_1753,50,Urban,Low,810,7419.55,35459.34,828.33,6009839,23,350,1939,13,633.06,Weekly,Credit Card,11,21.41,10,615845,Dewasa (45-65)
cust_1754,57,Rural,Low,344,5297.68,25981.62,1630.67,1822401,144,255,979,9,2778.88,Daily,UPI,8,7.91,9,192708,Dewasa (45-65)
cust_1755,49,Urban,High,176,1339.07,6128.19,639.06,235676,258,66,424,30,3969.6,Daily,UPI,12,44.4,7,32430,Dewasa (45-65)
cust_1756,45,Urban,High,391,10391.37,18876.69,4526.63,4063025,7,285,4179,35,3697.69,Weekly,Debit Card,1,20.43,5,421311,Dewasa Muda (25-45)
cust_1757,28,Urban,Middle,11,6265.04,11141.75,2229.72,68915,277,188,791,14,4679.53,Weekly,UPI,5,69.49,6,13533,Dewasa Muda (25-45)
cust_1758,28,Suburban,Low,201,14160.23,49604.99,2466.65,2846205,186,193,4752,29,3.15,Daily,Credit Card,20,4.32,7,304022,Dewasa Muda (25-45)
cust_1759,33,Rural,Middle,945,14473.21,45970.03,6481.67,13677185,95,296,2948,47,1769.01,Weekly,Wallet Balance,20,69.46,6,1383430,Dewasa Muda (25-45)
cust_1760,47,Rural,High,926,6648.82,6902.39,2672.23,6156806,25,11,4152,13,1847.92,Daily,UPI,2,36.2,5,629360,Dewasa (45-65)
cust_1761,47,Rural,High,809,13385.72,34359.94,2767.35,10829049,291,180,1635,46,166.54,Daily,Wallet Balance,16,44.07,2,1092691,Dewasa (45-65)
cust_1762,50,Suburban,High,3,5180.92,23970.89,2186.53,15542,227,343,3783,22,4086.33,Weekly,Credit Card,13,42.43,3,12277,Dewasa (45-65)
cust_1763,54,Rural,High,214,14546.2,66817.05,6558.31,3112887,173,90,968,16,3444.45,Weekly,UPI,10,54.44,4,317102,Dewasa (45-65)
cust_1764,61,Suburban,Middle,808,331.38,601.67,125.69,267756,135,223,4496,26,2640.41,Daily,Wallet Balance,5,7.45,5,42047,Dewasa (45-65)
cust_1765,67,Suburban,Low,307,3040.66,7686.34,426.16,933482,288,335,951,43,2025.09,Weekly,Debit Card,4,64.04,1,99537,Senior (>65)
cust_1766,44,Rural,Middle,980,4907.72,15908.21,2422.94,4809568,309,226,521,12,4477.08,Monthly,Debit Card,8,57.16,10,490960,Dewasa Muda (25-45)
cust_1767,64,Urban,Low,544,15460.98,68200.5,2016.12,8410773,69,103,1974,13,1322.33,Daily,Debit Card,9,61.36,7,852664,Dewasa (45-65)
cust_1768,44,Urban,High,560,1336.86,4181.67,483.66,748642,281,337,1882,25,1672.71,Daily,Debit Card,11,35.46,8,88291,Dewasa Muda (25-45)
cust_1769,68,Rural,Low,327,3769.26,18366.86,543.57,1232548,351,355,4612,42,4763.16,Monthly,Wallet Balance,12,50.54,7,141297,Senior (>65)
cust_1770,59,Rural,High,764,7178.9,30124.14,3317.84,5484676,342,356,4544,10,323.13,Monthly,Wallet Balance,9,33.47,5,563394,Dewasa (45-65)
cust_1771,31,Suburban,Middle,199,193.41,930.75,46.42,38488,358,232,3131,37,3903.06,Monthly,Wallet Balance,0,10.26,1,12859,Dewasa Muda (25-45)
cust_1772,59,Rural,Low,916,15244.8,59850.6,4643.58,13964235,333,267,3151,0,3590.3,Weekly,Wallet Balance,6,22.44,9,1409930,Dewasa (45-65)
cust_1773,62,Suburban,Middle,601,11206.5,50546.89,1921.97,6735107,231,284,4095,23,4509.44,Monthly,Debit Card,12,20.77,2,683746,Dewasa (45-65)
cust_1774,25,Rural,High,109,18014.58,77895.32,5739.89,1963589,342,190,2653,19,452.82,Monthly,Wallet Balance,18,12.79,10,213338,Remaja (<25)
cust_1775,45,Urban,Middle,291,630.31,1270.3,299.74,183420,317,48,2474,7,4852.22,Weekly,UPI,19,18.13,1,22563,Dewasa Muda (25-45)
cust_1776,40,Urban,High,108,5435.1,10425.31,2503.7,586990,307,284,3624,7,144.19,Monthly,Credit Card,19,36.39,2,68574,Dewasa Muda (25-45)
cust_1777,54,Rural,High,408,14627.72,65203.56,1836.63,5968110,258,302,521,29,1688.52,Daily,UPI,19,30.98,4,603908,Dewasa (45-65)
cust_1778,35,Suburban,High,552,13506.24,18080.95,3394.16,7455442,173,55,4321,17,424.13,Monthly,Wallet Balance,14,24.37,2,757674,Dewasa Muda (25-45)
cust_1779,20,Urban,Middle,973,4868.72,12825.44,1007.69,4737262,32,339,4196,12,255.88,Monthly,Wallet Balance,19,65.38,6,489190,Remaja (<25)
cust_1780,16,Suburban,Middle,52,11917.8,51039.53,3486.49,619725,200,119,4651,45,4823.61,Weekly,Debit Card,13,56.29,8,81362,Remaja (<25)
cust_1781,45,Rural,Low,112,15877.22,67525.12,6882.64,1778248,80,2,222,46,3598.34,Weekly,Debit Card,5,1.18,9,190069,Dewasa Muda (25-45)
cust_1782,64,Rural,Low,295,677.28,1053.26,267.89,199797,353,224,1749,35,2528.45,Monthly,Credit Card,0,41.5,8,33713,Dewasa (45-65)
cust_1783,18,Urban,Middle,580,14355.39,42360.45,3410.72,8326127,75,236,2798,18,540.95,Monthly,Debit Card,7,50.69,8,847738,Remaja (<25)
cust_1784,60,Rural,Middle,189,5049.42,14740.92,1277.84,954340,264,203,2475,12,2630.12,Daily,UPI,3,4.79,9,109268,Dewasa (45-65)
cust_1785,29,Urban,Middle,844,18957.55,43505.41,6856.98,16000169,85,144,3136,40,1600.26,Weekly,Debit Card,12,9.09,8,1617488,Dewasa Muda (25-45)
cust_1786,45,Suburban,Middle,721,10769.02,50277.6,1913.55,7764465,217,11,3325,47,1357.94,Daily,Debit Card,2,20.78,2,789117,Dewasa Muda (25-45)
cust_1787,65,Urban,High,65,677.39,2447.05,95.57,44030,121,259,881,25,3090.52,Daily,Credit Card,1,44.58,7,14119,Dewasa (45-65)
cust_1788,19,Urban,High,574,8074.58,39732.98,1590.98,4634807,20,298,2341,8,3954.63,Monthly,Wallet Balance,10,66.54,3,469985,Remaja (<25)
cust_1789,33,Suburban,High,465,19326.57,24488.02,2891.51,8986856,149,157,220,33,2216.29,Monthly,Debit Card,5,35.5,1,902317,Dewasa Muda (25-45)
cust_1790,52,Urban,Middle,258,14610.16,37656.23,3518.03,3769420,7,197,2360,30,2466.49,Monthly,Wallet Balance,12,70.74,10,393428,Dewasa (45-65)
cust_1791,40,Urban,High,646,6016.58,26115.25,2858.03,3886707,86,92,4677,41,3257.14,Daily,UPI,1,67.51,9,409496,Dewasa Muda (25-45)
cust_1792,63,Rural,High,634,11509.59,30969.35,1704.8,7297082,147,333,3648,6,623.19,Daily,Wallet Balance,13,46.25,8,745292,Dewasa (45-65)
cust_1793,16,Suburban,Low,331,11986.04,24541.55,5121.98,3967377,316,153,251,8,4143.03,Weekly,Debit Card,10,33.52,6,401968,Remaja (<25)
cust_1794,68,Urban,Low,501,476.73,2379.47,149.63,238841,187,134,1787,39,4184.69,Weekly,Wallet Balance,7,49.39,2,31265,Senior (>65)
cust_1795,61,Suburban,High,683,3584.88,16105.07,1266.04,2448472,325,116,279,25,2705.23,Weekly,UPI,9,57.18,1,247552,Dewasa (45-65)
cust_1796,30,Suburban,High,210,11040.02,35172.34,1855.09,2318404,301,67,4389,50,937.8,Weekly,Debit Card,14,67.96,10,255149,Dewasa Muda (25-45)
cust_1797,24,Urban,High,808,8061.02,26172.83,1294.19,6513307,318,150,4274,32,2503.82,Weekly,UPI,12,54.5,6,667826,Remaja (<25)
cust_1798,30,Rural,Middle,89,3808.86,3913.42,628.83,338988,193,256,2236,32,529.7,Weekly,Debit Card,6,28.8,5,46305,Dewasa Muda (25-45)
cust_1799,64,Suburban,Low,679,15455.65,76103.28,5669.52,10494384,282,41,2101,39,3816.45,Daily,Credit Card,6,36.02,2,1057632,Dewasa (45-65)
cust_1800,39,Urban,Low,28,9785.01,41343.43,3905.35,273980,188,181,3649,3,1555.77,Monthly,UPI,20,4.34,1,35218,Dewasa Muda (25-45)
cust_1801,19,Suburban,Low,238,6206.36,7118.19,2905.19,1477114,18,188,1650,27,1555.47,Weekly,Debit Card,3,3.04,3,155933,Remaja (<25)
cust_1802,27,Rural,High,336,3241.93,5528.53,840.56,1089288,315,39,2363,3,4725.24,Daily,UPI,3,20.99,5,116592,Dewasa Muda (25-45)
cust_1803,52,Rural,Middle,63,12227.16,52382.66,3482.14,770310,149,311,2230,46,2109.29,Daily,Debit Card,17,58.23,9,94036,Dewasa (45-65)
cust_1804,52,Rural,Low,960,13328.56,17959.74,3836.47,12795420,46,327,3331,33,3947.88,Monthly,Credit Card,15,23.67,8,1295530,Dewasa (45-65)
cust_1805,58,Urban,Low,767,13395.25,63857.06,2785.66,10274155,12,217,23,48,3185.81,Weekly,Wallet Balance,19,9.3,9,1039668,Dewasa (45-65)
cust_1806,21,Urban,Middle,908,4413.54,22065.8,1020.82,4007498,230,130,4946,39,1580.88,Monthly,Wallet Balance,12,26.29,5,418751,Remaja (<25)
cust_1807,54,Rural,High,553,11910.81,54143.36,5225.61,6586680,113,264,255,47,618.95,Monthly,Credit Card,1,22.7,4,667568,Dewasa (45-65)
cust_1808,61,Urban,High,500,18109.08,71632.55,4300.7,9054537,160,114,1237,5,3988.71,Monthly,Credit Card,14,71.24,3,909433,Dewasa (45-65)
cust_1809,39,Rural,Low,541,7070.22,20850.99,3164.9,3824989,227,63,3942,32,3812.52,Weekly,Wallet Balance,6,69.97,3,394676,Dewasa Muda (25-45)
cust_1810,26,Urban,Low,791,4223.23,5615.71,938.01,3340575,183,97,3567,4,845.82,Weekly,UPI,8,53.32,4,345168,Dewasa Muda (25-45)
cust_1811,28,Rural,Middle,469,15445.27,60573.02,3644.36,7243831,55,330,1063,18,1245.58,Weekly,Credit Card,18,59.85,5,732686,Dewasa Muda (25-45)
cust_1812,49,Suburban,Low,592,3545.89,9174.85,1149.27,2099166,266,18,794,17,3831.19,Daily,Wallet Balance,7,19.02,10,221289,Dewasa (45-65)
cust_1813,40,Rural,Middle,51,5082.44,16675.04,717.9,259204,35,205,1486,2,4918.15,Daily,Wallet Balance,20,39.17,7,33633,Dewasa Muda (25-45)
cust_1814,22,Rural,Low,112,2021.88,4394.68,947.91,226450,80,213,2483,33,4218.21,Daily,Wallet Balance,9,71.89,9,37801,Remaja (<25)
cust_1815,67,Urban,Low,873,5364.81,10561.29,2297.0,4683477,6,97,5000,1,3420.76,Weekly,UPI,3,23.95,4,480737,Senior (>65)
cust_1816,19,Urban,Low,301,8212.6,18865.88,3023.89,2471991,127,279,1234,0,4577.13,Monthly,UPI,11,71.02,5,252378,Remaja (<25)
cust_1817,23,Urban,High,90,1292.52,5500.06,640.12,116326,68,236,3985,34,1426.18,Monthly,Credit Card,7,14.37,5,27289,Remaja (<25)
cust_1818,35,Urban,Middle,229,17435.46,47179.77,1855.13,3992720,190,168,2854,50,48.26,Daily,UPI,0,45.03,4,413955,Dewasa Muda (25-45)
cust_1819,44,Urban,Middle,150,10278.36,23093.74,2717.85,1541753,244,60,1994,3,1604.84,Monthly,UPI,8,56.52,3,160660,Dewasa Muda (25-45)
cust_1820,69,Urban,High,755,11766.19,32143.84,5216.39,8883474,9,85,2333,34,4859.67,Daily,UPI,6,43.12,7,900983,Senior (>65)
cust_1821,68,Suburban,High,138,7432.0,8391.84,2030.47,1025616,157,261,2291,7,4409.85,Monthly,UPI,8,22.93,5,110638,Senior (>65)
cust_1822,66,Rural,High,135,13400.01,61136.42,1368.09,1809000,71,355,761,43,251.78,Weekly,Credit Card,6,58.79,2,188596,Senior (>65)
cust_1823,60,Rural,Middle,457,8641.32,27713.1,1409.41,3949081,134,166,4238,28,2509.79,Daily,UPI,1,15.32,9,413929,Dewasa (45-65)
cust_1824,61,Rural,Low,601,15228.66,21614.12,4167.0,9152426,300,228,1784,35,395.05,Daily,Credit Card,20,31.55,1,923113,Dewasa (45-65)
cust_1825,25,Suburban,High,494,16429.83,35383.73,6032.69,8116335,320,60,319,13,3945.16,Monthly,Credit Card,19,20.86,4,815598,Remaja (<25)
cust_1826,58,Rural,High,527,13440.26,66317.1,2218.47,7083018,249,164,3992,41,1863.08,Weekly,UPI,15,36.17,7,726454,Dewasa (45-65)
cust_1827,49,Suburban,High,333,9831.8,33155.08,2745.21,3273989,323,230,4528,48,4559.73,Weekly,UPI,9,28.51,8,346975,Dewasa (45-65)
cust_1828,41,Suburban,Low,362,15647.56,33886.67,1644.8,5664418,44,82,3650,29,272.26,Weekly,Credit Card,9,13.72,10,586505,Dewasa Muda (25-45)
cust_1829,56,Suburban,Low,174,9890.76,26758.3,2878.21,1720992,116,157,4217,49,3669.98,Weekly,Credit Card,13,53.67,6,189598,Dewasa (45-65)
cust_1830,64,Rural,High,602,2239.08,4554.07,1026.33,1347927,228,191,4889,6,1996.83,Daily,Credit Card,8,13.54,7,151172,Dewasa (45-65)
cust_1831,18,Suburban,Low,213,2335.64,2632.77,791.1,497491,57,362,2779,12,1341.13,Weekly,Wallet Balance,18,39.74,9,64836,Remaja (<25)
cust_1832,21,Rural,High,343,18972.18,82872.75,5241.3,6507456,244,244,4845,21,2587.25,Monthly,UPI,18,58.13,6,667242,Remaja (<25)
cust_1833,20,Rural,Low,61,4279.12,9285.33,705.64,261026,57,242,3615,44,2427.43,Daily,Wallet Balance,20,35.31,7,43518,Remaja (<25)
cust_1834,20,Urban,Middle,876,16320.34,71052.94,2953.45,14296618,143,222,1996,1,1744.05,Monthly,Wallet Balance,1,63.97,2,1434881,Remaja (<25)
cust_1835,69,Urban,Middle,732,4941.64,14401.07,645.4,3617281,192,168,1296,7,3244.28,Weekly,UPI,19,31.45,7,370397,Senior (>65)
cust_1836,62,Suburban,Low,61,8621.29,14928.45,3422.35,525898,7,121,3245,20,3306.58,Daily,Debit Card,18,69.92,7,66426,Dewasa (45-65)
cust_1837,38,Suburban,Middle,819,13102.41,55128.07,1714.5,10730876,275,2,2285,19,385.69,Monthly,Wallet Balance,10,2.77,2,1081364,Dewasa Muda (25-45)
cust_1838,64,Rural,Middle,678,3185.75,7991.29,807.84,2159941,134,118,109,10,2977.08,Weekly,UPI,5,57.17,5,220723,Dewasa (45-65)
cust_1839,24,Suburban,Middle,524,14747.56,56496.66,5898.11,7727720,39,136,411,33,3553.68,Daily,Wallet Balance,16,51.26,4,779117,Remaja (<25)
cust_1840,50,Suburban,High,216,13801.36,60020.99,5315.31,2981093,193,330,70,43,379.44,Weekly,UPI,4,44.39,7,309359,Dewasa (45-65)
cust_1841,35,Rural,Low,589,10866.23,52722.31,3596.86,6400207,327,127,3727,4,3295.65,Weekly,Credit Card,10,22.02,4,650226,Dewasa Muda (25-45)
cust_1842,64,Suburban,Low,744,11322.14,15208.55,3719.58,8423669,25,241,717,47,4019.89,Weekly,Wallet Balance,3,44.36,9,855490,Dewasa (45-65)
cust_1843,57,Suburban,Low,624,2124.38,2195.64,289.19,1325611,102,108,2470,29,4159.72,Weekly,Wallet Balance,0,43.21,9,147321,Dewasa (45-65)
cust_1844,50,Rural,Middle,578,8724.62,27863.83,1482.89,5042832,151,299,2288,32,208.24,Monthly,Wallet Balance,15,11.61,5,516955,Dewasa (45-65)
cust_1845,65,Rural,High,694,1740.56,3580.27,546.36,1207950,217,112,3674,11,3487.09,Weekly,UPI,3,63.47,8,135499,Dewasa (45-65)
cust_1846,33,Urban,Low,423,6164.19,17730.71,1474.67,2607451,230,163,718,4,3984.88,Daily,Debit Card,14,38.96,3,263588,Dewasa Muda (25-45)
cust_1847,32,Rural,Middle,716,18007.24,23240.77,1937.13,12893183,267,275,126,0,1984.11,Monthly,Credit Card,2,7.32,4,1292578,Dewasa Muda (25-45)
cust_1848,39,Urban,High,423,11494.92,34557.83,4819.44,4862352,162,19,425,34,2714.2,Weekly,Debit Card,11,28.8,2,491128,Dewasa Muda (25-45)
cust_1849,18,Suburban,High,371,14856.64,22276.38,5371.05,5511814,287,233,2325,24,1325.58,Daily,Wallet Balance,20,16.37,3,560568,Remaja (<25)
cust_1850,47,Rural,Low,206,11481.98,49996.56,2644.46,2365287,166,20,2541,3,1551.21,Daily,UPI,14,12.97,4,245135,Dewasa (45-65)
cust_1851,50,Rural,Low,286,3892.79,15718.89,542.2,1113338,247,241,2435,8,2508.1,Monthly,Wallet Balance,10,68.19,9,124749,Dewasa (45-65)
cust_1852,53,Rural,Middle,105,11900.22,15426.19,4004.19,1249522,174,260,2818,48,755.69,Monthly,Wallet Balance,2,48.91,4,139010,Dewasa (45-65)
cust_1853,28,Suburban,Low,754,15110.21,65659.92,3617.68,11393096,9,49,535,43,1852.58,Monthly,Debit Card,18,22.41,1,1144753,Dewasa Muda (25-45)
cust_1854,62,Urban,Middle,747,2776.72,6385.99,561.33,2074206,276,154,3533,50,1507.18,Monthly,Wallet Balance,10,49.16,2,220733,Dewasa (45-65)
cust_1855,40,Suburban,High,688,16339.97,39402.83,6349.51,11241896,59,3,2334,2,1191.25,Weekly,UPI,7,58.02,7,1135461,Dewasa Muda (25-45)
cust_1856,24,Suburban,High,723,11112.29,19104.41,2569.83,8034185,85,308,2492,29,2419.44,Monthly,Credit Card,18,23.5,2,812092,Remaja (<25)
cust_1857,19,Rural,High,543,95.46,414.42,14.74,51835,150,292,1144,19,4193.39,Monthly,Debit Card,1,70.92,3,10274,Remaja (<25)
cust_1858,29,Urban,High,747,10400.37,27236.73,3043.79,7769077,321,169,1721,9,1211.31,Daily,UPI,1,63.58,10,790644,Dewasa Muda (25-45)
cust_1859,52,Suburban,Low,242,7919.47,9466.49,3416.35,1916512,60,198,3490,19,3298.65,Monthly,Wallet Balance,11,57.6,3,201881,Dewasa (45-65)
cust_1860,49,Rural,Low,491,5935.97,28878.46,2611.01,2914559,125,179,3870,39,1270.96,Daily,Credit Card,7,51.78,8,310460,Dewasa (45-65)
cust_1861,26,Suburban,Middle,665,15427.43,31218.16,6784.02,10259242,41,103,1779,2,710.42,Weekly,Credit Card,5,3.75,7,1036327,Dewasa Muda (25-45)
cust_1862,56,Suburban,Middle,708,17991.0,85362.07,4828.21,12737629,337,219,3147,10,4716.61,Daily,Credit Card,2,2.59,1,1279698,Dewasa (45-65)
cust_1863,18,Rural,Middle,498,15255.44,33637.52,6351.96,7597206,173,16,905,14,3166.18,Weekly,UPI,10,12.7,8,769347,Remaja (<25)
cust_1864,43,Rural,Middle,435,16936.98,73264.42,7453.84,7367587,260,47,2131,27,522.98,Daily,Credit Card,15,66.1,3,746459,Dewasa Muda (25-45)
cust_1865,44,Urban,Middle,781,18176.53,66469.36,5158.78,14195870,326,336,2923,43,3163.22,Daily,UPI,10,16.43,5,1433151,Dewasa Muda (25-45)
cust_1866,24,Suburban,High,484,18253.46,81139.07,4152.58,8834674,173,46,1847,34,881.74,Monthly,Debit Card,9,50.78,7,897120,Remaja (<25)
cust_1867,18,Rural,High,447,2301.62,11288.21,876.42,1028822,186,100,306,6,4438.98,Daily,UPI,9,70.57,3,104874,Remaja (<25)
cust_1868,40,Rural,High,384,9133.15,40970.7,4217.57,3507128,241,183,3516,32,1237.35,Weekly,Wallet Balance,16,67.55,8,368326,Dewasa Muda (25-45)
cust_1869,49,Urban,Middle,510,15.73,41.12,7.69,8020,339,354,3730,41,4033.99,Daily,UPI,10,29.42,8,18345,Dewasa (45-65)
cust_1870,27,Urban,High,170,10134.19,43151.51,2189.9,1722811,94,216,4432,48,995.98,Monthly,UPI,13,49.36,9,194447,Dewasa Muda (25-45)
cust_1871,57,Rural,High,950,18485.64,71106.91,8918.74,17561354,63,134,516,37,2791.45,Monthly,Wallet Balance,8,54.91,6,1765471,Dewasa (45-65)
cust_1872,24,Urban,High,869,3990.05,4973.26,1195.87,3467357,221,340,100,18,4561.64,Weekly,Debit Card,15,40.02,2,348454,Remaja (<25)
cust_1873,30,Rural,High,323,12799.33,60400.58,2846.75,4134185,8,317,2147,43,1480.01,Monthly,UPI,5,38.14,8,429272,Dewasa Muda (25-45)
cust_1874,55,Suburban,Low,848,12891.14,36918.21,6385.74,10931684,213,9,2220,28,406.99,Daily,Wallet Balance,16,16.87,10,1110204,Dewasa (45-65)
cust_1875,40,Urban,Middle,474,3215.48,4944.77,1450.58,1524135,209,213,2829,1,2762.96,Weekly,Wallet Balance,2,48.99,2,158790,Dewasa Muda (25-45)
cust_1876,20,Suburban,Middle,232,4778.16,12908.27,1801.21,1108533,209,139,1908,43,861.65,Monthly,Debit Card,1,21.86,9,127538,Remaja (<25)
cust_1877,26,Suburban,Low,696,9245.82,31551.95,4234.37,6435087,85,222,27,18,3641.72,Daily,Debit Card,10,22.91,2,645541,Dewasa Muda (25-45)
cust_1878,49,Suburban,High,359,3772.31,12417.62,1405.54,1354257,207,321,4852,8,2954.11,Monthly,Wallet Balance,17,19.87,7,151452,Dewasa (45-65)
cust_1879,39,Rural,High,275,11704.03,38613.64,3232.2,3218608,347,91,3336,5,1731.88,Monthly,Debit Card,2,5.67,3,331166,Dewasa Muda (25-45)
cust_1880,30,Suburban,High,942,9695.99,19618.45,4646.51,9133621,153,315,2362,16,3528.27,Weekly,Wallet Balance,14,60.9,1,918922,Dewasa Muda (25-45)
cust_1881,53,Suburban,Middle,911,10388.77,36680.78,5041.66,9464170,161,112,4133,1,1192.64,Weekly,Debit Card,4,62.28,8,962186,Dewasa (45-65)
cust_1882,23,Suburban,Middle,32,2698.01,12490.85,608.86,86336,116,113,3676,38,4585.18,Weekly,Wallet Balance,10,52.39,7,24493,Remaja (<25)
cust_1883,20,Rural,Middle,177,10349.86,26440.46,2502.16,1831925,362,198,3224,5,1734.44,Daily,Credit Card,2,66.87,3,192273,Remaja (<25)
cust_1884,63,Suburban,Middle,917,999.07,3519.04,252.85,916146,251,263,2375,13,3814.84,Monthly,Debit Card,14,45.82,1,96757,Dewasa (45-65)
cust_1885,41,Suburban,Middle,65,17631.89,34839.7,7561.58,1146072,183,317,47,48,1292.6,Weekly,Credit Card,2,46.41,10,128854,Dewasa Muda (25-45)
cust_1886,33,Urban,Low,710,6871.56,8198.63,2861.72,4878808,164,313,3713,25,3574.13,Daily,Wallet Balance,6,64.03,4,500019,Dewasa Muda (25-45)
cust_1887,21,Rural,Middle,27,17128.18,57258.24,8448.41,462460,328,342,5,17,157.65,Daily,Debit Card,6,15.81,5,52877,Remaja (<25)
cust_1888,52,Suburban,High,663,14036.11,16705.77,4015.53,9305941,80,162,769,5,1477.59,Daily,Debit Card,10,31.92,3,934893,Dewasa (45-65)
cust_1889,63,Urban,Middle,815,15325.79,59683.81,6049.19,12490518,7,84,1362,11,464.45,Monthly,Credit Card,15,50.99,5,1257643,Dewasa (45-65)
cust_1890,28,Rural,Low,479,6297.74,23184.58,2787.94,3016619,325,45,3340,37,2256.1,Weekly,Credit Card,3,20.07,1,311913,Dewasa Muda (25-45)
cust_1891,43,Rural,High,268,4562.6,11302.93,860.01,1222777,87,45,816,21,2175.54,Monthly,UPI,10,17.23,7,131921,Dewasa Muda (25-45)
cust_1892,20,Rural,Low,597,8140.74,21533.57,2834.79,4860023,8,271,3828,13,1795.04,Daily,Credit Card,13,64.78,2,496060,Remaja (<25)
cust_1893,28,Rural,High,66,494.27,2308.78,157.71,32622,36,210,7,12,4905.84,Monthly,Wallet Balance,7,71.72,5,7023,Dewasa Muda (25-45)
cust_1894,32,Rural,Middle,133,18375.93,19341.3,7297.65,2443998,251,174,4872,8,1220.45,Weekly,Wallet Balance,16,28.43,10,264333,Dewasa Muda (25-45)
cust_1895,65,Rural,Low,905,7746.42,25200.74,2929.47,7010505,100,247,4758,49,3955.26,Daily,Credit Card,17,17.8,2,715488,Dewasa (45-65)
cust_1896,55,Suburban,High,916,19771.25,92795.25,8405.09,18110461,79,174,2532,41,2237.24,Monthly,Credit Card,5,29.72,8,1827091,Dewasa (45-65)
cust_1897,60,Suburban,Middle,366,15231.37,70916.5,3418.8,5574682,286,36,2759,31,1674.05,Weekly,Wallet Balance,20,22.57,3,568249,Dewasa (45-65)
cust_1898,47,Suburban,High,82,1619.5,5406.88,302.1,132798,271,302,328,9,1017.33,Weekly,UPI,19,59.34,1,15327,Dewasa (45-65)
cust_1899,44,Suburban,Low,893,13207.16,33347.03,5574.47,11793997,221,298,4495,26,3167.02,Weekly,UPI,19,64.97,6,1195406,Dewasa Muda (25-45)
cust_1900,66,Urban,Low,831,5424.07,7569.92,1324.7,4507406,196,158,4875,13,1668.39,Weekly,Debit Card,9,28.76,8,468956,Senior (>65)
cust_1901,18,Suburban,Low,982,4881.94,8275.55,1049.76,4794060,226,139,1912,8,4064.59,Daily,Wallet Balance,5,43.57,7,488997,Remaja (<25)
cust_1902,55,Rural,Low,328,5138.69,19109.2,1206.19,1685489,87,33,2385,8,4842.32,Daily,Debit Card,11,6.59,6,177697,Dewasa (45-65)
cust_1903,49,Suburban,Middle,98,18322.34,19541.44,2318.54,1795589,58,251,3980,25,1135.66,Monthly,UPI,16,33.82,5,194451,Dewasa (45-65)
cust_1904,55,Suburban,High,585,10004.6,45360.3,4094.46,5852693,170,326,2466,31,643.35,Weekly,Credit Card,12,1.49,8,600979,Dewasa (45-65)
cust_1905,42,Rural,Middle,327,13392.72,44888.9,5170.45,4379420,97,171,3037,40,1577.59,Weekly,UPI,0,48.65,10,457227,Dewasa Muda (25-45)
cust_1906,28,Suburban,Low,542,5626.15,6642.15,1806.43,3049371,146,110,1194,34,2335.56,Daily,UPI,3,13.5,4,313557,Dewasa Muda (25-45)
cust_1907,60,Suburban,High,125,10463.86,20499.43,4043.59,1307982,358,167,100,25,1504.83,Monthly,UPI,15,63.34,7,139745,Dewasa (45-65)
cust_1908,48,Suburban,Low,210,7008.5,23666.33,1746.89,1471785,18,125,2461,40,4852.33,Monthly,UPI,18,45.73,2,155674,Dewasa (45-65)
cust_1909,21,Urban,Middle,987,6429.57,7345.17,1402.6,6345985,184,214,322,44,3896.01,Daily,Wallet Balance,4,66.9,9,646694,Remaja (<25)
cust_1910,39,Suburban,Middle,784,4946.91,20381.01,2200.98,3878375,143,295,4124,41,4830.7,Daily,Wallet Balance,12,67.61,8,405770,Dewasa Muda (25-45)
cust_1911,34,Rural,Middle,725,8186.05,38308.15,2201.9,5934884,334,181,3649,2,1866.2,Daily,Wallet Balance,9,13.01,4,604053,Dewasa Muda (25-45)
cust_1912,31,Rural,High,133,13204.0,63971.83,2355.13,1756132,62,83,4846,29,1523.37,Daily,UPI,4,37.43,7,194443,Dewasa Muda (25-45)
cust_1913,55,Suburban,High,503,4448.66,17503.84,1777.76,2237673,163,362,3076,28,2036.81,Daily,Debit Card,15,14.88,1,232700,Dewasa (45-65)
cust_1914,43,Suburban,Low,157,19309.23,85487.77,4525.09,3031548,40,319,606,19,2614.17,Daily,Credit Card,0,33.17,5,309959,Dewasa Muda (25-45)
cust_1915,48,Suburban,High,559,2500.99,8610.47,462.03,1398051,179,25,516,3,3707.78,Monthly,Debit Card,11,32.96,2,141283,Dewasa (45-65)
cust_1916,63,Rural,High,869,9609.34,27234.55,1065.54,8350518,235,246,1108,13,4405.51,Daily,Wallet Balance,14,53.24,2,838365,Dewasa (45-65)
cust_1917,56,Rural,Middle,875,1709.71,6586.74,834.75,1495999,60,41,4335,44,2315.9,Daily,Wallet Balance,4,70.3,2,163512,Dewasa (45-65)
cust_1918,28,Urban,Low,382,463.08,878.33,132.86,176896,228,59,838,38,1445.89,Monthly,Wallet Balance,5,45.66,2,24442,Dewasa Muda (25-45)
cust_1919,58,Urban,Middle,22,18454.32,26558.3,3039.48,405995,239,177,1121,20,1594.23,Monthly,Debit Card,10,58.94,5,49044,Dewasa (45-65)
cust_1920,60,Urban,Low,974,16209.59,65606.77,6534.48,15788142,56,30,3965,6,3484.74,Weekly,Wallet Balance,19,29.66,4,1589601,Dewasa (45-65)
cust_1921,40,Rural,Low,953,13886.17,67108.33,6319.04,13233516,234,45,3341,5,2837.79,Weekly,Wallet Balance,13,6.17,1,1330114,Dewasa Muda (25-45)
cust_1922,68,Urban,High,595,17305.16,57278.66,5385.15,10296572,84,309,1336,39,2432.47,Monthly,UPI,1,37.54,6,1041013,Senior (>65)
cust_1923,57,Suburban,Middle,419,16058.94,47055.42,1788.06,6728695,203,154,1259,5,1013.87,Daily,Wallet Balance,9,65.18,3,678380,Dewasa (45-65)
cust_1924,51,Suburban,High,472,12948.28,40626.75,3186.02,6111589,41,40,3280,24,4377.28,Monthly,Wallet Balance,11,18.06,8,625930,Dewasa (45-65)
cust_1925,42,Rural,High,234,16948.37,49385.13,3342.91,3965919,17,140,1861,3,3905.1,Daily,Debit Card,8,19.66,2,400661,Dewasa Muda (25-45)
cust_1926,53,Urban,High,572,7822.1,21657.85,2773.4,4474242,105,257,644,36,703.19,Daily,Credit Card,8,8.44,8,459960,Dewasa (45-65)
cust_1927,22,Suburban,Low,454,11059.51,52954.51,3401.28,5021017,25,70,2228,24,1836.94,Daily,Wallet Balance,9,71.77,6,514039,Remaja (<25)
cust_1928,20,Rural,Middle,700,15528.45,45328.36,3762.46,10869914,93,136,596,17,2710.66,Monthly,Credit Card,6,30.45,5,1093528,Remaja (<25)
cust_1929,58,Urban,Middle,570,1705.11,2258.27,612.82,971914,215,236,2810,33,2271.69,Daily,Credit Card,1,22.22,10,114975,Dewasa (45-65)
cust_1930,60,Suburban,High,771,17174.32,69763.25,5732.3,13241402,184,112,4536,24,1988.98,Monthly,Wallet Balance,0,66.8,6,1340617,Dewasa (45-65)
cust_1931,66,Urban,Low,162,3145.04,8070.95,1454.88,509496,217,33,467,21,3594.16,Daily,UPI,20,58.6,6,58186,Senior (>65)
cust_1932,46,Rural,Middle,301,17292.18,66449.94,5857.23,5204946,151,196,964,45,272.52,Daily,Wallet Balance,18,63.26,4,530786,Dewasa (45-65)
cust_1933,38,Urban,Middle,306,6233.54,20684.63,1889.29,1907464,258,178,1637,13,2357.05,Monthly,Debit Card,18,68.48,1,195141,Dewasa Muda (25-45)
cust_1934,57,Rural,High,2,6542.39,25206.0,2809.75,13084,301,360,2786,36,1310.91,Monthly,Wallet Balance,0,61.83,2,11825,Dewasa (45-65)
cust_1935,25,Urban,Low,271,1488.23,1857.28,269.32,403311,119,134,2813,10,423.09,Daily,UPI,1,70.98,8,54745,Remaja (<25)
cust_1936,47,Suburban,High,421,17719.13,20119.96,3498.21,7459755,134,191,226,26,2324.44,Daily,Wallet Balance,3,46.39,9,756865,Dewasa (45-65)
cust_1937,58,Rural,Middle,143,3498.46,8795.72,1446.37,500280,207,335,2808,25,856.84,Weekly,Debit Card,15,18.1,4,61715,Dewasa (45-65)
cust_1938,68,Rural,Low,700,12604.7,47553.3,3490.75,8823288,263,6,1304,34,1291.12,Monthly,Debit Card,12,12.87,8,895691,Senior (>65)
cust_1939,45,Rural,High,864,12882.91,24409.64,3397.15,11130836,322,293,513,15,2535.04,Weekly,Credit Card,11,43.76,10,1124342,Dewasa Muda (25-45)
cust_1940,54,Urban,Middle,853,5630.22,15390.78,2560.8,4802576,190,179,211,39,4868.54,Weekly,Debit Card,4,26.48,6,488145,Dewasa (45-65)
cust_1941,46,Urban,High,960,19713.36,97053.64,6782.26,18924828,158,283,769,19,3421.28,Weekly,Credit Card,2,10.32,1,1895210,Dewasa (45-65)
cust_1942,33,Suburban,High,977,1292.68,2403.74,544.43,1262950,76,106,3311,14,1398.11,Monthly,UPI,19,57.61,6,139618,Dewasa Muda (25-45)
cust_1943,51,Rural,High,994,12161.36,53409.95,5155.63,12088393,52,246,430,13,1912.03,Daily,Debit Card,1,25.83,7,1217043,Dewasa (45-65)
cust_1944,17,Rural,Low,736,9596.08,41280.85,1420.32,7062717,226,325,3258,45,2030.67,Daily,Debit Card,4,32.61,1,717272,Remaja (<25)
cust_1945,29,Urban,Middle,879,4917.23,22449.15,1777.48,4322242,94,231,259,7,768.19,Monthly,Credit Card,0,44.44,9,442058,Dewasa Muda (25-45)
cust_1946,28,Urban,Middle,692,3279.4,15283.86,1577.41,2269343,292,215,1754,23,803.27,Weekly,Debit Card,13,29.54,6,238340,Dewasa Muda (25-45)
cust_1947,44,Suburban,Middle,535,14744.32,44664.67,4305.5,7888209,291,273,2397,32,741.97,Monthly,Wallet Balance,14,62.51,8,804443,Dewasa Muda (25-45)
cust_1948,27,Suburban,Middle,867,18327.13,68318.7,7200.24,15889625,322,105,4802,15,2608.32,Daily,Credit Card,3,70.75,8,1606762,Dewasa Muda (25-45)
cust_1949,54,Urban,Low,37,2159.85,7506.7,705.61,79914,178,23,45,26,3370.93,Monthly,UPI,11,28.35,9,17995,Dewasa (45-65)
cust_1950,17,Rural,High,107,3887.66,8692.02,707.32,415980,106,295,876,27,2953.6,Weekly,Debit Card,9,13.66,1,45573,Remaja (<25)
cust_1951,47,Suburban,Middle,297,19725.53,41801.37,3512.67,5858483,76,161,2917,43,4888.84,Monthly,UPI,17,20.75,6,599537,Dewasa (45-65)
cust_1952,28,Urban,Low,741,310.3,734.26,84.88,229934,4,194,1955,13,629.37,Daily,UPI,8,48.85,9,36888,Dewasa Muda (25-45)
cust_1953,61,Urban,High,825,10169.96,19056.78,2981.79,8390214,311,266,1600,8,4932.37,Daily,Wallet Balance,4,6.84,8,848555,Dewasa (45-65)
cust_1954,42,Rural,Low,97,10327.1,41613.39,3111.07,1001728,187,83,2274,45,2333.37,Daily,Credit Card,8,48.9,4,112054,Dewasa Muda (25-45)
cust_1955,64,Urban,Low,281,5270.6,25606.11,2540.43,1481038,20,168,1739,12,1093.16,Weekly,Credit Card,18,38.46,5,157235,Dewasa (45-65)
cust_1956,56,Urban,Middle,110,13263.95,59304.26,1858.3,1459034,275,329,3190,50,4716.4,Daily,Debit Card,19,4.22,9,163925,Dewasa (45-65)
cust_1957,32,Suburban,Middle,549,18899.37,35375.11,4766.62,10375753,136,143,333,21,2343.07,Daily,UPI,16,30.16,5,1044169,Dewasa Muda (25-45)
cust_1958,55,Urban,High,552,9009.78,10880.76,2755.36,4973396,27,43,1530,29,1736.73,Monthly,Credit Card,14,17.37,9,511431,Dewasa (45-65)
cust_1959,46,Urban,High,597,14990.9,60388.96,7274.26,8949564,136,344,555,31,1069.05,Monthly,Debit Card,13,10.24,1,899631,Dewasa (45-65)
cust_1960,49,Suburban,Middle,814,12924.94,33098.91,3899.79,10520904,18,12,2048,15,1339.38,Weekly,Wallet Balance,17,67.8,10,1067016,Dewasa (45-65)
cust_1961,39,Rural,Low,188,9464.11,40681.0,3881.33,1779252,285,22,730,50,4896.1,Weekly,UPI,13,21.66,9,190937,Dewasa Muda (25-45)
cust_1962,60,Rural,Middle,752,1005.75,4140.61,402.01,756322,302,18,4823,24,1519.87,Monthly,Wallet Balance,19,36.08,10,96918,Dewasa (45-65)
cust_1963,50,Suburban,High,870,14837.58,51955.87,4845.62,12908693,138,62,4033,48,4889.03,Daily,Debit Card,2,44.46,9,1310290,Dewasa (45-65)
cust_1964,63,Suburban,Low,488,7271.4,14698.09,1107.3,3548441,232,189,1163,22,1651.07,Monthly,UPI,20,45.66,6,364544,Dewasa (45-65)
cust_1965,21,Rural,Low,354,4497.65,6369.31,843.32,1592167,340,79,1299,36,1157.09,Monthly,Wallet Balance,1,28.08,7,171836,Remaja (<25)
cust_1966,34,Rural,Low,19,18965.89,38132.69,3718.38,360351,257,167,4462,27,916.82,Daily,UPI,19,20.14,6,53200,Dewasa Muda (25-45)
cust_1967,45,Rural,Middle,859,15472.32,47020.98,1786.49,13290723,219,150,4719,2,2059.27,Monthly,Debit Card,20,41.11,4,1341680,Dewasa Muda (25-45)
cust_1968,22,Rural,Middle,393,19245.75,94647.75,4843.91,7563580,132,223,2020,22,1184.03,Monthly,UPI,5,57.42,7,769005,Remaja (<25)
cust_1969,25,Rural,High,837,5131.78,6439.09,1766.39,4295296,357,105,3686,32,3484.69,Daily,Wallet Balance,8,64.54,2,440359,Remaja (<25)
cust_1970,56,Suburban,Low,261,16717.51,30096.33,2636.46,4363269,256,254,1940,38,1198.86,Daily,Credit Card,0,43.0,3,446407,Dewasa (45-65)
cust_1971,47,Urban,Low,985,12158.35,42665.09,2067.09,11975975,96,7,4396,24,4176.98,Weekly,Debit Card,14,38.54,4,1210701,Dewasa (45-65)
cust_1972,49,Rural,Middle,410,19630.26,43529.27,7514.36,8048406,274,163,3071,24,4170.06,Weekly,UPI,0,69.58,3,814297,Dewasa (45-65)
cust_1973,43,Rural,High,403,18926.88,83922.09,3174.06,7627530,334,290,3499,38,1427.63,Monthly,UPI,2,15.42,9,781837,Dewasa Muda (25-45)
cust_1974,30,Urban,High,670,19459.63,30311.64,2999.4,13037952,301,195,1210,20,3767.7,Weekly,UPI,15,2.19,4,1310331,Dewasa Muda (25-45)
cust_1975,45,Urban,Low,484,19035.83,92373.86,9349.2,9213343,15,319,4253,30,4287.73,Daily,UPI,14,35.97,10,940696,Dewasa Muda (25-45)
cust_1976,52,Urban,Middle,304,163.14,758.52,17.28,49594,179,130,1354,48,2950.66,Daily,UPI,14,5.11,1,11992,Dewasa (45-65)
cust_1977,44,Urban,Low,624,14824.3,67452.28,3412.01,9250361,260,109,3328,29,1831.66,Weekly,Wallet Balance,4,5.2,8,941676,Dewasa Muda (25-45)
cust_1978,37,Urban,Middle,656,5445.97,9216.09,620.7,3572557,88,219,2130,38,2204.84,Daily,Wallet Balance,9,3.34,4,368213,Dewasa Muda (25-45)
cust_1979,19,Urban,High,768,14103.49,32691.67,6138.11,10831481,94,319,4109,44,3931.14,Daily,Debit Card,10,44.9,9,1102800,Remaja (<25)
cust_1980,35,Suburban,Low,967,19612.42,82693.55,6539.06,18965208,333,130,3267,44,1466.59,Monthly,Debit Card,7,45.43,9,1915721,Dewasa Muda (25-45)
cust_1981,47,Urban,Low,18,796.79,3371.42,94.96,14342,28,244,1235,41,1672.31,Daily,Wallet Balance,14,19.15,9,16168,Dewasa (45-65)
cust_1982,51,Urban,Low,184,11344.09,43342.37,3926.7,2087311,185,307,4203,33,803.92,Monthly,Credit Card,19,32.94,9,229035,Dewasa (45-65)
cust_1983,65,Suburban,High,405,14701.71,41050.18,2194.06,5954194,75,297,4726,37,1995.26,Daily,Wallet Balance,11,30.74,7,614573,Dewasa (45-65)
cust_1984,19,Urban,Low,799,5074.64,11399.46,1513.73,4054639,54,85,2778,6,432.58,Monthly,Credit Card,3,36.0,9,420403,Remaja (<25)
cust_1985,42,Rural,High,897,4510.19,21882.67,1658.69,4045638,321,255,4260,26,1605.17,Weekly,Wallet Balance,9,15.17,7,421881,Dewasa Muda (25-45)
cust_1986,32,Rural,Middle,131,1216.31,1893.85,193.88,159336,47,327,2908,12,1867.4,Monthly,Debit Card,15,58.7,8,30015,Dewasa Muda (25-45)
cust_1987,27,Urban,High,479,1887.46,2217.79,564.01,904092,248,237,4442,28,1277.4,Daily,Debit Card,14,21.46,2,103454,Dewasa Muda (25-45)
cust_1988,37,Suburban,Middle,793,13138.43,13618.27,3717.71,10418775,234,1,1048,22,506.79,Monthly,UPI,4,24.2,4,1049920,Dewasa Muda (25-45)
cust_1989,32,Rural,High,757,10109.16,41448.65,4713.9,7652634,118,265,1959,7,2608.34,Monthly,Credit Card,11,47.2,4,772577,Dewasa Muda (25-45)
cust_1990,25,Suburban,High,8,611.14,749.76,304.52,4889,260,194,1578,20,4325.41,Monthly,Credit Card,10,70.69,4,7482,Remaja (<25)
cust_1991,69,Rural,Low,705,19393.54,61178.36,7016.38,13672444,230,364,3698,12,1678.22,Weekly,Credit Card,10,15.51,3,1378001,Senior (>65)
cust_1992,16,Urban,High,318,13124.36,32406.27,5800.23,4173545,290,357,349,25,1184.01,Daily,UPI,12,26.41,1,420960,Remaja (<25)
cust_1993,37,Suburban,Low,391,10314.22,16375.18,3700.25,4032858,241,122,1478,42,1425.19,Monthly,Credit Card,8,27.57,6,415729,Dewasa Muda (25-45)
cust_1994,41,Suburban,Middle,519,5461.76,21641.57,2460.6,2834652,332,364,1820,9,4309.44,Weekly,UPI,15,38.57,5,290850,Dewasa Muda (25-45)
cust_1995,33,Suburban,Middle,136,13165.4,16062.14,3598.22,1790493,182,4,1241,28,2639.04,Monthly,UPI,15,60.29,3,186011,Dewasa Muda (25-45)
cust_1996,65,Rural,Low,531,7289.72,16573.72,2501.8,3870838,317,149,3930,26,653.95,Monthly,UPI,0,52.52,7,404216,Dewasa (45-65)
cust_1997,29,Rural,Middle,913,14052.86,45654.43,6156.1,12830259,101,61,875,3,3546.11,Daily,UPI,18,15.58,6,1289302,Dewasa Muda (25-45)
cust_1998,62,Rural,High,651,13654.61,35633.94,6379.9,8889152,248,282,3720,41,771.84,Weekly,Wallet Balance,18,51.6,4,904069,Dewasa (45-65)
cust_1999,44,Urban,Low,367,1863.95,3796.1,204.8,684069,349,117,1541,30,301.22,Monthly,Debit Card,20,9.95,9,83338,Dewasa Muda (25-45)
cust_2000,27,Rural,Low,489,18186.12,85547.59,2574.81,8893013,358,172,3705,16,1278.42,Daily,Credit Card,3,14.62,4,901672,Dewasa Muda (25-45)
cust_2001,51,Urban,Low,689,9744.62,46032.41,4604.03,6714039,113,334,3701,7,840.45,Monthly,Debit Card,4,28.96,9,688085,Dewasa (45-65)
cust_2002,50,Suburban,Middle,11,7864.97,20955.25,2575.02,86514,221,238,3538,36,3024.99,Daily,Credit Card,2,25.48,3,20814,Dewasa (45-65)
cust_2003,67,Suburban,Middle,998,19109.69,49207.02,9479.87,19071468,339,138,819,19,2422.83,Weekly,Debit Card,18,62.75,7,1916473,Senior (>65)
cust_2004,27,Urban,High,553,8769.8,19552.63,3657.47,4849701,148,218,3909,46,3620.32,Weekly,UPI,12,71.79,7,502577,Dewasa Muda (25-45)
cust_2005,22,Rural,High,446,14427.21,63811.89,6164.11,6434533,296,82,4016,9,2557.86,Weekly,Debit Card,12,15.42,1,652106,Remaja (<25)
cust_2006,44,Urban,Low,114,13106.18,42878.97,3334.85,1494104,197,219,208,50,2095.03,Monthly,UPI,18,47.68,1,154778,Dewasa Muda (25-45)
cust_2007,26,Suburban,High,692,3311.15,4496.84,672.22,2291316,69,337,1884,49,2631.09,Weekly,Debit Card,12,42.35,2,238484,Dewasa Muda (25-45)
cust_2008,48,Suburban,Middle,706,19822.94,87484.26,6726.0,13994998,288,202,4502,43,2172.43,Weekly,UPI,4,55.62,4,1415717,Dewasa (45-65)
cust_2009,21,Urban,High,196,9277.45,29126.97,4189.82,1818380,24,75,2128,33,185.43,Daily,Debit Card,16,50.68,2,191301,Remaja (<25)
cust_2010,62,Rural,Middle,860,7901.7,21037.24,3083.87,6795465,186,47,3988,38,3403.5,Weekly,UPI,17,20.56,10,699620,Dewasa (45-65)
cust_2011,30,Rural,High,737,18393.07,43250.57,5313.21,13555695,170,344,106,10,4810.65,Daily,Credit Card,11,60.7,10,1364376,Dewasa Muda (25-45)
cust_2012,47,Urban,Middle,843,10589.47,14800.98,4249.35,8926926,291,339,2695,46,2110.17,Weekly,Wallet Balance,16,35.0,5,906627,Dewasa (45-65)
cust_2013,66,Urban,Middle,323,14104.49,68079.67,5305.53,4555749,32,236,2485,11,2118.66,Monthly,UPI,17,67.24,2,462585,Senior (>65)
cust_2014,26,Rural,High,936,16926.46,67112.97,7874.54,15843165,301,151,3085,9,228.84,Monthly,Debit Card,0,40.78,8,1599272,Dewasa Muda (25-45)
cust_2015,38,Suburban,High,773,4717.53,7204.19,969.09,3646652,176,123,4786,12,4451.9,Weekly,Credit Card,1,21.65,6,379211,Dewasa Muda (25-45)
cust_2016,41,Urban,Middle,512,3397.64,10346.06,501.91,1739590,364,246,4029,33,4645.61,Daily,UPI,12,64.63,3,185994,Dewasa Muda (25-45)
cust_2017,49,Rural,Low,628,1379.45,4445.01,397.31,866295,342,254,1425,29,4065.7,Monthly,Debit Card,9,59.66,2,92346,Dewasa (45-65)
cust_2018,61,Rural,High,981,17943.69,29993.87,4386.02,17602764,177,54,4605,14,531.73,Monthly,Wallet Balance,2,68.23,9,1779620,Dewasa (45-65)
cust_2019,49,Suburban,Middle,662,4015.34,10877.09,1967.29,2658153,290,187,1117,7,4501.12,Monthly,Wallet Balance,14,64.44,1,267498,Dewasa (45-65)
cust_2020,44,Suburban,High,630,6162.0,22078.36,634.7,3882062,144,281,2129,37,119.78,Daily,Debit Card,0,18.41,6,402104,Dewasa Muda (25-45)
cust_2021,19,Suburban,High,165,5723.28,12225.17,2709.13,944341,11,67,4056,35,2222.87,Weekly,UPI,11,58.89,7,111934,Remaja (<25)
cust_2022,32,Suburban,High,252,6098.71,14188.27,2939.77,1536875,147,141,240,39,2503.12,Monthly,Credit Card,3,43.19,9,165816,Dewasa Muda (25-45)
cust_2023,50,Suburban,High,779,13364.54,19887.96,1608.87,10410978,348,21,164,21,4170.01,Monthly,Debit Card,1,29.64,7,1048440,Dewasa (45-65)
cust_2024,28,Urban,High,44,19082.73,50625.77,8698.44,839640,310,22,1496,4,3754.3,Monthly,Wallet Balance,19,1.54,4,89478,Dewasa Muda (25-45)
cust_2025,56,Rural,Low,470,6595.77,21999.74,1901.64,3100013,195,175,3101,31,3985.48,Monthly,Debit Card,18,50.53,2,319310,Dewasa (45-65)
cust_2026,54,Urban,Low,489,8158.87,11961.73,3316.26,3989685,76,191,2506,19,4339.5,Monthly,Debit Card,18,61.63,6,409710,Dewasa (45-65)
cust_2027,30,Urban,Low,181,15425.23,53357.98,2031.54,2791966,160,285,303,22,2380.35,Monthly,Credit Card,19,43.9,10,290812,Dewasa Muda (25-45)
cust_2028,44,Urban,Middle,77,8652.44,22419.96,4171.19,666237,100,305,4774,39,3901.26,Weekly,Credit Card,19,23.06,7,85121,Dewasa Muda (25-45)
cust_2029,44,Urban,Low,374,18521.59,68765.66,6353.27,6927076,116,363,4890,45,340.17,Monthly,Debit Card,12,5.09,6,712817,Dewasa Muda (25-45)
cust_2030,26,Urban,Low,628,10069.33,22750.12,4626.63,6323538,83,281,911,48,2222.73,Monthly,Debit Card,7,47.79,4,641864,Dewasa Muda (25-45)
cust_2031,67,Suburban,Middle,957,6961.22,22791.01,2569.98,6661887,312,332,2972,1,150.66,Monthly,Credit Card,10,29.66,7,679157,Senior (>65)
cust_2032,47,Suburban,Low,67,19431.73,67063.02,6115.64,1301926,63,305,4019,18,4576.58,Weekly,Credit Card,7,36.28,10,147742,Dewasa (45-65)
cust_2033,17,Rural,High,525,8521.38,32057.68,1440.1,4473724,132,261,2761,25,4792.07,Daily,UPI,11,41.06,6,458998,Remaja (<25)
cust_2034,62,Urban,Low,92,4631.19,18653.29,792.77,426069,248,157,605,35,419.7,Daily,UPI,16,55.57,6,53107,Dewasa (45-65)
cust_2035,29,Rural,Low,758,3562.24,5505.11,1029.59,2700177,131,261,1038,13,2663.13,Monthly,UPI,7,39.11,2,274062,Dewasa Muda (25-45)
cust_2036,35,Suburban,Low,779,19903.67,96751.18,8920.37,15504962,158,39,406,6,1625.7,Weekly,UPI,20,38.35,2,1553095,Dewasa Muda (25-45)
cust_2037,37,Suburban,High,651,15062.22,65890.93,2200.4,9805507,216,337,1071,15,1712.67,Weekly,Debit Card,2,35.17,6,989336,Dewasa Muda (25-45)
cust_2038,26,Suburban,High,853,8179.11,26576.18,4084.27,6976780,326,30,4209,9,2253.5,Daily,Debit Card,6,31.36,1,706869,Dewasa Muda (25-45)
cust_2039,42,Urban,High,244,16529.0,75395.98,7444.08,4033076,34,258,4621,42,625.33,Daily,UPI,12,45.23,8,424437,Dewasa Muda (25-45)
cust_2040,18,Urban,High,341,10940.65,27676.92,2812.01,3730763,332,271,4917,21,903.85,Weekly,Debit Card,17,2.73,9,393558,Remaja (<25)
cust_2041,32,Suburban,Middle,903,6354.62,7226.13,1278.85,5738219,298,51,4443,25,2886.84,Monthly,Credit Card,9,52.35,8,591764,Dewasa Muda (25-45)
cust_2042,59,Rural,High,785,14870.28,58114.93,6971.17,11673171,279,279,1452,4,93.78,Weekly,Credit Card,5,23.34,10,1180574,Dewasa (45-65)
cust_2043,43,Rural,High,304,14920.44,71220.86,2227.39,4535812,296,234,2453,11,2999.01,Daily,UPI,3,27.46,6,464087,Dewasa Muda (25-45)
cust_2044,44,Suburban,High,398,10008.38,16488.0,2391.16,3983336,15,26,2987,23,1594.59,Weekly,Debit Card,12,44.61,10,415810,Dewasa Muda (25-45)
cust_2045,36,Rural,High,703,912.72,3263.41,121.91,641638,115,11,2789,23,4161.03,Monthly,Credit Card,14,18.56,1,70961,Dewasa Muda (25-45)
cust_2046,62,Suburban,Middle,448,1549.68,6591.88,745.99,694256,57,24,3669,14,3000.03,Monthly,Debit Card,16,47.77,8,84663,Dewasa (45-65)
cust_2047,31,Rural,Low,97,15777.1,72894.44,5475.43,1530378,142,216,200,23,3540.46,Daily,Credit Card,12,10.07,2,155967,Dewasa Muda (25-45)
cust_2048,52,Suburban,Low,331,16471.29,34690.37,3862.05,5451997,207,327,782,23,572.13,Weekly,Debit Card,14,47.11,4,552777,Dewasa (45-65)
cust_2049,35,Rural,High,205,13569.01,20556.17,2852.11,2781647,140,138,2760,41,1329.31,Weekly,Credit Card,5,51.92,1,288120,Dewasa Muda (25-45)
cust_2050,21,Urban,High,449,16782.98,33421.64,4659.59,7535558,107,225,4921,25,4983.35,Monthly,Credit Card,18,50.67,1,764406,Remaja (<25)
cust_2051,34,Suburban,High,418,14392.55,47652.12,1965.32,6016087,291,353,3713,33,2168.26,Weekly,Credit Card,11,55.97,5,616250,Dewasa Muda (25-45)
cust_2052,20,Suburban,Low,649,17939.72,83866.65,8175.84,11642880,78,110,938,17,1794.33,Monthly,UPI,19,37.7,6,1172966,Remaja (<25)
cust_2053,18,Rural,Low,77,3016.46,10045.25,918.14,232267,2,328,3116,42,4369.28,Monthly,Debit Card,19,62.4,9,40474,Remaja (<25)
cust_2054,16,Suburban,High,896,7760.95,36309.5,3027.08,6953814,274,206,3617,36,165.37,Weekly,UPI,6,17.58,3,709132,Remaja (<25)
cust_2055,53,Suburban,Low,549,9287.57,37894.68,1797.13,5098878,35,71,2420,5,2673.87,Daily,Debit Card,8,28.22,2,515890,Dewasa (45-65)
cust_2056,30,Suburban,Middle,798,5960.3,20226.62,1797.03,4756318,265,210,763,44,1051.29,Weekly,Credit Card,10,68.91,2,483032,Dewasa Muda (25-45)
cust_2057,49,Urban,High,425,14510.08,15775.27,2676.16,6166782,218,185,2894,24,1840.76,Weekly,Wallet Balance,15,57.01,8,631945,Dewasa (45-65)
cust_2058,50,Urban,High,429,18249.65,42563.72,7782.34,7829100,67,90,1254,16,998.89,Daily,UPI,6,53.73,9,795518,Dewasa (45-65)
cust_2059,64,Rural,Middle,485,8255.52,10152.95,3385.67,4003926,69,247,4619,15,189.11,Weekly,Credit Card,13,51.5,8,419036,Dewasa (45-65)
cust_2060,40,Urban,Middle,815,18831.42,43104.55,2999.49,15347610,224,233,1798,28,2082.56,Monthly,UPI,0,8.84,3,1543115,Dewasa Muda (25-45)
cust_2061,39,Rural,Low,135,10340.21,12918.38,1342.19,1395928,361,33,4966,0,3946.02,Weekly,Wallet Balance,19,68.5,10,157551,Dewasa Muda (25-45)
cust_2062,27,Urban,Middle,654,10455.09,17473.21,4492.33,6837627,294,147,1269,44,4759.77,Monthly,Debit Card,16,21.77,10,698320,Dewasa Muda (25-45)
cust_2063,33,Rural,High,254,12008.39,31735.09,1727.52,3050130,326,170,4193,41,3119.26,Daily,Debit Card,5,11.25,8,323939,Dewasa Muda (25-45)
cust_2064,30,Urban,Low,560,5373.94,16441.77,1716.4,3009405,203,214,2840,44,1944.19,Weekly,Wallet Balance,1,2.32,10,320048,Dewasa Muda (25-45)
cust_2065,59,Urban,Middle,255,7673.38,14338.22,2407.87,1956711,81,314,712,19,3849.28,Weekly,Wallet Balance,8,28.46,6,203070,Dewasa (45-65)
cust_2066,31,Rural,Low,646,11069.22,43505.45,2005.49,7150713,66,228,673,25,2526.12,Daily,Debit Card,15,48.76,6,723654,Dewasa Muda (25-45)
cust_2067,42,Suburban,Low,802,18840.24,63330.68,6340.54,15109870,297,146,4604,20,1838.1,Daily,Wallet Balance,19,28.82,9,1530276,Dewasa Muda (25-45)
cust_2068,23,Suburban,Low,720,12857.42,48434.46,3871.4,9257345,280,146,941,49,895.45,Monthly,Credit Card,10,58.42,8,940068,Remaja (<25)
cust_2069,61,Urban,Low,499,6669.0,26216.26,2025.21,3327830,261,22,942,49,3980.65,Daily,UPI,19,13.89,1,338576,Dewasa (45-65)
cust_2070,40,Rural,Middle,613,219.27,856.82,53.47,134410,277,89,4471,26,2502.13,Monthly,UPI,5,13.05,7,30731,Dewasa Muda (25-45)
cust_2071,32,Suburban,High,484,19633.5,93159.68,8547.86,9502612,6,180,3743,35,4819.02,Daily,UPI,20,19.91,6,964837,Dewasa Muda (25-45)
cust_2072,44,Rural,High,46,9864.76,19225.25,1319.39,453779,132,300,1916,34,4009.55,Monthly,UPI,12,4.85,5,55605,Dewasa Muda (25-45)
cust_2073,68,Suburban,Middle,443,18770.52,39054.36,5170.32,8315339,265,265,3836,15,2100.08,Daily,UPI,11,60.57,3,842655,Senior (>65)
cust_2074,23,Rural,High,582,10991.41,15133.02,2241.44,6397001,325,50,2428,28,3704.25,Monthly,UPI,14,10.58,1,646504,Remaja (<25)
cust_2075,30,Urban,Low,648,12113.24,40825.81,5322.24,7849381,68,230,3374,6,2266.96,Monthly,Debit Card,5,27.98,8,799152,Dewasa Muda (25-45)
cust_2076,42,Rural,Low,792,14241.13,36752.67,2706.27,11278971,126,61,1189,6,399.33,Weekly,Debit Card,19,33.87,3,1133675,Dewasa Muda (25-45)
cust_2077,61,Suburban,Low,579,6426.3,19181.21,2614.28,3720830,315,19,4856,33,2583.41,Monthly,UPI,19,17.68,7,390803,Dewasa (45-65)
cust_2078,65,Urban,Middle,4,13982.69,23480.93,4818.52,55930,171,308,2953,47,4328.64,Weekly,UPI,15,63.8,6,20034,Dewasa (45-65)
cust_2079,67,Rural,Low,736,10540.57,37906.43,4742.37,7757859,336,311,2313,4,4277.21,Weekly,Wallet Balance,20,53.24,2,780673,Senior (>65)
cust_2080,22,Suburban,Low,1,13452.87,46763.23,4540.58,13452,29,25,3624,7,2874.83,Daily,Wallet Balance,19,3.0,2,9855,Remaja (<25)
cust_2081,18,Urban,Middle,290,16718.31,34425.3,5393.22,4848308,176,207,1252,7,1900.12,Weekly,Wallet Balance,8,32.14,3,490084,Remaja (<25)
cust_2082,44,Rural,Low,109,3692.74,10567.39,1552.62,402508,307,325,1909,42,50.5,Monthly,UPI,9,10.78,3,51243,Dewasa Muda (25-45)
cust_2083,59,Suburban,Low,777,12274.88,56184.64,3989.27,9537583,292,75,2246,28,1557.05,Daily,Wallet Balance,5,46.37,2,962271,Dewasa (45-65)
cust_2084,68,Rural,High,575,1051.71,4305.68,460.45,604730,332,141,2674,9,4949.04,Monthly,UPI,12,36.02,8,72246,Senior (>65)
cust_2085,39,Rural,Middle,460,2051.28,3913.38,245.59,943589,105,328,3324,0,3632.46,Weekly,Debit Card,4,58.4,1,100190,Dewasa Muda (25-45)
cust_2086,18,Urban,Low,266,13495.14,60936.21,4022.36,3589706,45,281,2602,37,3587.94,Weekly,Credit Card,14,49.57,3,369080,Remaja (<25)
cust_2087,35,Urban,Low,138,1428.04,1812.55,607.03,197070,101,91,154,27,3805.42,Weekly,Debit Card,11,59.12,1,21812,Dewasa Muda (25-45)
cust_2088,61,Suburban,Low,434,11911.2,31632.75,5233.14,5169461,226,75,2847,6,3100.57,Weekly,UPI,8,63.22,4,525689,Dewasa (45-65)
cust_2089,30,Urban,Low,44,4408.05,5820.71,1911.43,193954,104,64,2674,16,2929.29,Monthly,UPI,4,13.83,1,25878,Dewasa Muda (25-45)
cust_2090,40,Suburban,High,886,6088.66,28597.54,2080.81,5394548,262,82,3865,47,2268.1,Monthly,Debit Card,11,42.43,1,551750,Dewasa Muda (25-45)
cust_2091,45,Rural,High,510,2601.43,3024.97,1294.44,1326731,253,250,4053,45,2219.67,Daily,Debit Card,14,12.3,4,148169,Dewasa Muda (25-45)
cust_2092,29,Rural,High,944,4980.86,7994.09,859.47,4701934,165,138,3641,23,4354.24,Daily,Wallet Balance,11,18.28,6,483598,Dewasa Muda (25-45)
cust_2093,22,Suburban,High,983,16427.62,76555.35,2789.13,16148353,292,97,2379,34,1967.28,Monthly,Wallet Balance,11,17.15,6,1628009,Remaja (<25)
cust_2094,32,Rural,Middle,262,12781.18,42543.82,1445.92,3348668,212,100,4503,8,4201.46,Monthly,Credit Card,18,26.07,4,346572,Dewasa Muda (25-45)
cust_2095,59,Urban,Low,728,18995.7,79416.3,9416.83,13828868,144,273,1527,41,4188.67,Weekly,Wallet Balance,14,56.94,7,1394946,Dewasa (45-65)
cust_2096,35,Rural,High,633,984.41,1049.01,235.48,623131,236,241,625,2,3854.49,Weekly,Wallet Balance,9,23.53,8,69835,Dewasa Muda (25-45)
cust_2097,51,Urban,Low,152,15850.32,42421.47,6416.55,2409248,22,5,685,43,188.21,Daily,Wallet Balance,2,53.9,2,248500,Dewasa (45-65)
cust_2098,24,Suburban,Middle,213,13984.55,69053.8,1732.46,2978709,69,215,1465,3,739.86,Daily,Credit Card,11,1.06,9,309731,Remaja (<25)
cust_2099,53,Suburban,Low,234,5225.24,17344.01,1146.81,1222705,69,67,2463,31,1573.53,Daily,Wallet Balance,11,42.08,5,134509,Dewasa (45-65)
cust_2100,63,Rural,Low,863,14586.04,64160.08,5098.39,12587754,246,357,3471,43,4237.67,Monthly,Wallet Balance,17,20.97,6,1273898,Dewasa (45-65)
cust_2101,37,Rural,High,623,14333.81,69579.7,4442.22,8929960,63,155,4236,12,4366.3,Daily,Debit Card,7,53.67,1,901484,Dewasa Muda (25-45)
cust_2102,69,Urban,High,954,9192.31,34380.73,1683.11,8769464,237,29,869,23,207.79,Monthly,Debit Card,10,71.37,4,884880,Senior (>65)
cust_2103,68,Urban,Middle,361,13775.91,31829.53,3921.13,4973102,331,305,3077,6,1623.62,Monthly,Wallet Balance,6,38.79,7,510252,Senior (>65)
cust_2104,68,Rural,Low,320,8897.17,19880.09,1276.86,2847095,363,9,3813,18,4251.92,Daily,Debit Card,18,38.84,6,298009,Senior (>65)
cust_2105,17,Rural,High,222,6717.56,8632.8,2130.01,1491297,19,200,1931,26,1248.47,Monthly,UPI,14,70.18,2,156967,Remaja (<25)
cust_2106,39,Suburban,High,952,9335.15,25308.43,1295.5,8887066,231,334,904,49,4880.02,Monthly,Debit Card,19,26.51,7,899974,Dewasa Muda (25-45)
cust_2107,23,Suburban,High,738,17903.64,83458.84,6344.59,13212885,229,230,1850,26,2446.52,Daily,Credit Card,13,29.14,9,1335365,Remaja (<25)
cust_2108,26,Suburban,Middle,210,7697.83,22418.0,1248.15,1616544,358,316,2022,17,4686.56,Daily,Wallet Balance,9,50.46,9,174055,Dewasa Muda (25-45)
cust_2109,28,Rural,Low,396,8079.73,37522.09,2576.09,3199571,127,308,1242,29,2144.13,Daily,UPI,15,36.02,3,327269,Dewasa Muda (25-45)
cust_2110,32,Rural,High,931,12171.98,51956.92,1845.86,11332113,146,331,2626,27,1618.99,Daily,Debit Card,17,55.59,6,1146353,Dewasa Muda (25-45)
cust_2111,23,Rural,Low,583,15062.46,74359.57,3920.52,8781413,329,267,2711,28,1812.05,Weekly,UPI,14,30.21,1,886457,Remaja (<25)
cust_2112,36,Suburban,Middle,489,14695.07,70400.87,3537.58,7185889,114,360,1294,8,4421.5,Weekly,UPI,16,49.91,4,723766,Dewasa Muda (25-45)
cust_2113,33,Rural,Low,872,405.78,1552.47,163.35,353837,243,163,2785,38,1653.45,Weekly,Wallet Balance,16,55.68,5,48926,Dewasa Muda (25-45)
cust_2114,45,Urban,High,601,13751.43,61673.38,4901.9,8264610,145,75,4158,38,3346.73,Daily,UPI,11,46.64,9,845903,Dewasa Muda (25-45)
cust_2115,33,Rural,Low,774,9016.58,35996.97,4281.39,6978829,41,292,863,20,2349.21,Weekly,Credit Card,0,15.36,3,703434,Dewasa Muda (25-45)
cust_2116,61,Rural,Low,961,10486.56,39991.31,4915.72,10077582,161,183,1556,44,4708.36,Daily,UPI,13,37.65,9,1021916,Dewasa (45-65)
cust_2117,62,Rural,Middle,878,11237.65,43402.48,4382.67,9866656,338,109,2560,37,796.82,Weekly,Wallet Balance,16,69.62,5,1000087,Dewasa (45-65)
cust_2118,46,Rural,Middle,464,14637.08,56852.96,5975.36,6791602,77,339,2302,6,2143.28,Monthly,Credit Card,20,8.4,3,686292,Dewasa (45-65)
cust_2119,53,Rural,Low,700,16628.35,41864.79,5819.34,11639842,168,200,736,44,623.17,Daily,Credit Card,4,51.07,2,1171544,Dewasa (45-65)
cust_2120,47,Urban,Low,624,12928.76,34833.3,4869.81,8067543,284,181,778,24,2890.7,Weekly,Credit Card,3,56.96,9,818265,Dewasa (45-65)
cust_2121,26,Urban,Low,452,11282.51,24553.94,3913.78,5099692,110,28,3522,25,2014.5,Weekly,Credit Card,1,48.93,6,524505,Dewasa Muda (25-45)
cust_2122,60,Rural,Middle,413,7481.65,11918.58,1681.17,3089920,195,53,4715,5,304.69,Daily,UPI,19,9.0,6,324769,Dewasa (45-65)
cust_2123,40,Suburban,Middle,934,2766.19,7838.74,664.65,2583617,228,248,4183,48,4249.19,Monthly,Debit Card,4,6.31,2,271403,Dewasa Muda (25-45)
cust_2124,48,Rural,Low,751,19171.97,88187.16,6324.71,14398147,167,310,1414,19,1877.57,Weekly,Debit Card,2,36.98,8,1451603,Dewasa (45-65)
cust_2125,53,Rural,Middle,476,9242.23,33318.77,3586.64,4399300,21,321,4784,17,2468.15,Daily,Debit Card,17,23.79,5,454963,Dewasa (45-65)
cust_2126,56,Rural,High,256,11328.58,13874.36,2973.16,2900117,165,309,4736,19,2037.57,Weekly,Debit Card,12,28.73,10,310364,Dewasa (45-65)
cust_2127,23,Suburban,Middle,150,15023.95,63773.67,2359.77,2253592,130,40,4368,39,2443.26,Monthly,Debit Card,12,20.37,6,242773,Remaja (<25)
cust_2128,26,Suburban,Middle,127,1377.53,6531.68,390.9,174945,262,222,4732,17,81.63,Daily,Wallet Balance,11,59.2,9,37617,Dewasa Muda (25-45)
cust_2129,37,Suburban,Middle,392,17101.67,73839.71,8299.02,6703854,52,297,521,46,4077.3,Weekly,Debit Card,3,61.35,8,681988,Dewasa Muda (25-45)
cust_2130,66,Urban,High,831,15942.54,62337.99,2959.49,13248254,261,166,2847,0,1661.54,Weekly,Wallet Balance,6,2.16,9,1338688,Senior (>65)
cust_2131,39,Suburban,High,480,15490.83,24792.78,5570.93,7435597,175,331,4111,32,3622.31,Daily,Debit Card,5,58.75,7,760170,Dewasa Muda (25-45)
cust_2132,56,Urban,High,993,449.43,1076.84,221.58,446288,299,29,2415,38,324.43,Monthly,Debit Card,7,48.81,1,54096,Dewasa (45-65)
cust_2133,32,Urban,Low,397,10535.11,34356.55,2638.99,4182439,96,189,4889,47,2619.13,Weekly,Credit Card,4,33.26,1,432412,Dewasa Muda (25-45)
cust_2134,27,Suburban,Low,923,1094.82,1431.42,498.31,1010523,357,202,4455,22,4543.96,Monthly,UPI,5,6.88,4,113890,Dewasa Muda (25-45)
cust_2135,61,Suburban,High,402,11021.94,15707.16,4911.42,4430821,40,296,230,13,1991.24,Daily,Credit Card,4,48.48,2,445846,Dewasa (45-65)
cust_2136,47,Suburban,Low,274,14371.78,68079.36,3386.25,3937868,209,130,4707,27,986.3,Weekly,Debit Card,18,19.7,9,414407,Dewasa (45-65)
cust_2137,30,Urban,Low,845,2445.79,9320.32,340.96,2066689,142,48,3464,20,495.41,Weekly,Wallet Balance,8,40.03,4,219349,Dewasa Muda (25-45)
cust_2138,31,Rural,Low,982,13900.71,29196.34,2382.8,13650500,258,257,2564,43,4295.44,Monthly,Debit Card,17,16.75,5,1377330,Dewasa Muda (25-45)
cust_2139,69,Suburban,High,958,8996.16,20776.11,2215.75,8618322,167,315,518,36,1194.03,Monthly,Debit Card,7,63.33,2,867871,Senior (>65)
cust_2140,37,Suburban,Middle,910,16232.94,41194.62,7851.12,14771978,191,88,483,6,4875.36,Monthly,UPI,0,25.79,9,1485326,Dewasa Muda (25-45)
cust_2141,43,Suburban,High,139,10676.44,13882.42,2239.7,1484025,319,258,2112,11,1239.11,Daily,Credit Card,13,49.76,8,161106,Dewasa Muda (25-45)
cust_2142,35,Urban,High,103,6729.07,26624.96,3167.68,693094,119,59,2266,50,2404.95,Monthly,UPI,8,36.04,7,84638,Dewasa Muda (25-45)
cust_2143,48,Urban,Low,242,6646.51,11347.83,1146.83,1608455,146,49,3851,36,2289.97,Weekly,Credit Card,6,65.92,7,178002,Dewasa (45-65)
cust_2144,25,Rural,Low,117,17950.76,75760.81,8758.62,2100238,350,216,4271,38,310.05,Daily,Credit Card,9,17.18,8,230210,Remaja (<25)
cust_2145,55,Suburban,Middle,214,9062.9,39727.14,1970.65,1939461,335,76,3864,27,2659.2,Daily,Debit Card,16,68.83,10,213044,Dewasa (45-65)
cust_2146,47,Urban,Middle,484,8121.02,28859.97,2868.64,3930573,129,34,1033,6,3363.2,Daily,Credit Card,10,54.42,10,404041,Dewasa (45-65)
cust_2147,65,Rural,Middle,529,807.07,3292.39,103.21,426941,145,248,765,44,3710.68,Weekly,Credit Card,16,50.77,7,53768,Dewasa (45-65)
cust_2148,48,Suburban,Middle,691,7292.85,12305.52,1603.45,5039358,54,318,3360,16,2612.96,Monthly,UPI,13,60.68,10,520949,Dewasa (45-65)
cust_2149,17,Urban,High,224,16994.04,56144.18,3131.73,3806666,122,290,987,36,4062.93,Daily,Credit Card,13,47.27,7,391209,Remaja (<25)
cust_2150,48,Suburban,Middle,270,15222.14,56431.49,1543.02,4109978,124,23,15,13,3760.49,Daily,UPI,7,8.82,6,416447,Dewasa (45-65)
cust_2151,48,Suburban,High,825,4426.05,16138.47,720.15,3651495,167,19,1570,42,969.87,Weekly,Credit Card,17,50.59,9,381004,Dewasa (45-65)
cust_2152,56,Urban,Low,861,8267.0,12145.54,2787.98,7117888,322,316,4427,50,2008.01,Weekly,UPI,18,32.08,4,728638,Dewasa (45-65)
cust_2153,28,Urban,Middle,134,3939.63,9366.58,1008.42,527910,143,96,78,3,712.91,Monthly,Debit Card,17,40.3,5,57890,Dewasa Muda (25-45)
cust_2154,45,Urban,Low,114,19084.79,43897.89,7424.53,2175666,22,251,3088,21,667.12,Monthly,Credit Card,16,29.99,6,231509,Dewasa Muda (25-45)
cust_2155,48,Suburban,Low,441,11966.38,39370.66,4408.77,5277171,276,241,1818,48,3560.64,Monthly,UPI,17,13.15,7,541372,Dewasa (45-65)
cust_2156,28,Suburban,High,644,15089.55,61277.9,6333.38,9717671,349,346,1044,16,2652.3,Weekly,UPI,13,35.42,5,979129,Dewasa Muda (25-45)
cust_2157,67,Rural,Middle,651,14279.03,46868.95,6380.02,9295651,299,305,1611,34,3004.75,Daily,Debit Card,7,5.46,5,939684,Senior (>65)
cust_2158,41,Suburban,High,365,17475.05,70237.64,7478.1,6378393,277,45,431,45,3660.92,Daily,Debit Card,17,4.81,10,651370,Dewasa Muda (25-45)
cust_2159,37,Urban,Low,232,18987.06,26503.48,5301.65,4404998,304,76,2603,31,1386.17,Weekly,UPI,8,38.86,10,458112,Dewasa Muda (25-45)
cust_2160,54,Suburban,Middle,458,658.6,2971.96,147.19,301638,322,107,2075,37,2006.81,Monthly,UPI,0,13.8,6,43010,Dewasa (45-65)
cust_2161,17,Rural,Low,375,19506.27,61375.86,5869.85,7314851,115,60,612,30,3034.02,Daily,UPI,5,45.28,10,744192,Remaja (<25)
cust_2162,53,Rural,Low,604,17412.14,20023.87,5468.31,10516934,272,132,4350,24,483.14,Daily,Credit Card,5,14.56,9,1071551,Dewasa (45-65)
cust_2163,54,Urban,Middle,779,7665.12,27386.33,1726.72,5971127,168,157,271,9,4165.27,Weekly,Credit Card,5,58.17,6,602472,Dewasa (45-65)
cust_2164,41,Urban,Middle,611,16743.01,51390.82,5290.84,10229981,277,55,3707,48,1717.25,Monthly,UPI,6,11.38,8,1042353,Dewasa Muda (25-45)
cust_2165,61,Rural,Middle,207,14733.79,27721.31,2096.79,3049895,357,186,4657,1,3293.76,Daily,Debit Card,16,32.52,4,316756,Dewasa (45-65)
cust_2166,65,Rural,High,520,15864.36,64372.83,3052.57,8249465,264,175,4431,26,4977.82,Monthly,Debit Card,8,34.07,7,840919,Dewasa (45-65)
cust_2167,30,Rural,High,468,4421.61,20933.13,1761.66,2069315,250,31,757,11,2376.81,Weekly,Wallet Balance,10,45.03,5,213357,Dewasa Muda (25-45)
cust_2168,49,Urban,Low,882,12974.79,29721.79,2246.36,11443763,255,155,4303,15,1075.24,Weekly,Wallet Balance,20,29.56,4,1157944,Dewasa (45-65)
cust_2169,57,Rural,Middle,443,528.26,1571.92,82.21,234018,342,245,4130,15,1082.17,Monthly,Debit Card,17,47.63,2,34620,Dewasa (45-65)
cust_2170,59,Rural,Low,917,16966.1,25664.62,3646.65,15557914,58,30,113,2,301.88,Daily,Credit Card,12,55.42,9,1565066,Dewasa (45-65)
cust_2171,64,Urban,Low,321,19021.35,89765.53,4725.28,6105853,5,49,1962,24,3835.41,Daily,Debit Card,13,9.72,5,619991,Dewasa (45-65)
cust_2172,55,Suburban,Low,93,13245.85,30136.74,3065.35,1231863,111,170,3065,17,1467.16,Daily,Debit Card,4,6.21,6,136282,Dewasa (45-65)
cust_2173,26,Suburban,Low,408,10258.27,18250.88,2562.95,4185372,365,75,3948,38,863.63,Monthly,UPI,6,49.1,1,430801,Dewasa Muda (25-45)
cust_2174,18,Rural,Low,158,14517.36,42299.46,2264.2,2293743,286,206,833,41,3568.48,Monthly,Debit Card,2,61.59,4,237356,Remaja (<25)
cust_2175,21,Suburban,Middle,872,6533.96,7665.19,1085.67,5697614,351,324,928,39,1545.68,Daily,Wallet Balance,11,35.06,5,579744,Remaja (<25)
cust_2176,24,Suburban,High,99,12531.49,25205.18,2435.29,1240617,265,356,2082,31,3002.34,Weekly,Credit Card,6,45.91,4,133824,Remaja (<25)
cust_2177,21,Suburban,Middle,225,14382.27,18274.56,3750.85,3236010,249,359,2915,49,2089.13,Weekly,Wallet Balance,6,22.17,2,335286,Remaja (<25)
cust_2178,24,Suburban,Middle,852,2862.19,4320.43,670.78,2438584,95,161,1343,48,1670.76,Daily,Credit Card,10,63.09,1,251509,Remaja (<25)
cust_2179,54,Rural,Middle,441,2809.96,4070.59,1170.44,1239192,351,149,4313,2,2447.15,Monthly,Wallet Balance,9,55.78,9,140521,Dewasa (45-65)
cust_2180,46,Suburban,High,720,14325.6,64317.37,4443.9,10314433,297,88,2091,7,1568.97,Daily,UPI,1,42.69,4,1039540,Dewasa (45-65)
cust_2181,47,Suburban,High,585,8641.33,40802.12,2854.06,5055179,307,168,1197,4,4352.82,Weekly,UPI,11,22.77,8,514135,Dewasa (45-65)
cust_2182,56,Urban,High,991,17785.14,51542.91,5766.6,17625071,185,189,3850,19,365.2,Weekly,Credit Card,8,32.1,8,1779924,Dewasa (45-65)
cust_2183,65,Rural,Middle,401,6245.66,21995.14,1620.81,2504508,229,114,197,43,150.77,Weekly,UPI,5,20.84,4,259069,Dewasa (45-65)
cust_2184,27,Urban,High,571,858.19,3247.06,422.4,490026,317,13,856,24,2031.97,Daily,Credit Card,13,31.64,8,60098,Dewasa Muda (25-45)
cust_2185,23,Urban,Low,799,13001.02,33350.91,1494.23,10387816,262,166,4397,5,864.22,Daily,Debit Card,7,4.53,4,1051643,Remaja (<25)
cust_2186,23,Rural,High,64,13687.94,33957.62,2550.54,876028,119,157,1978,27,3718.63,Weekly,Credit Card,15,8.5,6,98399,Remaja (<25)
cust_2187,65,Suburban,Middle,768,11076.3,41007.51,2368.8,8506595,234,181,3170,22,1767.17,Weekly,Wallet Balance,20,16.42,5,863315,Dewasa (45-65)
cust_2188,43,Urban,Middle,560,13669.82,34268.3,6185.86,7655098,282,320,4500,23,1307.19,Weekly,Credit Card,15,65.18,1,777156,Dewasa Muda (25-45)
cust_2189,35,Rural,Low,279,10479.85,34835.42,4899.83,2923877,202,292,993,9,1796.91,Weekly,Debit Card,0,34.04,9,303375,Dewasa Muda (25-45)
cust_2190,62,Suburban,High,710,13855.73,42409.22,6074.93,9837568,262,104,845,9,1097.42,Monthly,Debit Card,9,35.12,6,991798,Dewasa (45-65)
cust_2191,22,Rural,High,670,888.31,2751.84,236.98,595166,53,111,1747,32,1498.26,Daily,Debit Card,18,38.54,10,75461,Remaja (<25)
cust_2192,26,Urban,Low,823,7374.26,31837.91,3435.3,6069018,317,261,4965,8,2839.93,Monthly,UPI,6,36.51,9,625211,Dewasa Muda (25-45)
cust_2193,35,Suburban,Middle,519,4224.23,16120.63,588.87,2192375,161,148,1567,17,4320.16,Weekly,UPI,5,7.12,4,225911,Dewasa Muda (25-45)
cust_2194,31,Suburban,Middle,248,1995.53,9663.81,720.33,494891,244,139,345,2,1854.35,Weekly,Wallet Balance,3,23.97,4,53451,Dewasa Muda (25-45)
cust_2195,19,Rural,High,368,4689.51,19526.69,2227.0,1725740,94,328,155,32,1603.36,Monthly,UPI,8,5.79,4,179282,Remaja (<25)
cust_2196,21,Suburban,High,744,3834.3,6070.35,1541.23,2852718,40,169,3810,9,3908.95,Monthly,Credit Card,3,5.94,2,293837,Remaja (<25)
cust_2197,37,Urban,High,618,19462.9,76954.99,4109.53,12028070,280,158,141,26,112.13,Monthly,Debit Card,10,6.48,3,1208632,Dewasa Muda (25-45)
cust_2198,41,Urban,High,971,5738.05,21016.14,2220.64,5571649,92,56,103,34,1510.38,Weekly,UPI,2,64.72,5,565015,Dewasa Muda (25-45)
cust_2199,18,Urban,High,98,4626.87,16583.52,1008.22,453433,301,73,1238,17,2260.85,Daily,UPI,11,16.55,4,52388,Remaja (<25)
cust_2200,56,Rural,Middle,268,16699.14,48811.23,2415.24,4475369,38,248,4049,6,3003.31,Daily,Wallet Balance,2,5.78,1,455733,Dewasa (45-65)
cust_2201,57,Suburban,Middle,60,8388.13,10483.96,3245.27,503287,243,180,4203,6,780.31,Monthly,UPI,6,1.2,8,66944,Dewasa (45-65)
cust_2202,29,Suburban,Middle,500,8435.09,40538.55,1448.23,4217547,364,91,3531,21,2164.27,Monthly,UPI,20,44.54,4,433834,Dewasa Muda (25-45)
cust_2203,26,Suburban,Middle,308,8877.37,39128.79,1282.12,2734231,136,194,3875,9,2831.5,Monthly,Debit Card,2,44.81,4,284657,Dewasa Muda (25-45)
cust_2204,33,Urban,Low,493,8336.52,24569.67,2673.56,4109906,64,195,1252,26,2551.25,Weekly,Wallet Balance,3,19.81,7,421819,Dewasa Muda (25-45)
cust_2205,69,Suburban,Middle,411,6538.04,10685.28,2276.87,2687135,343,285,4722,44,2872.76,Monthly,Debit Card,4,20.88,6,287121,Senior (>65)
cust_2206,27,Urban,Low,140,5733.93,24643.78,690.49,802749,363,248,207,3,3311.99,Weekly,UPI,17,25.01,2,81332,Dewasa Muda (25-45)
cust_2207,38,Suburban,Middle,909,17640.37,48029.21,1795.57,16035099,201,229,4822,11,1896.86,Daily,Credit Card,3,26.14,4,1617305,Dewasa Muda (25-45)
cust_2208,27,Urban,High,328,3242.53,8302.35,1468.31,1063549,307,283,3690,2,318.18,Weekly,Debit Card,4,56.17,2,115775,Dewasa Muda (25-45)
cust_2209,28,Suburban,High,464,3629.44,13289.29,530.26,1684058,262,324,1762,47,277.78,Monthly,Credit Card,18,67.71,3,179490,Dewasa Muda (25-45)
cust_2210,40,Rural,High,702,11438.66,46151.6,3815.47,8029942,175,163,717,42,4293.57,Weekly,Credit Card,3,42.76,10,816481,Dewasa Muda (25-45)
cust_2211,60,Rural,Low,637,6879.74,8609.05,3312.03,4382391,177,91,3908,2,3387.1,Weekly,Debit Card,11,28.83,6,450561,Dewasa (45-65)
cust_2212,66,Urban,Middle,925,8436.37,34337.94,2571.1,7803644,85,211,1428,24,3820.92,Weekly,Wallet Balance,13,21.93,9,792709,Senior (>65)
cust_2213,34,Urban,Middle,163,16132.87,63495.12,2515.42,2629657,160,266,4276,25,4644.02,Weekly,Credit Card,11,59.89,1,272695,Dewasa Muda (25-45)
cust_2214,61,Suburban,Low,60,18073.58,60670.1,4652.03,1084415,182,127,640,39,3752.72,Weekly,Debit Card,12,7.4,4,115745,Dewasa (45-65)
cust_2215,51,Suburban,Low,925,15813.17,37219.07,5528.55,14627180,36,282,1822,6,3461.51,Weekly,UPI,4,31.76,8,1473231,Dewasa (45-65)
cust_2216,60,Rural,Low,31,4706.22,7808.59,1906.66,145892,345,71,3048,45,3278.79,Daily,Debit Card,0,48.24,4,27545,Dewasa (45-65)
cust_2217,23,Suburban,Low,333,19599.63,27647.47,6718.27,6526675,99,91,3227,33,1292.87,Daily,UPI,18,18.79,6,667775,Remaja (<25)
cust_2218,44,Urban,Low,76,7269.9,7304.32,826.78,552512,226,94,1919,9,4786.47,Daily,Wallet Balance,13,10.55,1,58595,Dewasa Muda (25-45)
cust_2219,68,Urban,High,755,3389.65,6188.96,532.99,2559186,37,76,1410,2,2710.22,Monthly,Credit Card,8,47.28,10,267583,Senior (>65)
cust_2220,47,Urban,Middle,317,9994.94,26440.09,2485.95,3168395,273,104,470,27,1110.37,Daily,Wallet Balance,8,43.57,4,323924,Dewasa (45-65)
cust_2221,66,Urban,Low,770,14508.46,28648.08,5546.37,11171516,272,197,4099,10,1049.13,Monthly,Wallet Balance,13,44.97,7,1132825,Senior (>65)
cust_2222,59,Urban,High,417,1674.58,3744.23,558.86,698301,186,184,2251,50,4076.33,Daily,Credit Card,19,70.45,6,83294,Dewasa (45-65)
cust_2223,33,Rural,Low,968,12689.4,32507.82,1495.8,12283334,49,77,1401,31,1251.04,Weekly,UPI,0,23.93,9,1242609,Dewasa Muda (25-45)
cust_2224,21,Rural,High,190,17162.98,38325.77,7187.07,3260965,94,297,4678,7,207.13,Weekly,Debit Card,14,70.99,3,339049,Remaja (<25)
cust_2225,33,Urban,Low,489,5243.01,20439.8,1793.37,2563832,307,322,4699,19,2142.06,Daily,UPI,20,4.33,5,271610,Dewasa Muda (25-45)
cust_2226,34,Suburban,Middle,889,13865.53,41137.75,6306.88,12326458,226,34,1497,4,4086.75,Daily,Credit Card,10,3.87,7,1240996,Dewasa Muda (25-45)
cust_2227,37,Urban,Low,315,8004.17,8622.96,2137.6,2521314,5,122,3462,40,2072.2,Monthly,UPI,17,61.96,1,263019,Dewasa Muda (25-45)
cust_2228,52,Rural,Low,296,8288.56,15803.58,2454.08,2453414,353,306,1720,12,4017.74,Monthly,UPI,19,23.86,9,256972,Dewasa (45-65)
cust_2229,47,Urban,Middle,501,5623.47,21586.45,1474.59,2817359,174,346,578,10,4136.05,Monthly,UPI,8,26.37,9,290823,Dewasa (45-65)
cust_2230,56,Rural,Middle,177,12491.63,27528.09,4859.02,2211018,183,203,2483,33,4288.54,Weekly,Credit Card,4,4.63,3,230223,Dewasa (45-65)
cust_2231,18,Rural,Low,800,7226.38,33823.53,2896.71,5781100,73,298,2110,43,2944.5,Daily,Wallet Balance,14,1.17,8,593157,Remaja (<25)
cust_2232,43,Urban,Middle,806,16619.75,63996.95,6470.02,13395519,145,129,2600,2,3497.35,Monthly,Debit Card,14,45.94,2,1345203,Dewasa Muda (25-45)
cust_2233,25,Urban,Middle,860,19258.48,41592.69,4172.15,16562292,152,290,742,14,1309.3,Daily,Wallet Balance,1,38.11,4,1662458,Remaja (<25)
cust_2234,66,Suburban,High,719,18702.4,57334.82,6628.37,13447027,56,213,4270,32,498.49,Daily,Debit Card,0,52.67,7,1363193,Senior (>65)
cust_2235,50,Rural,Middle,215,3270.94,12000.92,770.02,703251,183,138,3904,42,2663.9,Daily,Credit Card,1,17.15,9,90001,Dewasa (45-65)
cust_2236,44,Suburban,Middle,856,293.66,520.8,127.36,251376,122,261,2030,9,52.91,Weekly,Credit Card,0,61.17,4,34071,Dewasa Muda (25-45)
cust_2237,69,Urban,Low,653,8774.98,17416.14,1070.96,5730063,244,346,3107,2,2328.69,Weekly,UPI,18,19.62,1,579255,Senior (>65)
cust_2238,30,Rural,Low,597,14580.39,44156.62,1678.03,8704490,204,172,4260,45,510.47,Monthly,Debit Card,14,32.8,7,890213,Dewasa Muda (25-45)
cust_2239,48,Suburban,High,694,19549.33,91873.62,2750.27,13567235,79,147,2228,47,542.1,Daily,Wallet Balance,11,27.14,3,1368608,Dewasa (45-65)
cust_2240,22,Suburban,Low,332,15670.61,37234.02,2835.52,5202643,16,149,3264,40,4353.92,Monthly,Debit Card,6,61.72,10,538615,Remaja (<25)
cust_2241,27,Suburban,Middle,128,11615.18,30298.45,1336.37,1486743,126,29,4398,13,3202.59,Daily,Debit Card,12,59.29,9,166169,Dewasa Muda (25-45)
cust_2242,64,Urban,Middle,269,536.79,946.09,69.06,144397,87,102,1734,32,3226.17,Daily,Credit Card,0,32.36,10,29494,Dewasa (45-65)
cust_2243,45,Urban,Middle,551,16512.56,55694.13,3672.77,9098419,278,296,4943,32,2022.38,Daily,Debit Card,9,26.38,9,930916,Dewasa Muda (25-45)
cust_2244,36,Urban,Low,535,3551.13,14064.61,496.86,1899854,351,254,2455,35,2066.27,Weekly,UPI,18,56.77,2,199362,Dewasa Muda (25-45)
cust_2245,46,Rural,Middle,754,1121.57,3098.43,471.99,845666,43,274,4109,22,1515.54,Weekly,Wallet Balance,4,16.18,7,101226,Dewasa (45-65)
cust_2246,39,Urban,Middle,366,17008.67,68051.66,2067.35,6225174,79,49,1454,0,2171.79,Daily,Debit Card,5,67.81,8,632339,Dewasa Muda (25-45)
cust_2247,35,Rural,High,619,11329.35,25042.62,5247.44,7012870,277,189,2126,26,2935.63,Monthly,Debit Card,4,23.58,1,707671,Dewasa Muda (25-45)
cust_2248,52,Suburban,High,348,2579.75,9875.11,1156.59,897751,264,65,3955,50,932.95,Monthly,UPI,16,33.9,5,107218,Dewasa (45-65)
cust_2249,19,Suburban,High,142,7736.99,15732.22,1418.61,1098652,305,164,0,31,1308.42,Weekly,Wallet Balance,6,58.39,8,120311,Remaja (<25)
cust_2250,43,Urban,Low,145,1719.98,7090.78,221.21,249396,228,224,646,20,2473.77,Daily,Wallet Balance,2,57.46,10,36994,Dewasa Muda (25-45)
cust_2251,59,Suburban,Middle,792,12763.84,55172.53,1815.2,10108958,125,326,2542,43,1923.9,Weekly,UPI,19,50.21,2,1021317,Dewasa (45-65)
cust_2252,35,Urban,Middle,245,5655.72,23702.53,1830.39,1385651,106,7,1868,19,4097.43,Monthly,Credit Card,3,9.22,1,143152,Dewasa Muda (25-45)
cust_2253,39,Rural,Middle,442,17323.22,32253.94,5896.24,7656863,230,61,3186,26,4108.44,Monthly,Wallet Balance,7,18.19,10,782604,Dewasa Muda (25-45)
cust_2254,65,Suburban,High,703,7162.34,27052.15,1620.36,5035126,134,192,2623,35,1679.96,Weekly,Credit Card,20,51.66,4,515418,Dewasa (45-65)
cust_2255,64,Urban,Middle,290,9897.73,31219.04,2164.97,2870341,81,360,3345,40,2253.98,Daily,UPI,12,62.02,1,297597,Dewasa (45-65)
cust_2256,66,Suburban,Middle,691,1279.83,6327.68,400.08,884364,360,88,707,31,4882.94,Weekly,Debit Card,2,12.94,5,95508,Senior (>65)
cust_2257,47,Suburban,Middle,112,5519.1,13501.41,1226.63,618138,109,158,3395,38,4137.38,Weekly,Debit Card,8,71.23,8,78335,Dewasa (45-65)
cust_2258,56,Urban,Middle,214,13538.58,55305.16,6413.6,2897255,175,273,602,28,1078.3,Weekly,UPI,8,45.11,8,301190,Dewasa (45-65)
cust_2259,51,Suburban,Middle,650,14727.89,36529.78,3726.93,9573130,164,332,2831,45,1401.14,Daily,Wallet Balance,9,59.31,9,975774,Dewasa (45-65)
cust_2260,68,Suburban,Low,886,4864.01,12585.28,914.07,4309511,125,282,4493,22,417.4,Daily,Credit Card,17,56.77,5,446928,Senior (>65)
cust_2261,49,Suburban,Middle,200,10081.36,14557.17,1596.75,2016272,348,145,3661,34,3389.12,Monthly,UPI,2,8.61,8,218654,Dewasa (45-65)
cust_2262,51,Suburban,Low,405,16352.45,32028.63,5767.23,6622740,23,163,4844,14,1584.48,Daily,Debit Card,11,25.33,10,682569,Dewasa (45-65)
cust_2263,17,Rural,Middle,421,7604.4,12607.62,1754.07,3201454,331,174,3383,42,2682.98,Daily,Debit Card,1,33.55,5,334769,Remaja (<25)
cust_2264,30,Suburban,Low,7,2684.09,4393.32,471.11,18788,62,108,4109,9,3840.71,Daily,Wallet Balance,11,19.46,7,16076,Dewasa Muda (25-45)
cust_2265,49,Suburban,Middle,858,8643.09,8954.81,1817.87,7415770,212,301,2156,14,4180.18,Weekly,Wallet Balance,8,49.45,8,753198,Dewasa (45-65)
cust_2266,51,Urban,Middle,525,12016.57,50170.65,2681.53,6308697,252,331,3909,24,1626.82,Monthly,Credit Card,1,40.86,8,648274,Dewasa (45-65)
cust_2267,21,Rural,Middle,592,157.9,453.44,55.32,93474,96,144,2090,16,1186.23,Monthly,Credit Card,14,70.65,2,16534,Remaja (<25)
cust_2268,54,Urban,Middle,286,6977.86,29423.35,1185.35,1995669,209,58,2872,50,4242.68,Weekly,Credit Card,6,13.97,1,209189,Dewasa (45-65)
cust_2269,57,Urban,High,671,12152.64,41929.07,4777.46,8154422,57,298,2405,30,1906.35,Monthly,UPI,6,40.84,8,830299,Dewasa (45-65)
cust_2270,66,Urban,Middle,389,19038.72,82349.14,4225.7,7406062,234,350,4570,10,4109.99,Weekly,Credit Card,7,64.91,9,757691,Senior (>65)
cust_2271,66,Rural,Low,416,8176.89,24653.81,2414.83,3401585,358,188,1098,19,748.82,Weekly,UPI,14,3.81,7,350880,Senior (>65)
cust_2272,69,Urban,High,784,3267.82,4497.05,1182.74,2561967,326,20,1950,30,4559.55,Daily,UPI,11,36.34,8,268816,Senior (>65)
cust_2273,27,Urban,High,713,10689.04,37059.48,3393.21,7621285,65,212,3378,15,2415.63,Daily,Wallet Balance,19,16.12,9,778176,Dewasa Muda (25-45)
cust_2274,18,Urban,Middle,150,5722.19,21235.39,2087.99,858328,293,24,3824,35,850.67,Daily,UPI,19,69.04,10,106555,Remaja (<25)
cust_2275,60,Suburban,Low,960,4303.44,15087.93,985.65,4131302,324,91,2552,38,2675.34,Monthly,Wallet Balance,5,48.24,10,430696,Dewasa (45-65)
cust_2276,33,Urban,Low,428,11812.16,49674.22,5733.39,5055604,331,216,2882,10,4350.08,Daily,Credit Card,5,20.38,10,520149,Dewasa Muda (25-45)
cust_2277,55,Rural,High,808,18318.51,71918.42,5195.05,14801357,17,52,4992,19,1946.63,Monthly,UPI,15,71.28,4,1495046,Dewasa (45-65)
cust_2278,36,Rural,Low,293,16706.13,45616.59,3821.92,4894896,135,138,2010,25,890.31,Daily,Credit Card,4,16.5,3,498564,Dewasa Muda (25-45)
cust_2279,30,Suburban,Middle,334,3654.03,15626.14,798.62,1220445,308,153,493,48,2882.78,Daily,UPI,2,24.5,4,130389,Dewasa Muda (25-45)
cust_2280,48,Rural,Middle,272,15319.93,57712.42,1793.63,4167021,130,220,1851,50,4172.34,Monthly,UPI,13,48.94,10,433317,Dewasa (45-65)
cust_2281,50,Rural,Middle,43,4605.07,6822.26,1721.94,198018,37,362,4943,25,606.77,Monthly,Wallet Balance,17,41.29,3,34884,Dewasa (45-65)
cust_2282,41,Suburban,Middle,468,5821.12,18391.77,1193.36,2724283,250,173,2158,41,207.04,Daily,Credit Card,0,59.54,2,282740,Dewasa Muda (25-45)
cust_2283,23,Urban,Middle,319,18401.83,72028.87,8898.61,5870183,57,1,4636,46,281.47,Weekly,UPI,16,48.52,1,601749,Remaja (<25)
cust_2284,51,Suburban,High,492,18221.89,58549.73,3356.07,8965171,357,25,2294,5,1152.44,Monthly,Debit Card,11,42.05,4,905028,Dewasa (45-65)
cust_2285,63,Urban,Middle,527,3380.93,16215.32,1054.16,1781749,10,204,4841,44,36.51,Monthly,UPI,4,24.82,5,197238,Dewasa (45-65)
cust_2286,45,Urban,Middle,760,1293.2,1818.19,509.76,982828,81,359,3386,34,2143.36,Daily,Credit Card,20,22.0,8,115383,Dewasa Muda (25-45)
cust_2287,38,Rural,High,172,5869.43,22827.9,2629.78,1009542,90,201,1418,7,3488.75,Daily,Wallet Balance,1,7.96,7,109745,Dewasa Muda (25-45)
cust_2288,57,Suburban,High,730,11639.68,50025.07,1892.43,8496968,120,191,3826,6,3552.29,Monthly,Debit Card,6,29.61,6,862172,Dewasa (45-65)
cust_2289,59,Rural,High,649,17539.06,66834.58,8667.11,11382852,102,361,3922,36,3183.56,Daily,Credit Card,16,57.03,6,1154137,Dewasa (45-65)
cust_2290,29,Rural,Low,321,2385.56,6064.9,1103.8,765764,27,304,2889,49,1481.0,Weekly,UPI,19,21.2,5,91513,Dewasa Muda (25-45)
cust_2291,29,Urban,Low,739,8305.02,21110.71,4029.1,6137410,261,232,4789,15,3679.69,Monthly,Wallet Balance,3,63.56,4,626979,Dewasa Muda (25-45)
cust_2292,17,Rural,Middle,44,5442.28,18211.33,2400.42,239460,61,220,240,8,2882.44,Weekly,Wallet Balance,1,57.9,8,31784,Remaja (<25)
cust_2293,52,Suburban,Middle,532,308.43,798.34,139.12,164084,136,66,4791,10,4305.9,Monthly,Credit Card,18,71.83,8,32837,Dewasa (45-65)
cust_2294,20,Rural,Middle,631,15771.04,71485.9,5354.77,9951526,97,24,2902,20,2390.03,Weekly,UPI,17,52.53,10,1011761,Remaja (<25)
cust_2295,53,Rural,Low,454,16267.55,23420.76,7127.21,7385468,149,82,2400,50,900.74,Daily,Debit Card,17,4.5,3,750896,Dewasa (45-65)
cust_2296,60,Urban,Middle,746,4432.37,15764.29,1390.01,3306547,227,91,93,45,3173.26,Daily,Credit Card,12,43.13,8,341754,Dewasa (45-65)
cust_2297,56,Suburban,Middle,970,3033.29,4660.53,956.36,2942293,277,172,3398,6,753.92,Monthly,Debit Card,6,22.43,5,306248,Dewasa (45-65)
cust_2298,69,Rural,Low,880,2899.77,9165.13,942.52,2551798,307,35,1743,11,4815.72,Monthly,Wallet Balance,17,68.35,1,258358,Senior (>65)
cust_2299,62,Urban,High,891,9284.3,35859.0,4628.48,8272315,335,34,4010,50,3516.43,Weekly,Wallet Balance,18,51.56,8,846493,Dewasa (45-65)
cust_2300,29,Rural,Low,929,4937.45,8206.25,699.92,4586888,228,262,4148,39,3781.61,Daily,Wallet Balance,0,56.58,7,475994,Dewasa Muda (25-45)
cust_2301,54,Suburban,Middle,848,10232.0,39046.67,4320.4,8676735,315,177,4465,20,3396.34,Daily,Debit Card,8,40.86,7,883905,Dewasa (45-65)
cust_2302,40,Rural,Low,868,7703.19,12016.36,1612.47,6686365,249,144,3968,4,487.8,Weekly,UPI,1,69.66,5,681728,Dewasa Muda (25-45)
cust_2303,35,Rural,High,774,4225.7,14714.79,1033.14,3270689,258,215,2657,5,2326.5,Monthly,Credit Card,7,13.12,5,336719,Dewasa Muda (25-45)
cust_2304,17,Urban,High,83,15026.32,45412.74,1986.68,1247184,314,141,1468,42,3257.08,Weekly,Credit Card,7,28.64,7,137225,Remaja (<25)
cust_2305,54,Rural,High,543,3015.77,6611.48,725.68,1637565,220,268,2677,25,1146.78,Weekly,Credit Card,19,36.5,9,180037,Dewasa (45-65)
cust_2306,21,Urban,High,322,15980.06,23110.28,7930.98,5145578,236,139,3361,28,3397.51,Weekly,Debit Card,1,40.29,10,532381,Remaja (<25)
cust_2307,32,Suburban,High,786,11233.31,44297.63,2907.49,8829384,20,47,2405,2,4099.43,Weekly,UPI,1,56.12,1,886898,Dewasa Muda (25-45)
cust_2308,40,Rural,High,234,16642.42,42059.07,6122.33,3894326,345,60,2108,10,1374.65,Monthly,Wallet Balance,0,52.72,8,401961,Dewasa Muda (25-45)
cust_2309,43,Suburban,Middle,540,105.13,141.52,15.59,56771,138,49,1275,22,998.02,Weekly,Wallet Balance,1,4.89,10,19928,Dewasa Muda (25-45)
cust_2310,17,Suburban,Middle,252,14986.28,61311.22,7028.55,3776542,189,52,4855,24,4415.8,Daily,Debit Card,2,52.39,9,396556,Remaja (<25)
cust_2311,50,Rural,Low,836,1039.8,2008.45,448.25,869270,105,61,4871,11,25.97,Monthly,Credit Card,11,19.63,7,104756,Dewasa (45-65)
cust_2312,52,Urban,Middle,765,19002.47,74980.12,4836.47,14536892,98,214,4661,0,1278.74,Weekly,UPI,7,30.54,2,1464371,Dewasa (45-65)
cust_2313,20,Suburban,High,449,14057.76,45822.61,3365.22,6311935,270,95,1069,3,2033.65,Weekly,UPI,19,32.96,5,637614,Remaja (<25)
cust_2314,16,Suburban,Middle,239,6410.24,11398.16,1749.4,1532048,153,120,1141,0,3361.3,Daily,UPI,19,50.24,4,157806,Remaja (<25)
cust_2315,55,Rural,Low,490,6403.81,8360.96,1668.21,3137867,218,219,1566,5,4985.32,Weekly,UPI,16,49.37,7,321926,Dewasa (45-65)
cust_2316,27,Rural,High,882,17231.23,58120.88,3501.74,15197947,21,40,2526,33,1854.09,Daily,UPI,12,27.87,3,1530219,Dewasa Muda (25-45)
cust_2317,51,Rural,Middle,464,18057.77,19878.85,8962.77,8378807,272,346,915,26,4744.04,Daily,Credit Card,0,58.74,8,847938,Dewasa (45-65)
cust_2318,60,Rural,Middle,941,17832.55,22502.14,7564.9,16780429,202,327,4373,44,1833.87,Weekly,Wallet Balance,10,9.63,5,1695272,Dewasa (45-65)
cust_2319,38,Rural,Low,314,16176.72,61615.12,3351.32,5079489,160,317,4536,15,3477.65,Monthly,Credit Card,8,17.52,6,522782,Dewasa Muda (25-45)
cust_2320,62,Rural,High,175,16382.45,51694.75,8071.47,2866928,64,232,3856,10,826.84,Monthly,Wallet Balance,1,31.15,4,298991,Dewasa (45-65)
cust_2321,46,Urban,Low,706,11459.63,26416.52,1217.15,8090499,84,211,2904,13,2302.04,Weekly,Credit Card,11,16.54,7,822006,Dewasa (45-65)
cust_2322,26,Suburban,High,180,574.34,1813.14,158.03,103380,73,38,1815,37,4356.37,Weekly,Wallet Balance,10,66.86,9,24489,Dewasa Muda (25-45)
cust_2323,25,Urban,High,932,1744.6,5873.36,571.87,1625965,60,317,2929,47,1599.97,Monthly,Credit Card,6,66.87,4,176354,Remaja (<25)
cust_2324,18,Urban,Middle,385,12994.57,42377.16,1494.83,5002909,354,211,1801,48,526.01,Weekly,Debit Card,15,13.11,6,514429,Remaja (<25)
cust_2325,69,Rural,Low,295,8029.29,28666.31,1320.13,2368641,147,83,2851,9,2613.57,Weekly,UPI,14,30.34,6,248159,Senior (>65)
cust_2326,29,Suburban,Low,215,11350.52,54041.55,2307.02,2440361,47,356,3817,12,2197.67,Daily,UPI,4,71.43,1,252771,Dewasa Muda (25-45)
cust_2327,31,Urban,Low,986,4629.24,11828.22,1796.57,4564432,223,118,3793,44,1147.7,Monthly,Credit Card,16,2.38,9,476855,Dewasa Muda (25-45)
cust_2328,25,Rural,High,715,12991.85,28641.9,6182.79,9289172,158,303,1660,33,4528.08,Daily,Credit Card,7,4.07,2,935273,Remaja (<25)
cust_2329,44,Rural,Low,762,4864.16,5611.98,1701.55,3706491,47,27,1618,32,3008.43,Monthly,UPI,18,60.85,10,385580,Dewasa Muda (25-45)
cust_2330,25,Suburban,High,874,9221.65,14646.67,2997.63,8059720,289,209,593,32,1735.87,Daily,Debit Card,20,28.13,1,810490,Remaja (<25)
cust_2331,27,Urban,Low,769,9579.61,13650.94,3014.74,7366720,210,125,2070,38,4980.66,Monthly,Wallet Balance,6,52.88,5,747121,Dewasa Muda (25-45)
cust_2332,45,Urban,Low,75,3561.59,8340.44,855.78,267119,21,276,647,12,687.83,Monthly,Wallet Balance,6,44.89,2,30861,Dewasa Muda (25-45)
cust_2333,56,Urban,Middle,344,17525.39,60286.7,7554.95,6028735,351,298,1329,16,4239.76,Daily,Debit Card,12,50.3,10,615011,Dewasa (45-65)
cust_2334,16,Rural,Low,714,10521.16,12471.11,3327.92,7512110,319,297,1423,8,1153.12,Weekly,UPI,17,15.02,5,759280,Remaja (<25)
cust_2335,20,Suburban,Middle,142,17337.01,67799.14,3329.42,2461855,231,72,880,12,1197.53,Monthly,Credit Card,17,39.84,1,249546,Remaja (<25)
cust_2336,35,Suburban,Middle,718,5258.09,13617.04,813.6,3775307,298,58,1234,15,2490.81,Weekly,Wallet Balance,2,46.89,7,387253,Dewasa Muda (25-45)
cust_2337,23,Urban,High,199,3455.0,16770.61,1707.48,687544,105,296,1617,36,3309.71,Weekly,Wallet Balance,5,40.2,4,77933,Remaja (<25)
cust_2338,58,Rural,Low,919,370.15,1211.71,39.6,340170,126,119,2143,29,3452.32,Daily,Wallet Balance,15,68.07,8,47476,Dewasa (45-65)
cust_2339,27,Urban,Low,171,1886.35,7706.61,892.95,322566,299,62,1456,38,110.64,Weekly,UPI,9,2.16,8,46913,Dewasa Muda (25-45)
cust_2340,16,Suburban,Low,406,2957.94,13147.22,554.08,1200922,68,87,2830,32,1434.29,Weekly,Credit Card,1,16.24,7,135235,Remaja (<25)
cust_2341,69,Rural,Middle,828,1586.32,7226.31,575.87,1313475,26,326,1072,39,3303.02,Monthly,UPI,12,6.23,1,136740,Senior (>65)
cust_2342,35,Urban,Low,228,17938.62,55140.56,3957.49,4090004,161,99,3732,5,4448.67,Monthly,UPI,6,69.41,3,417740,Dewasa Muda (25-45)
cust_2343,43,Urban,High,411,18229.65,47159.57,8092.58,7492386,108,124,1078,11,3349.45,Monthly,Wallet Balance,12,17.61,6,756819,Dewasa Muda (25-45)
cust_2344,58,Rural,High,952,18747.88,60781.75,5950.17,17847981,289,7,4946,1,1329.41,Weekly,Credit Card,8,53.56,6,1800125,Dewasa (45-65)
cust_2345,52,Suburban,Low,898,19197.62,50072.79,3002.95,17239461,305,134,4618,32,2538.86,Monthly,UPI,1,11.34,6,1741112,Dewasa (45-65)
cust_2346,62,Rural,Middle,935,9841.78,19318.04,2046.44,9202065,84,283,4914,14,3237.88,Monthly,UPI,7,4.71,2,931815,Dewasa (45-65)
cust_2347,52,Urban,High,691,10605.19,24346.12,2419.34,7328188,41,2,1968,16,676.7,Monthly,Debit Card,7,14.56,8,746016,Dewasa (45-65)
cust_2348,27,Urban,High,878,2625.3,5069.66,1192.85,2305013,200,317,87,34,2724.53,Daily,Debit Card,7,20.61,3,235713,Dewasa Muda (25-45)
cust_2349,52,Urban,Middle,787,2749.67,5713.13,1118.28,2163990,36,160,4451,30,2358.33,Weekly,Credit Card,1,33.54,5,232121,Dewasa (45-65)
cust_2350,64,Urban,High,62,15457.4,21245.13,6675.05,958358,351,157,1088,29,1683.24,Daily,Wallet Balance,14,2.58,9,109070,Dewasa (45-65)
cust_2351,64,Suburban,Middle,327,17116.02,46313.41,2069.34,5596939,234,226,2238,37,3117.69,Daily,UPI,2,44.83,7,573311,Dewasa (45-65)
cust_2352,59,Suburban,High,716,15696.44,30468.92,5203.57,11238652,242,321,653,15,3181.08,Daily,Debit Card,19,47.59,9,1134080,Dewasa (45-65)
cust_2353,43,Urban,Middle,963,16693.17,46631.81,8341.09,16075524,339,143,3109,41,4857.35,Monthly,Credit Card,13,21.66,4,1619441,Dewasa Muda (25-45)
cust_2354,62,Suburban,High,959,5538.64,23089.45,2293.44,5311556,20,266,1397,44,2141.53,Daily,Wallet Balance,1,19.8,1,538278,Dewasa (45-65)
cust_2355,30,Suburban,Low,879,9326.66,26051.67,1382.99,8198129,343,266,4760,39,2656.34,Weekly,Debit Card,4,14.52,10,841904,Dewasa Muda (25-45)
cust_2356,21,Suburban,High,133,9189.4,44278.62,3414.11,1222189,152,37,2427,16,787.51,Daily,Wallet Balance,8,16.28,3,131279,Remaja (<25)
cust_2357,59,Urban,High,584,19905.72,31676.91,7925.05,11624937,171,288,2084,6,2741.81,Daily,Wallet Balance,7,47.17,5,1170890,Dewasa (45-65)
cust_2358,35,Rural,Low,590,18984.07,83550.02,5803.42,11200600,216,292,738,4,180.43,Weekly,Debit Card,1,44.01,10,1131845,Dewasa Muda (25-45)
cust_2359,65,Rural,Low,189,11973.74,23864.05,1574.56,2263036,356,320,2999,39,749.39,Monthly,UPI,3,65.96,1,236826,Dewasa (45-65)
cust_2360,29,Rural,Low,356,2768.08,13108.9,315.21,985437,329,73,3950,26,856.23,Daily,Debit Card,19,59.75,7,115615,Dewasa Muda (25-45)
cust_2361,17,Urban,Low,71,5179.33,9885.24,2460.83,367732,232,16,3206,0,3163.2,Weekly,Debit Card,17,41.89,1,42603,Remaja (<25)
cust_2362,24,Suburban,Middle,263,7281.59,29037.88,1478.2,1915059,16,361,4106,1,2836.47,Daily,UPI,1,12.88,8,206399,Remaja (<25)
cust_2363,52,Suburban,Middle,306,17465.5,21805.18,4394.1,5344443,283,83,4429,3,3990.18,Daily,Credit Card,11,23.97,7,548607,Dewasa (45-65)
cust_2364,35,Urban,High,558,3420.94,12039.17,1430.33,1908886,301,174,2466,0,2322.0,Monthly,UPI,5,34.8,2,196659,Dewasa Muda (25-45)
cust_2365,41,Urban,High,224,4402.74,8253.8,1654.13,986213,165,76,880,28,2374.28,Weekly,UPI,1,30.87,7,108994,Dewasa Muda (25-45)
cust_2366,44,Rural,High,328,6994.2,25743.48,3409.16,2294097,269,291,2355,20,807.78,Daily,Wallet Balance,20,5.57,6,241715,Dewasa Muda (25-45)
cust_2367,16,Rural,Middle,762,18538.93,65689.33,2542.35,14126668,179,51,4676,41,3713.51,Daily,Credit Card,11,26.43,7,1431262,Remaja (<25)
cust_2368,50,Urban,High,588,10081.2,47329.07,3858.76,5927747,258,363,4265,34,18.26,Weekly,Wallet Balance,2,14.32,1,605695,Dewasa (45-65)
cust_2369,21,Rural,High,74,12940.25,45377.66,1719.65,957578,76,186,3220,33,2124.45,Daily,Wallet Balance,14,41.82,7,111435,Remaja (<25)
cust_2370,52,Suburban,Middle,511,7750.59,20407.28,775.57,3960553,105,5,1536,38,941.63,Monthly,Debit Card,20,67.06,9,411456,Dewasa (45-65)
cust_2371,68,Urban,High,142,3778.56,6704.18,559.57,536555,353,262,3978,1,3855.05,Weekly,UPI,18,10.93,8,67783,Senior (>65)
cust_2372,20,Urban,Middle,585,4463.78,16202.66,1547.55,2611312,87,179,4617,24,3366.96,Monthly,UPI,18,62.14,7,278081,Remaja (<25)
cust_2373,48,Suburban,Middle,102,16055.4,23528.65,5948.16,1637650,315,142,439,5,3533.84,Weekly,Wallet Balance,16,19.61,2,165376,Dewasa (45-65)
cust_2374,64,Suburban,Low,606,17870.71,77095.43,4920.45,10829647,14,268,2046,7,742.89,Daily,UPI,13,49.91,7,1094385,Dewasa (45-65)
cust_2375,66,Suburban,Low,581,9866.58,19627.97,1168.48,5732484,359,114,2194,34,3344.07,Weekly,Credit Card,1,44.12,2,581364,Senior (>65)
cust_2376,29,Rural,Middle,65,7146.32,22129.55,2527.11,464510,286,180,885,18,3454.47,Weekly,UPI,13,16.49,4,52293,Dewasa Muda (25-45)
cust_2377,27,Urban,Middle,193,16158.62,54677.38,2170.54,3118614,247,68,297,8,13.19,Weekly,Wallet Balance,3,27.23,1,314248,Dewasa Muda (25-45)
cust_2378,57,Rural,Low,953,13465.16,32989.11,2109.86,12832301,241,107,2856,32,1588.0,Daily,UPI,13,39.82,3,1294348,Dewasa (45-65)
cust_2379,35,Suburban,High,62,827.07,3023.35,252.28,51278,354,59,893,7,436.44,Daily,Wallet Balance,10,65.74,5,12395,Dewasa Muda (25-45)
cust_2380,68,Rural,High,532,7021.31,14048.71,1658.08,3735337,9,274,659,37,3406.97,Monthly,Credit Card,11,14.08,6,382848,Senior (>65)
cust_2381,65,Suburban,High,241,13646.64,15536.67,3901.6,3288839,24,31,123,31,1060.54,Monthly,Debit Card,12,25.4,3,334699,Dewasa (45-65)
cust_2382,39,Rural,Middle,715,11477.86,55519.22,4063.52,8206669,112,35,3482,22,1323.3,Daily,Wallet Balance,10,71.6,3,832169,Dewasa Muda (25-45)
cust_2383,58,Rural,Low,410,19561.57,44603.96,3208.15,8020241,297,260,3851,33,391.65,Daily,Wallet Balance,16,57.06,10,822830,Dewasa (45-65)
cust_2384,49,Suburban,High,300,17323.65,66762.72,7920.97,5197093,217,9,247,22,2419.03,Weekly,UPI,3,28.28,6,527193,Dewasa (45-65)
cust_2385,40,Rural,Low,195,1204.17,3648.8,389.9,234813,228,109,1485,45,165.16,Daily,Debit Card,15,11.1,9,39868,Dewasa Muda (25-45)
cust_2386,65,Urban,Low,454,14518.12,53368.54,1580.11,6591227,32,143,1405,31,4227.96,Monthly,Credit Card,5,36.55,2,664918,Dewasa (45-65)
cust_2387,44,Rural,Middle,574,6733.17,9720.99,2365.91,3864838,277,42,1129,0,131.83,Daily,Debit Card,5,42.45,2,390675,Dewasa Muda (25-45)
cust_2388,54,Rural,High,619,13644.83,41963.2,3892.48,8446151,170,187,2929,6,308.2,Monthly,Wallet Balance,17,19.34,7,857919,Dewasa (45-65)
cust_2389,46,Urban,Low,637,12348.32,31721.33,4700.46,7865879,231,85,4773,42,3202.03,Daily,Credit Card,20,51.55,4,802732,Dewasa (45-65)
cust_2390,62,Suburban,Middle,301,10065.97,28259.2,4163.42,3029858,70,352,1473,47,4584.67,Daily,Credit Card,19,39.41,1,309339,Dewasa (45-65)
cust_2391,58,Urban,Middle,779,17060.46,82996.3,8112.9,13290099,111,201,2527,23,4460.61,Weekly,Debit Card,6,27.06,6,1340133,Dewasa (45-65)
cust_2392,65,Rural,Middle,456,14176.71,21905.22,7078.97,6464579,89,288,468,1,418.15,Monthly,Wallet Balance,14,21.57,9,656284,Dewasa (45-65)
cust_2393,38,Suburban,High,989,17792.21,71503.33,5690.78,17596492,2,336,2826,17,1442.23,Daily,Debit Card,8,21.23,10,1776280,Dewasa Muda (25-45)
cust_2394,59,Rural,High,202,5639.26,13090.81,1830.52,1139130,56,301,1918,18,2605.18,Weekly,UPI,4,57.08,6,124246,Dewasa (45-65)
cust_2395,53,Rural,Middle,674,6969.07,15063.17,759.48,4697152,158,261,338,41,133.12,Weekly,Wallet Balance,1,36.37,6,480424,Dewasa (45-65)
cust_2396,35,Urban,High,856,12442.81,25919.73,5550.34,10651043,271,159,3697,35,2643.21,Monthly,Credit Card,1,21.09,4,1078676,Dewasa Muda (25-45)
cust_2397,38,Urban,High,302,19329.62,46296.89,2155.01,5837546,274,153,3833,27,2238.83,Weekly,Debit Card,7,56.98,1,594001,Dewasa Muda (25-45)
cust_2398,60,Suburban,Low,624,7437.93,18062.77,2626.08,4641265,32,184,4450,34,2942.05,Monthly,UPI,7,2.55,7,481955,Dewasa (45-65)
cust_2399,67,Suburban,Middle,337,655.55,1365.5,91.4,220920,270,257,2052,31,4601.57,Monthly,Credit Card,4,71.67,4,30995,Senior (>65)
cust_2400,31,Suburban,Middle,32,8923.3,32748.27,1912.58,285545,190,317,245,12,1373.1,Monthly,UPI,17,64.1,9,38558,Dewasa Muda (25-45)
cust_2401,65,Rural,High,971,10883.15,12960.61,1699.21,10567540,210,67,986,5,3195.48,Weekly,Wallet Balance,15,53.75,4,1061628,Dewasa (45-65)
cust_2402,57,Urban,Middle,98,16021.74,37317.44,2482.69,1570130,308,213,646,28,2149.16,Weekly,UPI,10,19.91,9,169030,Dewasa (45-65)
cust_2403,23,Urban,Middle,984,14574.72,30910.4,1892.39,14341528,22,220,443,9,2175.64,Monthly,Credit Card,13,64.18,1,1435850,Remaja (<25)
cust_2404,65,Urban,Middle,759,19293.61,77283.86,4382.6,14643847,14,323,286,39,3236.36,Weekly,UPI,7,58.97,10,1477238,Dewasa (45-65)
cust_2405,36,Suburban,High,773,15655.83,24830.05,4218.63,12101955,206,352,4307,9,4756.68,Weekly,Debit Card,19,57.9,4,1221331,Dewasa Muda (25-45)
cust_2406,16,Urban,High,191,5979.58,28479.25,1708.9,1142100,34,224,3608,33,4315.16,Monthly,Wallet Balance,9,13.45,2,124568,Remaja (<25)
cust_2407,23,Urban,High,541,12831.19,21583.02,3539.91,6941675,342,94,848,19,3197.61,Monthly,UPI,10,44.7,6,702164,Remaja (<25)
cust_2408,44,Urban,Low,48,13448.1,33352.76,4161.88,645508,56,59,1508,46,2307.69,Weekly,UPI,18,64.9,9,80013,Dewasa Muda (25-45)
cust_2409,47,Suburban,Middle,250,19960.43,35904.84,8860.73,4990107,240,178,334,32,2119.96,Monthly,Credit Card,17,36.82,2,503818,Dewasa (45-65)
cust_2410,53,Urban,Low,226,2783.37,5975.32,981.75,629041,63,290,886,10,3935.66,Monthly,Debit Card,17,40.16,2,65708,Dewasa (45-65)
cust_2411,20,Suburban,High,272,3834.6,15507.49,409.97,1043010,80,112,4041,23,1091.1,Daily,Debit Card,18,29.95,1,115137,Remaja (<25)
cust_2412,62,Urban,Low,665,3118.72,9061.81,527.63,2073947,40,324,4267,32,2938.33,Monthly,Debit Card,6,48.57,9,226659,Dewasa (45-65)
cust_2413,37,Urban,Middle,485,11785.31,19449.33,2823.52,5715876,294,182,874,21,2524.77,Daily,Debit Card,7,62.08,1,575173,Dewasa Muda (25-45)
cust_2414,62,Urban,Middle,328,2714.67,3221.06,1302.0,890411,279,224,2566,47,3246.77,Weekly,UPI,14,37.24,2,99249,Dewasa (45-65)
cust_2415,49,Suburban,High,797,13123.59,25192.9,1722.23,10459504,256,160,3686,11,937.11,Weekly,Debit Card,15,69.8,5,1058953,Dewasa (45-65)
cust_2416,16,Suburban,High,180,16077.44,76888.94,6174.51,2893939,110,363,1330,29,3478.79,Daily,Wallet Balance,19,29.65,7,300214,Remaja (<25)
cust_2417,41,Urban,Low,814,8661.53,37948.48,980.81,7050485,48,337,2200,31,3135.0,Daily,Debit Card,18,9.62,9,719981,Dewasa Muda (25-45)
cust_2418,58,Rural,High,665,11218.09,30969.74,2748.6,7460033,232,264,4582,43,900.73,Daily,Credit Card,10,2.03,1,760016,Dewasa (45-65)
cust_2419,25,Suburban,Low,746,18255.31,53451.21,7449.25,13618464,82,163,1773,18,2248.11,Daily,Debit Card,6,42.11,8,1374068,Remaja (<25)
cust_2420,45,Suburban,Middle,23,11395.62,52390.97,2707.28,262099,174,280,2027,44,3393.1,Daily,Credit Card,18,58.75,1,33967,Dewasa Muda (25-45)
cust_2421,65,Urban,Middle,930,4180.02,14067.38,1137.44,3887423,113,3,3753,39,4508.02,Daily,Wallet Balance,19,61.24,9,406894,Dewasa (45-65)
cust_2422,33,Rural,Middle,963,6870.44,31075.49,3174.98,6616237,278,81,4506,1,610.5,Daily,Debit Card,15,69.42,10,680430,Dewasa Muda (25-45)
cust_2423,32,Urban,Middle,606,10601.62,31458.78,1340.76,6424580,310,292,1444,50,43.7,Weekly,Wallet Balance,7,38.37,2,652324,Dewasa Muda (25-45)
cust_2424,41,Suburban,Middle,370,3106.4,5592.74,966.29,1149369,40,179,4595,13,825.77,Daily,UPI,17,15.92,3,128014,Dewasa Muda (25-45)
cust_2425,23,Suburban,Low,245,12254.27,47837.1,3020.62,3002296,30,360,567,32,4946.37,Daily,Debit Card,7,49.16,10,312090,Remaja (<25)
cust_2426,62,Urban,Middle,802,19984.93,62064.66,9703.18,16027913,255,337,1697,31,3841.85,Weekly,Wallet Balance,12,64.4,4,1611364,Dewasa (45-65)
cust_2427,55,Urban,Low,160,13054.17,47957.88,5449.8,2088667,240,315,4764,40,3071.85,Weekly,Wallet Balance,9,14.18,3,223858,Dewasa (45-65)
cust_2428,64,Rural,Middle,373,7454.5,12142.81,1109.46,2780528,183,94,3143,18,665.07,Daily,Credit Card,18,25.7,2,287806,Dewasa (45-65)
cust_2429,27,Rural,Low,285,6641.61,23846.09,3127.96,1892859,184,217,1100,13,2080.23,Daily,Wallet Balance,17,56.6,5,196745,Dewasa Muda (25-45)
cust_2430,42,Suburban,Low,521,18632.75,47122.76,3437.47,9707662,42,22,45,3,3576.19,Monthly,Wallet Balance,9,17.66,2,971368,Dewasa Muda (25-45)
cust_2431,23,Rural,Low,450,17431.57,40580.54,2334.56,7844206,127,126,2852,1,4479.42,Daily,Debit Card,0,64.8,2,789984,Remaja (<25)
cust_2432,40,Rural,High,697,9452.45,34840.8,2993.0,6588356,82,268,2806,9,1909.12,Monthly,UPI,4,60.81,8,672393,Dewasa Muda (25-45)
cust_2433,61,Suburban,Low,807,7074.76,23834.55,2792.07,5709329,233,143,1538,28,4998.45,Monthly,Wallet Balance,2,36.86,2,576309,Dewasa (45-65)
cust_2434,19,Suburban,Low,647,14212.18,51113.11,5491.88,9195281,309,268,2783,14,698.68,Weekly,Wallet Balance,8,71.84,8,934144,Remaja (<25)
cust_2435,48,Suburban,Middle,622,6296.9,30611.34,1974.85,3916674,192,342,760,30,1934.68,Monthly,Credit Card,7,21.96,8,403220,Dewasa (45-65)
cust_2436,16,Suburban,Low,581,2396.87,9119.58,712.1,1392581,1,103,1512,32,4376.99,Daily,UPI,15,67.13,1,144293,Remaja (<25)
cust_2437,34,Urban,Low,136,6209.94,22129.73,3029.32,844552,362,56,660,28,3249.58,Monthly,Wallet Balance,9,21.66,5,91950,Dewasa Muda (25-45)
cust_2438,46,Suburban,High,96,8691.58,30022.55,3721.94,834391,207,227,697,10,4054.6,Weekly,Debit Card,18,50.32,9,92805,Dewasa (45-65)
cust_2439,31,Suburban,Middle,119,5115.67,13274.44,1941.17,608765,197,106,1030,47,4539.0,Monthly,Debit Card,13,54.62,8,73367,Dewasa Muda (25-45)
cust_2440,29,Suburban,High,374,4344.11,18926.26,773.62,1624695,283,144,824,44,2536.58,Monthly,Credit Card,4,47.18,10,177249,Dewasa Muda (25-45)
cust_2441,68,Rural,High,274,132.74,335.01,56.8,36371,17,33,2339,39,1173.74,Monthly,UPI,5,39.09,9,20628,Senior (>65)
cust_2442,63,Suburban,High,870,12620.55,47970.38,5047.11,10979876,319,117,978,8,3468.53,Monthly,UPI,7,47.34,3,1102009,Dewasa (45-65)
cust_2443,20,Urban,Low,878,12292.83,26707.1,6107.21,10793108,169,171,1303,46,2817.4,Monthly,Wallet Balance,10,2.64,2,1087108,Remaja (<25)
cust_2444,56,Urban,High,850,3768.62,5995.98,577.35,3203330,186,305,2583,28,3863.25,Monthly,Credit Card,7,63.56,1,327367,Dewasa (45-65)
cust_2445,41,Suburban,High,177,18873.56,28669.95,7287.43,3340620,122,334,4407,36,2558.57,Monthly,Debit Card,12,38.83,8,353196,Dewasa Muda (25-45)
cust_2446,43,Urban,Middle,873,8197.32,29004.06,4030.08,7156262,224,18,3796,20,4055.56,Weekly,Wallet Balance,0,35.38,8,731190,Dewasa Muda (25-45)
cust_2447,17,Rural,Middle,749,519.33,1200.61,148.03,388981,127,236,1724,30,4510.09,Daily,Debit Card,16,41.8,8,51091,Remaja (<25)
cust_2448,65,Suburban,Middle,784,4403.24,9247.67,1732.08,3452140,166,168,2538,21,3747.92,Weekly,UPI,15,41.52,3,353516,Dewasa (45-65)
cust_2449,21,Urban,Middle,277,13844.43,46631.32,6785.82,3834906,122,363,2331,17,3718.28,Monthly,Credit Card,8,52.76,1,388993,Remaja (<25)
cust_2450,24,Urban,High,138,4040.38,4455.24,1288.86,557572,322,346,3829,1,2935.95,Monthly,UPI,7,7.21,9,71047,Remaja (<25)
cust_2451,48,Suburban,Middle,874,1087.71,2159.0,412.91,950658,220,335,556,21,2358.21,Weekly,Debit Card,0,67.79,7,104098,Dewasa (45-65)
cust_2452,56,Urban,Low,132,12357.95,29191.81,1335.08,1631249,279,356,1122,36,4862.94,Monthly,Debit Card,7,67.79,6,172537,Dewasa (45-65)
cust_2453,40,Suburban,High,44,10371.91,39760.67,3193.16,456364,148,155,2115,19,3225.56,Weekly,UPI,4,1.89,7,57153,Dewasa Muda (25-45)
cust_2454,63,Urban,Middle,123,15227.7,48424.17,3080.87,1873007,292,240,2125,47,4201.78,Monthly,Debit Card,17,38.22,6,200149,Dewasa (45-65)
cust_2455,28,Rural,High,136,15454.9,68371.78,2356.84,2101866,247,118,3217,47,2527.05,Monthly,Wallet Balance,6,53.03,4,224057,Dewasa Muda (25-45)
cust_2456,24,Urban,Middle,367,19199.11,44888.0,7361.69,7046071,188,81,74,3,2774.29,Daily,Wallet Balance,17,20.86,2,705668,Remaja (<25)
cust_2457,68,Urban,High,373,1149.78,2513.15,132.96,428868,11,310,513,25,3314.45,Monthly,Debit Card,15,46.38,1,45755,Senior (>65)
cust_2458,28,Suburban,Middle,126,789.4,894.22,364.66,99464,284,344,4861,19,3642.76,Daily,Wallet Balance,11,47.57,9,28747,Dewasa Muda (25-45)
cust_2459,46,Urban,Low,439,19744.07,94907.16,6063.59,8667646,45,168,4229,21,2241.78,Daily,Wallet Balance,3,16.43,2,878201,Dewasa (45-65)
cust_2460,56,Suburban,Middle,787,12900.51,38778.53,4635.05,10152700,124,173,3090,42,1781.57,Weekly,Wallet Balance,12,15.95,6,1030759,Dewasa (45-65)
cust_2461,26,Rural,High,576,14310.26,43075.24,2881.71,8242708,247,355,2739,19,1197.1,Daily,Wallet Balance,10,54.42,8,839050,Dewasa Muda (25-45)
cust_2462,19,Suburban,High,808,1938.68,9099.65,335.15,1566449,337,324,2876,28,2118.23,Weekly,Credit Card,15,51.36,7,171137,Remaja (<25)
cust_2463,49,Suburban,Low,744,1405.56,3035.54,277.6,1045733,159,218,2031,47,1056.19,Weekly,Credit Card,11,62.28,9,121807,Dewasa (45-65)
cust_2464,53,Urban,High,51,3213.47,7482.32,619.93,163886,267,228,3191,30,2083.81,Daily,Credit Card,13,63.76,9,33728,Dewasa (45-65)
cust_2465,61,Rural,Low,137,8549.64,30995.79,3811.44,1171300,292,191,3406,22,4373.3,Weekly,Debit Card,15,12.22,4,127955,Dewasa (45-65)
cust_2466,19,Suburban,High,158,2212.42,9160.98,918.01,349562,78,226,3990,43,4885.35,Daily,Wallet Balance,19,58.03,9,53793,Remaja (<25)
cust_2467,53,Urban,High,56,8932.21,33917.78,3939.95,500203,291,168,530,37,2885.51,Monthly,Credit Card,20,48.14,10,63337,Dewasa (45-65)
cust_2468,34,Urban,Low,593,11235.1,46680.43,4426.06,6662415,151,297,4165,15,730.03,Weekly,UPI,17,46.78,2,677706,Dewasa Muda (25-45)
cust_2469,21,Suburban,High,744,16.66,54.97,5.95,12392,285,189,433,18,2137.78,Daily,Wallet Balance,7,20.19,1,3836,Remaja (<25)
cust_2470,49,Urban,High,428,2293.77,10210.25,713.71,981733,151,193,1629,10,3010.38,Daily,Debit Card,2,59.86,6,106926,Dewasa (45-65)
cust_2471,33,Suburban,Low,443,7510.15,24035.69,1548.54,3326997,124,1,3733,11,1853.86,Daily,Wallet Balance,6,71.28,4,344338,Dewasa Muda (25-45)
cust_2472,28,Suburban,Middle,911,1076.06,2063.2,411.21,980292,228,9,3707,35,1025.78,Daily,UPI,19,12.57,4,112430,Dewasa Muda (25-45)
cust_2473,56,Suburban,Low,964,2679.24,8484.64,414.3,2582791,272,75,3293,12,1134.12,Monthly,Debit Card,9,53.53,10,275498,Dewasa (45-65)
cust_2474,38,Rural,High,326,4643.61,17886.16,1413.63,1513816,359,336,66,1,2369.64,Weekly,UPI,10,27.97,10,160428,Dewasa Muda (25-45)
cust_2475,34,Suburban,Middle,640,8597.73,31074.8,1531.34,5502548,340,349,2854,50,1082.14,Daily,Credit Card,19,14.34,1,561421,Dewasa Muda (25-45)
cust_2476,60,Urban,Middle,638,14299.6,28199.76,4317.1,9123141,217,143,2278,10,1247.61,Weekly,Wallet Balance,0,10.83,6,923246,Dewasa (45-65)
cust_2477,26,Rural,Middle,829,2662.45,3099.92,579.25,2207167,147,315,667,0,4365.42,Daily,Debit Card,10,15.82,3,222868,Dewasa Muda (25-45)
cust_2478,16,Urban,Low,80,14761.79,29670.07,1791.96,1180943,218,194,3968,40,3895.3,Weekly,Debit Card,4,61.46,7,135082,Remaja (<25)
cust_2479,39,Rural,Middle,474,17102.66,84421.63,5156.17,8106662,96,10,149,9,276.56,Daily,UPI,12,39.91,1,812725,Dewasa Muda (25-45)
cust_2480,69,Rural,Middle,377,13033.06,22649.7,2251.23,4913463,50,139,1132,2,1600.88,Daily,Debit Card,15,64.32,8,501009,Senior (>65)
cust_2481,22,Rural,Middle,869,884.08,2526.24,145.4,768262,43,30,4914,7,2659.67,Monthly,UPI,10,65.53,9,95024,Remaja (<25)
cust_2482,40,Rural,High,919,8818.67,31336.1,2237.7,8104355,19,279,4710,15,303.04,Weekly,Credit Card,4,11.7,4,825203,Dewasa Muda (25-45)
cust_2483,36,Urban,Low,333,13204.72,59657.51,3231.39,4397171,113,278,539,35,3415.86,Daily,UPI,5,45.63,5,447587,Dewasa Muda (25-45)
cust_2484,30,Suburban,Low,175,19570.48,79084.98,8743.76,3424833,213,42,1821,42,1922.23,Daily,UPI,2,4.63,8,357364,Dewasa Muda (25-45)
cust_2485,16,Urban,High,657,19036.65,88250.34,6203.18,12507078,18,228,474,39,1985.89,Monthly,Debit Card,1,20.44,5,1259562,Remaja (<25)
cust_2486,27,Suburban,Middle,441,7920.11,27067.24,3499.32,3492766,134,285,2301,38,1326.64,Monthly,Credit Card,20,13.3,10,367015,Dewasa Muda (25-45)
cust_2487,22,Urban,High,126,12322.46,54973.9,1956.0,1552630,291,201,3624,19,1669.64,Monthly,Credit Card,5,60.55,4,167576,Remaja (<25)
cust_2488,30,Rural,High,694,17817.39,36621.37,4328.27,12365271,14,321,2540,46,4308.45,Monthly,Credit Card,9,26.9,5,1249052,Dewasa Muda (25-45)
cust_2489,36,Rural,Middle,219,16622.61,45251.07,5354.67,3640352,64,210,2712,7,3943.01,Monthly,Credit Card,5,71.54,2,370187,Dewasa Muda (25-45)
cust_2490,34,Suburban,Middle,948,9593.64,41973.05,1546.99,9094773,163,178,2618,9,4678.86,Weekly,Debit Card,20,11.03,10,923273,Dewasa Muda (25-45)
cust_2491,44,Suburban,Low,278,5232.21,12045.89,791.23,1454555,258,86,2849,50,3494.99,Daily,Debit Card,1,17.21,2,156406,Dewasa Muda (25-45)
cust_2492,40,Urban,Middle,485,2750.63,12336.26,1002.77,1334054,6,48,3238,36,2889.36,Weekly,Debit Card,16,46.79,1,143036,Dewasa Muda (25-45)
cust_2493,48,Suburban,High,595,9764.72,23947.6,3530.28,5810010,355,293,2156,31,1296.28,Monthly,Credit Card,0,69.78,4,591764,Dewasa (45-65)
cust_2494,64,Urban,High,935,14459.69,35477.99,2800.31,13519809,121,206,3488,26,3334.28,Daily,UPI,0,53.07,10,1369889,Dewasa (45-65)
cust_2495,47,Suburban,Middle,995,19395.7,43371.33,3701.66,19298718,153,342,2803,30,4530.79,Weekly,Credit Card,5,9.93,8,1944212,Dewasa (45-65)
cust_2496,64,Suburban,Low,141,17237.68,54949.8,6863.67,2430512,329,347,4373,2,345.83,Monthly,Credit Card,16,30.43,10,261824,Dewasa (45-65)
cust_2497,50,Suburban,High,846,4092.78,6205.77,600.8,3462489,178,326,3482,38,2215.35,Weekly,Credit Card,1,71.73,10,365905,Dewasa (45-65)
cust_2498,59,Rural,Middle,607,14398.36,16506.44,6757.23,8739807,63,311,2714,5,746.8,Weekly,UPI,16,5.93,10,889535,Dewasa (45-65)
cust_2499,53,Rural,Low,877,5789.13,26570.11,2764.28,5077070,258,306,249,16,4053.08,Monthly,Wallet Balance,15,21.26,10,517778,Dewasa (45-65)
cust_2500,41,Urban,Low,706,13672.62,64476.69,6130.76,9652867,65,310,558,9,3070.49,Daily,UPI,6,9.83,2,967767,Dewasa Muda (25-45)
cust_2501,26,Suburban,High,110,13319.45,17377.66,2454.39,1465139,357,191,1585,20,4398.25,Monthly,Wallet Balance,3,59.25,7,156484,Dewasa Muda (25-45)
cust_2502,50,Urban,High,52,5455.89,17452.24,582.26,283706,187,361,3446,28,315.5,Monthly,Debit Card,12,60.19,8,45904,Dewasa (45-65)
cust_2503,23,Suburban,Low,615,4695.43,14831.58,2228.81,2887688,227,16,3694,28,4528.65,Weekly,Wallet Balance,19,25.4,10,306692,Remaja (<25)
cust_2504,61,Rural,Low,613,2087.72,5197.83,496.02,1279769,199,128,2331,19,335.98,Daily,Credit Card,3,24.85,1,135370,Dewasa (45-65)
cust_2505,29,Rural,Low,654,1020.29,3342.07,228.71,667267,294,303,4839,14,1438.03,Monthly,Credit Card,4,58.76,3,80085,Dewasa Muda (25-45)
cust_2506,25,Suburban,Middle,713,17170.44,48634.87,3514.29,12242521,251,185,1724,1,780.83,Daily,Wallet Balance,15,12.19,6,1233409,Remaja (<25)
cust_2507,17,Suburban,High,970,1006.49,2977.74,199.1,976294,318,130,1586,32,726.93,Weekly,Credit Card,8,59.37,7,110638,Remaja (<25)
cust_2508,61,Rural,Low,319,1783.94,7173.83,702.55,569075,193,165,4836,11,858.35,Monthly,Wallet Balance,10,7.87,5,72250,Dewasa (45-65)
cust_2509,24,Rural,High,199,4784.65,14850.8,2216.05,952145,119,93,1905,12,2401.09,Daily,Credit Card,11,21.93,7,106024,Remaja (<25)
cust_2510,18,Urban,High,796,17754.29,40739.57,7357.78,14132414,179,279,2792,43,3921.81,Daily,Debit Card,13,36.77,6,1427164,Remaja (<25)
cust_2511,36,Rural,High,729,6665.48,22168.21,2463.85,4859133,52,213,416,43,4491.39,Weekly,UPI,14,9.57,7,495799,Dewasa Muda (25-45)
cust_2512,41,Suburban,Low,46,3844.07,13696.49,826.87,176827,110,141,2578,38,2834.39,Daily,Debit Card,4,6.3,4,29221,Dewasa Muda (25-45)
cust_2513,23,Urban,Middle,505,14313.95,52235.13,4563.08,7228546,224,115,3613,38,788.76,Daily,Debit Card,9,20.17,2,735486,Remaja (<25)
cust_2514,63,Suburban,Low,540,6388.2,22187.68,1244.34,3449630,330,321,803,37,395.95,Daily,Wallet Balance,17,42.62,8,358071,Dewasa (45-65)
cust_2515,17,Urban,High,514,6674.0,24416.23,965.08,3430435,98,304,2950,44,2470.65,Monthly,Debit Card,7,58.75,1,353108,Remaja (<25)
cust_2516,21,Suburban,Low,895,14782.14,33117.48,2189.49,13230017,319,7,4211,20,3826.9,Monthly,UPI,7,53.0,4,1335510,Remaja (<25)
cust_2517,43,Rural,Low,17,5040.54,14035.56,1721.38,85689,48,56,3178,40,3100.81,Weekly,Wallet Balance,3,39.87,4,21374,Dewasa Muda (25-45)
cust_2518,68,Suburban,High,315,17936.23,65912.51,2069.7,5649913,101,192,1569,15,2913.91,Weekly,Debit Card,18,47.94,1,569172,Senior (>65)
cust_2519,44,Urban,High,436,11232.82,45127.56,5496.24,4897509,240,22,3249,33,240.78,Monthly,Credit Card,10,39.16,8,507428,Dewasa Muda (25-45)
cust_2520,41,Suburban,Low,388,10761.26,29449.09,5361.11,4175367,74,319,297,26,2057.73,Daily,Debit Card,5,39.42,6,425701,Dewasa Muda (25-45)
cust_2521,40,Urban,Low,77,5302.4,13050.96,847.16,408284,38,80,3232,42,2751.92,Monthly,Wallet Balance,0,2.14,2,52116,Dewasa Muda (25-45)
cust_2522,27,Suburban,Low,978,16703.54,64534.62,4525.34,16336058,216,284,781,2,2991.46,Weekly,Credit Card,4,28.2,4,1637872,Dewasa Muda (25-45)
cust_2523,20,Rural,Low,899,11459.26,21643.03,4666.56,10301877,136,103,3032,8,24.04,Weekly,Debit Card,0,40.67,7,1044039,Remaja (<25)
cust_2524,49,Rural,Middle,371,3118.78,3237.19,1503.33,1157065,6,217,4507,43,997.77,Monthly,Debit Card,2,43.19,9,137521,Dewasa (45-65)
cust_2525,63,Suburban,Low,165,4133.9,11924.92,1887.24,682093,247,142,4721,33,4748.93,Weekly,Credit Card,2,37.05,7,85576,Dewasa (45-65)
cust_2526,52,Suburban,Middle,609,9370.44,15868.76,1891.91,5706595,324,85,422,18,2543.22,Weekly,Credit Card,2,50.57,2,574031,Dewasa (45-65)
cust_2527,30,Suburban,High,617,15595.04,39192.38,2090.96,9622139,197,77,1117,37,3518.21,Weekly,Credit Card,6,27.15,1,967388,Dewasa Muda (25-45)
cust_2528,59,Urban,Middle,24,18786.51,40671.61,4048.34,450876,111,258,4638,25,1540.93,Weekly,Credit Card,0,11.15,10,66093,Dewasa (45-65)
cust_2529,51,Suburban,High,712,13273.34,54540.78,3648.77,9450616,288,307,4850,22,2926.86,Weekly,Credit Card,9,3.26,7,962498,Dewasa (45-65)
cust_2530,30,Suburban,Middle,35,10127.8,23553.56,2470.93,354473,38,228,3971,17,1782.34,Daily,UPI,19,41.47,9,53198,Dewasa Muda (25-45)
cust_2531,58,Urban,High,514,5022.13,17892.37,2056.8,2581375,115,78,2885,44,1484.79,Monthly,UPI,4,36.3,2,269565,Dewasa (45-65)
cust_2532,63,Rural,Low,801,13460.63,49745.78,2734.06,10781965,185,162,535,45,2056.99,Weekly,UPI,20,17.75,3,1085738,Dewasa (45-65)
cust_2533,38,Suburban,Middle,844,19644.97,55513.1,8711.66,16580356,212,82,2265,39,2299.14,Weekly,Debit Card,15,16.73,4,1669316,Dewasa Muda (25-45)
cust_2534,21,Suburban,Middle,854,9529.69,12620.28,1813.06,8138352,365,216,1377,40,1655.74,Weekly,UPI,15,42.28,9,828761,Remaja (<25)
cust_2535,61,Rural,High,461,3251.22,12359.37,795.06,1498810,255,51,3648,44,1289.95,Monthly,Credit Card,3,8.59,7,167932,Dewasa (45-65)
cust_2536,65,Rural,High,138,2075.78,2699.91,579.4,286457,320,164,1123,48,3119.1,Monthly,UPI,16,10.65,2,36132,Dewasa (45-65)
cust_2537,59,Urban,Middle,849,5392.43,7532.43,1167.39,4578173,310,251,420,37,1903.66,Monthly,UPI,12,18.66,4,465405,Dewasa (45-65)
cust_2538,58,Suburban,High,574,11393.15,20325.25,4631.87,6539665,113,213,2362,9,1009.13,Weekly,Debit Card,2,63.81,4,663086,Dewasa (45-65)
cust_2539,60,Suburban,Low,811,18936.64,40174.14,4995.84,15357613,270,211,314,42,3791.84,Weekly,Credit Card,7,51.07,4,1542693,Dewasa (45-65)
cust_2540,36,Urban,Middle,709,5990.31,26272.34,2724.45,4247129,320,163,2486,9,3618.71,Monthly,Debit Card,1,40.58,10,438775,Dewasa Muda (25-45)
cust_2541,38,Rural,Low,889,6114.77,22622.73,2968.33,5436030,175,319,1600,20,4434.08,Daily,Wallet Balance,10,27.21,7,553585,Dewasa Muda (25-45)
cust_2542,58,Urban,Middle,571,9628.78,24542.33,4274.44,5498034,310,360,3148,37,2775.1,Daily,UPI,3,30.65,6,564411,Dewasa (45-65)
cust_2543,31,Rural,Low,265,18371.66,90287.71,5677.76,4868490,19,85,2617,37,1397.19,Monthly,Wallet Balance,7,13.2,2,497084,Dewasa Muda (25-45)
cust_2544,62,Urban,Middle,333,8386.91,16559.2,2548.98,2792841,203,3,99,46,4318.54,Weekly,UPI,12,60.68,10,291922,Dewasa (45-65)
cust_2545,68,Rural,High,188,4472.36,15381.58,833.42,840802,126,5,890,6,1401.51,Weekly,Wallet Balance,3,13.92,2,87759,Senior (>65)
cust_2546,30,Urban,Middle,63,3270.99,14355.89,1102.03,206072,254,235,811,11,3278.0,Daily,Debit Card,1,55.0,3,24690,Dewasa Muda (25-45)
cust_2547,40,Rural,Low,820,9145.74,38486.09,4399.93,7499504,316,275,3532,40,951.97,Weekly,Wallet Balance,7,18.0,10,770538,Dewasa Muda (25-45)
cust_2548,51,Rural,Middle,279,16015.54,21800.85,2117.94,4468336,255,290,1421,32,3145.87,Monthly,Debit Card,17,54.72,1,452302,Dewasa (45-65)
cust_2549,26,Rural,Low,542,5834.13,22106.1,2339.39,3162100,288,20,4043,24,4204.29,Weekly,Wallet Balance,6,22.58,9,333593,Dewasa Muda (25-45)
cust_2550,66,Rural,Low,171,10255.33,20833.24,4592.5,1753661,292,329,244,27,2699.72,Weekly,Credit Card,16,70.67,7,184204,Senior (>65)
cust_2551,30,Rural,Low,503,12064.14,29230.6,5967.9,6068260,152,195,3452,23,2354.44,Monthly,UPI,13,66.31,7,621852,Dewasa Muda (25-45)
cust_2552,19,Suburban,High,964,9014.9,26647.77,2108.61,8690367,199,149,2099,47,4967.36,Daily,Credit Card,6,63.22,9,884451,Remaja (<25)
cust_2553,36,Rural,Middle,533,3841.89,15993.78,930.62,2047726,199,116,3262,30,112.26,Monthly,UPI,12,13.86,7,221240,Dewasa Muda (25-45)
cust_2554,28,Suburban,Low,299,18435.7,30691.85,3538.0,5512273,302,4,2169,17,1658.66,Weekly,Wallet Balance,1,6.95,1,557435,Dewasa Muda (25-45)
cust_2555,37,Rural,High,201,11313.33,16225.82,4702.11,2273979,175,22,3482,22,4592.99,Monthly,UPI,11,69.46,4,238265,Dewasa Muda (25-45)
cust_2556,34,Suburban,Low,135,14585.4,23537.4,2275.55,1969028,270,327,1013,6,3213.21,Monthly,Debit Card,1,31.94,9,206922,Dewasa Muda (25-45)
cust_2557,49,Suburban,Middle,272,12724.5,23831.64,2635.33,3461063,180,190,4389,49,2710.49,Daily,Wallet Balance,7,63.18,6,364429,Dewasa (45-65)
cust_2558,29,Urban,High,535,19960.98,24711.84,4353.59,10679124,218,12,245,7,3188.46,Daily,UPI,17,35.57,8,1075508,Dewasa Muda (25-45)
cust_2559,19,Rural,Low,442,9131.64,42968.25,2282.66,4036184,118,189,4067,14,1609.71,Weekly,UPI,1,47.09,3,415347,Remaja (<25)
cust_2560,63,Urban,Low,87,8505.2,19360.67,2285.06,739952,306,317,1207,37,355.84,Monthly,Credit Card,20,54.64,6,85931,Dewasa (45-65)
cust_2561,68,Urban,Low,31,7209.2,12312.6,2332.97,223485,321,27,3520,27,1375.74,Weekly,Wallet Balance,3,38.96,4,35400,Senior (>65)
cust_2562,67,Rural,Middle,121,7238.95,25707.96,3469.99,875913,333,340,2393,26,1682.48,Monthly,UPI,16,67.53,8,102136,Senior (>65)
cust_2563,61,Urban,High,69,5522.65,22907.85,1098.52,381062,320,142,3239,20,2399.33,Monthly,UPI,13,4.41,3,48384,Dewasa (45-65)
cust_2564,42,Rural,High,646,19612.8,78704.91,8074.36,12669866,23,7,1639,43,1969.48,Daily,Wallet Balance,7,60.28,5,1278579,Dewasa Muda (25-45)
cust_2565,44,Urban,High,883,17416.93,67487.63,6453.95,15379151,125,10,3476,26,2605.01,Monthly,UPI,3,49.83,2,1548164,Dewasa Muda (25-45)
cust_2566,62,Rural,Low,961,6340.29,7621.79,928.35,6093021,84,179,2648,46,980.41,Daily,UPI,15,24.48,7,625707,Dewasa (45-65)
cust_2567,43,Rural,High,827,6111.53,25232.29,2592.21,5054234,199,3,3595,46,920.24,Monthly,Debit Card,8,34.38,9,525753,Dewasa Muda (25-45)
cust_2568,50,Rural,Low,496,2079.64,6254.56,283.34,1031503,326,103,2083,41,1758.56,Weekly,UPI,17,34.5,5,115537,Dewasa (45-65)
cust_2569,23,Suburban,Middle,924,17541.85,63086.52,6939.04,16208666,187,300,1039,40,2368.58,Weekly,UPI,17,4.06,9,1634760,Remaja (<25)
cust_2570,31,Urban,High,146,7441.6,35910.93,2874.8,1086474,329,54,2721,13,1708.64,Monthly,Debit Card,12,39.0,2,116535,Dewasa Muda (25-45)
cust_2571,57,Suburban,Low,984,11456.58,48606.73,4304.93,11273276,92,162,2759,20,2882.81,Daily,Wallet Balance,10,5.69,8,1141404,Dewasa (45-65)
cust_2572,51,Urban,High,333,18008.55,77463.57,3793.99,5996847,330,230,986,13,1550.03,Daily,UPI,1,37.64,3,605181,Dewasa (45-65)
cust_2573,45,Urban,High,481,8167.93,14096.78,2690.08,3928775,182,345,2470,48,885.84,Daily,Debit Card,1,16.27,10,412174,Dewasa Muda (25-45)
cust_2574,33,Urban,Middle,906,16139.29,46895.43,6530.46,14622198,227,211,959,42,4314.14,Monthly,Credit Card,10,60.19,5,1471180,Dewasa Muda (25-45)
cust_2575,17,Suburban,High,263,8611.41,41311.53,3057.37,2264800,199,281,2252,5,1003.01,Weekly,Wallet Balance,12,5.93,3,233982,Remaja (<25)
cust_2576,64,Urban,Middle,293,14021.81,46703.02,5913.31,4108390,235,70,4252,11,4833.21,Daily,UPI,14,21.95,5,423026,Dewasa (45-65)
cust_2577,28,Suburban,High,992,8629.38,12170.4,3237.34,8560341,44,301,4926,27,4937.02,Weekly,Debit Card,15,30.01,5,871117,Dewasa Muda (25-45)
cust_2578,19,Rural,High,429,7861.26,30873.34,1649.13,3372478,76,68,298,48,3484.02,Daily,Credit Card,15,43.75,1,341901,Remaja (<25)
cust_2579,41,Urban,High,86,19814.28,23216.54,3194.51,1704027,141,282,18,28,2510.0,Monthly,Wallet Balance,16,71.11,8,179983,Dewasa Muda (25-45)
cust_2580,40,Urban,High,16,12250.87,48626.03,4322.01,196013,182,282,1522,36,3977.09,Monthly,UPI,16,10.19,7,31256,Dewasa Muda (25-45)
cust_2581,45,Rural,High,728,7354.15,33234.07,2970.37,5353820,119,154,2185,37,4366.01,Daily,Wallet Balance,6,27.47,8,549269,Dewasa Muda (25-45)
cust_2582,26,Rural,High,628,5163.81,13947.46,810.35,3242873,40,224,699,2,3547.96,Weekly,Credit Card,8,49.36,3,327111,Dewasa Muda (25-45)
cust_2583,22,Urban,Middle,118,804.93,2136.65,136.78,94981,260,348,4138,32,510.22,Daily,UPI,3,27.54,7,27719,Remaja (<25)
cust_2584,46,Rural,Middle,270,14134.26,31333.47,1481.66,3816250,244,189,624,49,14.94,Daily,Wallet Balance,14,18.1,7,394765,Dewasa (45-65)
cust_2585,59,Suburban,Low,395,7449.43,33580.18,2329.43,2942523,129,41,2416,45,959.51,Daily,Debit Card,10,58.86,2,305104,Dewasa (45-65)
cust_2586,25,Suburban,High,979,16426.87,52420.42,5205.95,16081906,6,173,4074,11,942.66,Weekly,Wallet Balance,5,14.3,3,1619967,Remaja (<25)
cust_2587,54,Urban,Middle,855,7283.73,24160.42,2185.34,6227589,311,238,1152,11,912.59,Daily,Debit Card,0,24.89,6,631706,Dewasa (45-65)
cust_2588,28,Suburban,High,162,7472.85,27252.21,1691.88,1210601,66,270,1298,10,2548.86,Daily,Debit Card,0,18.07,4,127381,Dewasa Muda (25-45)
cust_2589,46,Suburban,High,700,15585.83,34303.22,4225.7,10910079,219,165,375,27,2600.42,Monthly,Debit Card,4,69.2,4,1097157,Dewasa (45-65)
cust_2590,22,Urban,Middle,104,9794.44,26750.03,3981.39,1018621,146,130,3992,50,3615.11,Weekly,Wallet Balance,3,60.37,1,114038,Remaja (<25)
cust_2591,64,Rural,High,653,17699.05,70201.91,3056.96,11557477,234,5,1382,34,1007.34,Monthly,Debit Card,13,33.73,8,1169408,Dewasa (45-65)
cust_2592,57,Urban,Middle,167,11806.81,58348.66,2132.54,1971737,29,358,851,33,463.3,Monthly,UPI,9,60.65,2,203944,Dewasa (45-65)
cust_2593,57,Suburban,Middle,300,4820.49,5481.97,1768.11,1446146,309,130,1307,21,3330.46,Daily,Debit Card,0,49.47,6,153663,Dewasa (45-65)
cust_2594,51,Urban,Low,28,11369.75,13309.37,5079.56,318353,161,176,3178,38,2419.99,Daily,UPI,20,26.34,10,50781,Dewasa (45-65)
cust_2595,35,Urban,Low,424,89.99,244.09,21.25,38157,131,22,482,22,3331.6,Daily,UPI,11,15.86,10,15313,Dewasa Muda (25-45)
cust_2596,19,Suburban,Low,784,6254.82,22758.1,2959.14,4903781,148,41,1047,11,1903.7,Monthly,UPI,16,26.6,1,493620,Remaja (<25)
cust_2597,69,Suburban,Low,562,4166.97,10606.84,512.83,2341835,82,153,918,18,3753.98,Weekly,UPI,2,37.79,1,236942,Senior (>65)
cust_2598,22,Urban,High,883,13087.22,65417.16,1929.16,11556011,361,46,2528,30,3413.0,Weekly,Wallet Balance,9,15.2,10,1171950,Remaja (<25)
cust_2599,69,Suburban,High,156,2729.41,4862.27,775.11,425788,342,350,4083,12,3251.71,Monthly,UPI,0,20.42,2,52318,Senior (>65)
cust_2600,16,Suburban,Low,324,5809.05,5993.21,2262.01,1882131,83,9,2365,18,137.85,Monthly,UPI,18,46.92,6,200674,Remaja (<25)
cust_2601,59,Suburban,Middle,348,6632.86,11677.26,1647.17,2308234,73,101,2190,35,4290.62,Weekly,Debit Card,17,52.43,4,240558,Dewasa (45-65)
cust_2602,60,Suburban,Middle,121,75.83,344.83,24.41,9175,355,47,4611,21,1883.04,Daily,Debit Card,12,33.38,8,19298,Dewasa (45-65)
cust_2603,57,Suburban,Middle,956,944.86,1493.45,105.28,903289,214,330,2047,43,678.08,Weekly,Debit Card,19,69.84,7,105383,Dewasa (45-65)
cust_2604,62,Suburban,Middle,652,6229.41,18164.33,1773.72,4061576,26,207,1734,29,3777.94,Monthly,UPI,16,22.66,4,414636,Dewasa (45-65)
cust_2605,28,Rural,High,528,4454.91,11926.25,877.75,2352190,290,241,1536,3,2432.37,Daily,UPI,3,65.73,4,241374,Dewasa Muda (25-45)
cust_2606,37,Urban,Middle,821,2346.97,8596.7,719.46,1926858,71,3,2372,12,160.03,Daily,UPI,8,20.47,5,203549,Dewasa Muda (25-45)
cust_2607,69,Suburban,Middle,950,3091.69,3766.86,959.45,2937106,350,264,1549,19,3909.36,Weekly,UPI,9,53.23,7,303754,Senior (>65)
cust_2608,36,Urban,Low,561,16712.38,60749.53,6706.07,9375647,177,36,1245,38,2175.19,Daily,Credit Card,9,71.89,10,952767,Dewasa Muda (25-45)
cust_2609,37,Rural,Middle,164,13669.56,33066.75,4318.71,2241807,89,299,2533,5,3774.63,Monthly,Credit Card,14,60.18,9,236859,Dewasa Muda (25-45)
cust_2610,43,Suburban,High,62,9687.51,45571.58,3349.05,600625,177,243,1814,43,3777.96,Weekly,Debit Card,4,34.74,5,71101,Dewasa Muda (25-45)
cust_2611,24,Urban,Middle,340,18178.41,79904.08,5669.09,6180658,27,238,3526,11,499.68,Monthly,Wallet Balance,17,9.85,3,628967,Remaja (<25)
cust_2612,41,Suburban,Middle,666,600.76,1560.79,298.07,400106,289,319,1131,15,3066.13,Monthly,Debit Card,10,69.6,9,51239,Dewasa Muda (25-45)
cust_2613,24,Suburban,High,312,6905.25,34329.91,2877.06,2154437,328,219,4465,44,1800.69,Monthly,UPI,12,52.17,1,228873,Remaja (<25)
cust_2614,30,Suburban,Low,376,16469.44,19891.38,6624.96,6192509,305,201,2959,16,2732.01,Weekly,UPI,16,60.5,2,627402,Dewasa Muda (25-45)
cust_2615,25,Suburban,High,346,12569.5,52220.34,4410.68,4349045,63,27,4488,7,442.73,Monthly,Debit Card,17,41.67,4,448359,Remaja (<25)
cust_2616,39,Suburban,Low,150,19633.93,53705.6,6112.99,2945089,19,89,4214,32,2940.92,Monthly,Debit Card,15,34.96,6,310666,Dewasa Muda (25-45)
cust_2617,57,Suburban,Middle,888,18890.85,51632.87,4494.19,16775077,278,269,1773,43,3887.7,Daily,Wallet Balance,17,6.57,3,1686409,Dewasa (45-65)
cust_2618,23,Suburban,Low,585,3407.15,5725.84,1409.15,1993182,346,307,4449,38,4934.07,Daily,Debit Card,4,5.4,10,219549,Remaja (<25)
cust_2619,39,Rural,Low,581,19440.02,59477.12,3418.4,11294651,67,324,765,11,1601.4,Monthly,Wallet Balance,7,42.33,3,1134294,Dewasa Muda (25-45)
cust_2620,31,Rural,Low,977,18911.24,25319.77,2167.6,18476281,238,124,3004,25,775.62,Daily,UPI,13,14.4,9,1864748,Dewasa Muda (25-45)
cust_2621,64,Suburban,Middle,177,7478.48,25922.73,2836.36,1323691,137,281,1580,18,1829.51,Weekly,Wallet Balance,19,48.92,3,139414,Dewasa (45-65)
cust_2622,41,Suburban,Low,354,19657.78,38654.3,3104.76,6958853,163,255,1661,12,96.51,Daily,Debit Card,12,68.96,5,705359,Dewasa Muda (25-45)
cust_2623,42,Rural,Low,514,726.52,2833.03,335.31,373433,327,359,1670,9,2043.87,Weekly,UPI,8,26.27,3,43561,Dewasa Muda (25-45)
cust_2624,52,Rural,Middle,309,13218.4,45331.8,5396.71,4084486,335,2,1087,33,4572.95,Weekly,Wallet Balance,0,53.32,1,412636,Dewasa (45-65)
cust_2625,19,Rural,High,119,5330.29,21244.53,1817.09,634305,293,329,3947,30,971.76,Daily,Credit Card,17,65.7,5,78838,Remaja (<25)
cust_2626,65,Suburban,High,519,2597.97,10389.19,586.02,1348345,28,123,3489,26,2388.6,Daily,UPI,6,60.9,5,148218,Dewasa (45-65)
cust_2627,39,Urban,High,767,11554.92,20646.75,4104.04,8862626,256,236,4377,2,2863.09,Weekly,Debit Card,8,6.96,3,896785,Dewasa Muda (25-45)
cust_2628,34,Urban,Middle,996,6133.94,6150.5,1783.4,6109406,291,77,2600,43,899.54,Monthly,Wallet Balance,6,49.09,9,628990,Dewasa Muda (25-45)
cust_2629,51,Urban,Middle,973,13339.84,32856.62,2887.53,12979662,112,78,2489,4,1650.53,Monthly,Credit Card,7,22.48,10,1312519,Dewasa (45-65)
cust_2630,54,Urban,High,916,10804.22,50523.53,5164.76,9896666,240,332,3381,4,4556.79,Monthly,Debit Card,17,65.1,4,998550,Dewasa (45-65)
cust_2631,25,Suburban,Low,478,7857.86,26022.08,1294.63,3756058,243,163,1436,36,1478.64,Monthly,Credit Card,20,13.12,3,384338,Remaja (<25)
cust_2632,40,Urban,High,414,3644.63,14250.51,1462.78,1508874,153,150,815,6,3176.82,Daily,UPI,9,16.79,5,156529,Dewasa Muda (25-45)
cust_2633,33,Rural,Middle,587,12028.99,54350.37,5052.36,7061017,265,48,231,39,684.76,Daily,Wallet Balance,16,35.93,7,717121,Dewasa Muda (25-45)
cust_2634,34,Rural,Low,351,16586.32,76699.01,7973.34,5821798,52,114,1484,50,3349.33,Weekly,Debit Card,18,24.47,2,590473,Dewasa Muda (25-45)
cust_2635,51,Urban,Low,506,12004.09,37405.95,3838.51,6074069,265,64,3655,47,1395.72,Weekly,Debit Card,0,26.52,5,623719,Dewasa (45-65)
cust_2636,25,Rural,Middle,195,12214.35,38643.36,3834.69,2381797,54,150,1478,41,1156.31,Monthly,Debit Card,1,31.14,3,247657,Remaja (<25)
cust_2637,48,Suburban,Low,187,10241.63,45101.63,4794.27,1915184,133,73,4484,12,620.83,Weekly,Credit Card,13,11.21,9,210376,Dewasa (45-65)
cust_2638,65,Urban,High,450,7770.92,32870.54,3267.18,3496913,191,47,1331,33,234.12,Daily,Wallet Balance,3,7.81,8,363536,Dewasa (45-65)
cust_2639,20,Urban,Middle,496,9154.59,34745.63,3711.77,4540674,124,296,1280,35,4839.3,Monthly,Wallet Balance,16,14.7,9,466707,Remaja (<25)
cust_2640,62,Suburban,Middle,515,19790.94,67642.61,8226.2,10192333,218,362,2421,33,2069.52,Monthly,UPI,16,38.92,6,1032340,Dewasa (45-65)
cust_2641,64,Rural,Middle,696,14995.87,52018.59,4457.86,10437127,365,181,3623,2,3888.08,Monthly,Wallet Balance,7,29.49,4,1053214,Dewasa (45-65)
cust_2642,50,Suburban,Middle,847,8616.88,21125.54,1004.45,7298500,322,259,2239,9,4600.45,Weekly,Debit Card,0,48.14,9,741927,Dewasa (45-65)
cust_2643,59,Suburban,Low,273,9151.36,39933.5,1640.89,2498319,301,95,3594,42,1020.1,Monthly,Credit Card,16,50.21,4,264709,Dewasa (45-65)
cust_2644,49,Rural,Middle,880,9997.64,34703.01,3571.13,8797926,71,101,1405,34,4349.24,Daily,Credit Card,7,45.76,4,887828,Dewasa (45-65)
cust_2645,48,Suburban,Middle,52,13189.69,24982.75,3409.09,685863,214,83,1887,36,3540.12,Monthly,Wallet Balance,12,17.13,2,76190,Dewasa (45-65)
cust_2646,36,Rural,Low,263,9324.51,18270.18,3195.58,2452344,362,82,2182,5,2889.89,Weekly,Debit Card,1,45.19,1,249653,Dewasa Muda (25-45)
cust_2647,32,Rural,Middle,368,13726.72,61034.66,4401.76,5051433,33,121,178,20,4045.39,Weekly,UPI,16,40.97,10,515476,Dewasa Muda (25-45)
cust_2648,37,Suburban,Low,133,6590.46,23085.28,1815.44,876531,336,3,550,44,553.32,Monthly,Wallet Balance,6,46.27,4,96876,Dewasa Muda (25-45)
cust_2649,63,Rural,Low,994,8218.69,21325.98,1593.53,8169374,171,13,4651,4,1318.0,Monthly,Credit Card,15,18.69,6,831980,Dewasa (45-65)
cust_2650,52,Suburban,Middle,225,17282.42,30216.64,6698.39,3888544,344,164,4074,2,655.25,Weekly,Credit Card,16,71.18,4,400874,Dewasa (45-65)
cust_2651,30,Rural,High,310,6584.82,22657.48,3052.84,2041295,350,105,4904,19,4479.85,Daily,Debit Card,3,71.1,4,217597,Dewasa Muda (25-45)
cust_2652,50,Urban,Middle,573,19289.09,33509.81,7869.67,11052648,301,345,3366,29,493.99,Daily,Wallet Balance,9,63.39,2,1116649,Dewasa (45-65)
cust_2653,43,Rural,High,877,3458.37,9962.43,511.89,3032993,291,348,4252,11,4899.75,Monthly,Debit Card,8,17.91,3,313453,Dewasa Muda (25-45)
cust_2654,22,Rural,Low,16,4841.18,17960.98,1525.84,77458,237,166,200,34,549.46,Monthly,Debit Card,9,54.44,3,14271,Remaja (<25)
cust_2655,47,Suburban,High,741,9278.96,30264.82,4028.43,6875708,337,75,3895,31,3309.1,Monthly,Wallet Balance,18,9.91,7,703806,Dewasa (45-65)
cust_2656,26,Rural,Middle,195,15950.2,74780.91,5365.53,3110289,102,60,1346,18,3302.47,Weekly,Debit Card,5,66.1,4,317869,Dewasa Muda (25-45)
cust_2657,25,Urban,Middle,763,14634.19,16959.34,4036.52,11165889,10,233,4440,14,4656.23,Weekly,Credit Card,11,16.91,3,1127540,Remaja (<25)
cust_2658,24,Urban,High,443,3497.58,7411.99,747.85,1549426,41,73,2463,9,1615.66,Monthly,Credit Card,10,32.31,5,164960,Remaja (<25)
cust_2659,29,Rural,Middle,303,4741.33,5823.99,1100.73,1436624,126,278,2144,25,1660.06,Weekly,Wallet Balance,14,46.7,4,153620,Dewasa Muda (25-45)
cust_2660,28,Rural,High,48,11509.51,20468.7,2265.79,552456,273,149,620,5,4231.47,Weekly,Credit Card,19,27.01,1,55869,Dewasa Muda (25-45)
cust_2661,40,Urban,Low,747,5910.34,8841.48,1053.76,4415026,327,123,1777,47,4892.88,Daily,Wallet Balance,13,17.94,6,453310,Dewasa Muda (25-45)
cust_2662,17,Suburban,High,121,8452.28,33222.94,2836.13,1022726,11,289,3880,46,150.69,Weekly,Wallet Balance,11,57.29,5,119557,Remaja (<25)
cust_2663,50,Urban,High,499,9737.02,24123.5,2957.66,4858771,319,4,4974,25,3176.58,Monthly,Credit Card,18,58.69,7,503736,Dewasa (45-65)
cust_2664,22,Urban,High,832,11888.98,55880.3,4683.46,9891629,195,237,1132,1,1218.2,Daily,Credit Card,20,34.88,8,998917,Remaja (<25)
cust_2665,36,Rural,High,562,5028.52,5498.74,1122.22,2826025,20,208,954,48,3639.81,Weekly,Debit Card,11,22.22,3,290490,Dewasa Muda (25-45)
cust_2666,33,Rural,Low,469,3271.17,11814.48,930.09,1534179,273,172,131,47,3863.6,Daily,Credit Card,6,51.37,4,160448,Dewasa Muda (25-45)
cust_2667,18,Urban,Low,41,7977.28,38946.52,2968.73,327068,235,207,604,31,3812.63,Weekly,UPI,4,64.9,5,40108,Remaja (<25)
cust_2668,57,Suburban,Low,456,1649.7,2810.03,800.59,752265,227,150,4661,2,2177.56,Weekly,Wallet Balance,14,58.07,8,91659,Dewasa (45-65)
cust_2669,69,Urban,High,534,10540.04,29193.04,2524.85,5628379,227,224,1400,18,789.01,Daily,Wallet Balance,15,40.85,10,577043,Senior (>65)
cust_2670,54,Urban,Low,371,16793.71,63943.04,3682.58,6230465,354,59,3266,35,2923.82,Weekly,Wallet Balance,10,5.24,7,638616,Dewasa (45-65)
cust_2671,56,Suburban,Middle,182,2388.32,8436.88,668.05,434674,341,293,4353,19,3945.19,Monthly,Wallet Balance,19,66.26,7,59100,Dewasa (45-65)
cust_2672,64,Urban,Low,517,2263.48,7388.26,881.74,1170220,272,151,4075,29,4560.97,Weekly,Debit Card,16,65.51,5,130791,Dewasa (45-65)
cust_2673,26,Urban,High,657,1613.55,3722.51,781.96,1060104,279,161,3939,36,2263.22,Daily,Wallet Balance,5,19.19,4,120356,Dewasa Muda (25-45)
cust_2674,54,Rural,Middle,869,16958.75,66356.18,5335.47,14737151,124,113,2893,44,1228.38,Daily,Debit Card,19,49.75,1,1484286,Dewasa (45-65)
cust_2675,39,Suburban,High,590,1623.29,5864.98,689.86,957741,195,232,2548,19,594.11,Weekly,Debit Card,5,27.53,6,108473,Dewasa Muda (25-45)
cust_2676,61,Rural,Middle,231,19669.41,32478.15,5620.73,4543632,71,186,3883,33,3988.01,Monthly,UPI,11,16.62,9,472435,Dewasa (45-65)
cust_2677,34,Rural,High,809,7173.04,34834.9,831.66,5802991,232,239,1885,43,2676.49,Weekly,Credit Card,19,1.76,2,589030,Dewasa Muda (25-45)
cust_2678,19,Suburban,High,348,6581.96,21211.61,3012.46,2290520,173,247,338,16,3370.92,Weekly,Credit Card,7,26.92,1,230642,Remaja (<25)
cust_2679,41,Suburban,Middle,479,1841.72,5712.73,397.72,882183,203,140,2066,41,796.2,Weekly,Debit Card,19,15.98,10,106052,Dewasa Muda (25-45)
cust_2680,53,Urban,Low,209,11716.97,51472.02,1821.59,2448846,33,112,910,22,32.89,Weekly,UPI,4,2.68,5,253888,Dewasa (45-65)
cust_2681,57,Rural,Middle,675,11721.79,41748.94,5842.9,7912205,211,195,3996,40,4837.91,Monthly,Wallet Balance,20,38.39,4,804793,Dewasa (45-65)
cust_2682,47,Suburban,Middle,680,9881.18,12824.95,2361.2,6719201,301,125,4818,8,4054.44,Weekly,Wallet Balance,10,17.51,4,684328,Dewasa (45-65)
cust_2683,54,Rural,Middle,278,6227.29,18846.01,962.83,1731187,182,356,853,26,2000.13,Monthly,Debit Card,1,42.8,1,177424,Dewasa (45-65)
cust_2684,60,Rural,Middle,749,7377.93,30414.68,1657.21,5526071,241,239,4270,16,2285.74,Weekly,Credit Card,7,30.7,1,562604,Dewasa (45-65)
cust_2685,61,Suburban,Middle,688,6416.86,24383.57,1960.58,4414801,51,1,4086,40,4645.33,Monthly,Debit Card,7,25.23,1,452329,Dewasa (45-65)
cust_2686,51,Urban,High,53,8528.67,41646.12,1152.93,452019,343,121,4614,45,1038.25,Weekly,UPI,7,27.69,8,66410,Dewasa (45-65)
cust_2687,55,Rural,High,861,6842.34,7524.29,1649.34,5891258,29,89,896,16,4014.14,Daily,Credit Card,16,41.75,1,591510,Dewasa (45-65)
cust_2688,52,Suburban,Low,10,13513.59,27633.62,4966.82,135135,6,20,232,48,89.65,Weekly,Wallet Balance,6,60.21,5,23732,Dewasa (45-65)
cust_2689,48,Urban,Low,658,5922.77,18932.88,2762.22,3897183,133,273,2758,1,4378.56,Weekly,Wallet Balance,2,48.52,10,403145,Dewasa (45-65)
cust_2690,51,Rural,Middle,739,7023.26,24426.6,1818.85,5190186,96,177,4629,14,2946.42,Daily,Debit Card,0,8.85,6,534203,Dewasa (45-65)
cust_2691,18,Suburban,Low,748,8714.84,18278.72,2839.52,6518702,346,114,824,10,2387.89,Daily,UPI,4,41.26,7,660324,Remaja (<25)
cust_2692,24,Rural,Low,464,89.2,384.19,31.61,41387,82,282,124,36,3532.29,Weekly,UPI,15,55.59,5,11220,Remaja (<25)
cust_2693,23,Suburban,Middle,754,9846.73,16319.88,1263.35,7424434,277,27,3656,40,338.26,Monthly,UPI,3,23.09,9,762586,Remaja (<25)
cust_2694,48,Suburban,High,817,5123.84,5141.24,1213.79,4186175,315,188,697,8,977.72,Daily,UPI,14,45.59,1,421322,Dewasa (45-65)
cust_2695,21,Rural,High,583,1132.45,5446.58,423.2,660216,217,87,1061,13,2034.93,Daily,Credit Card,16,1.03,7,75426,Remaja (<25)
cust_2696,56,Rural,Low,158,18221.32,46760.04,7184.02,2878967,280,80,247,7,3089.33,Daily,UPI,16,67.72,6,293546,Dewasa (45-65)
cust_2697,54,Suburban,High,19,6455.15,31178.11,1564.6,122647,131,180,4095,42,722.74,Daily,Debit Card,12,20.01,9,33293,Dewasa (45-65)
cust_2698,19,Urban,High,55,8527.44,18007.63,875.72,469009,86,55,2006,11,1897.46,Daily,UPI,10,65.33,6,57064,Remaja (<25)
cust_2699,28,Rural,Low,956,16548.59,20748.53,1700.31,15820451,328,247,1919,6,1304.46,Daily,Wallet Balance,15,16.38,2,1587830,Dewasa Muda (25-45)
cust_2700,64,Suburban,Middle,727,3344.11,13677.68,1054.22,2431169,313,317,1611,2,3227.85,Weekly,Credit Card,3,64.63,9,253924,Dewasa (45-65)
cust_2701,17,Suburban,Low,968,17007.67,73869.05,5452.56,16463427,93,233,140,25,4596.39,Weekly,Credit Card,14,40.38,4,1650824,Remaja (<25)
cust_2702,20,Urban,Low,721,4840.34,14367.82,1559.98,3489887,71,270,4192,2,829.9,Daily,Debit Card,11,13.96,9,366157,Remaja (<25)
cust_2703,59,Urban,Low,21,11784.87,15266.13,4580.79,247482,326,109,3663,45,946.31,Monthly,Wallet Balance,13,23.66,3,39101,Dewasa (45-65)
cust_2704,42,Urban,Middle,282,13716.71,49606.98,6426.39,3868112,326,238,3327,3,3002.64,Monthly,Debit Card,12,59.93,3,395263,Dewasa Muda (25-45)
cust_2705,47,Rural,Middle,761,18101.23,31289.35,8979.44,13775035,332,307,1377,31,2267.81,Monthly,Debit Card,8,68.65,5,1387223,Dewasa (45-65)
cust_2706,36,Suburban,Middle,540,12156.68,53459.33,4624.73,6564609,191,155,4040,45,3590.52,Weekly,Debit Card,14,63.23,8,675245,Dewasa Muda (25-45)
cust_2707,23,Suburban,Middle,935,9070.1,19011.78,2771.82,8480546,214,168,2863,13,1439.43,Weekly,UPI,15,62.88,9,863360,Remaja (<25)
cust_2708,53,Suburban,Low,417,11449.66,50273.48,1790.7,4774510,47,68,1550,2,2724.1,Weekly,UPI,9,1.31,4,483388,Dewasa (45-65)
cust_2709,23,Urban,High,808,4049.63,10965.17,1027.27,3272099,218,265,2017,12,1934.14,Weekly,UPI,4,32.84,8,339476,Remaja (<25)
cust_2710,65,Suburban,Low,723,13784.6,46673.97,4534.89,9966262,89,235,807,7,1406.32,Daily,Debit Card,10,60.43,10,1008237,Dewasa (45-65)
cust_2711,18,Rural,Middle,285,3745.75,15575.75,1872.59,1067537,275,39,2845,37,3646.48,Daily,Debit Card,5,3.5,5,119320,Remaja (<25)
cust_2712,69,Urban,High,532,11149.38,12952.87,1681.24,5931470,227,143,3439,1,3979.47,Monthly,Debit Card,10,50.28,9,607135,Senior (>65)
cust_2713,59,Urban,Low,532,12955.6,55510.38,5405.47,6892377,217,345,4630,37,1644.76,Monthly,UPI,1,36.58,3,704375,Dewasa (45-65)
cust_2714,18,Urban,High,511,17972.68,27940.18,8978.72,9184038,240,18,2312,45,3114.86,Daily,UPI,18,57.12,8,933970,Remaja (<25)
cust_2715,37,Urban,Middle,842,9009.29,21925.68,3802.97,7585826,301,52,671,30,892.96,Monthly,Debit Card,14,19.52,5,767478,Dewasa Muda (25-45)
cust_2716,21,Rural,High,396,15508.91,44838.19,6309.92,6141528,341,222,304,38,3954.84,Weekly,Debit Card,11,63.64,8,624583,Remaja (<25)
cust_2717,17,Suburban,High,120,3358.93,15389.65,683.45,403072,170,293,2476,26,1406.25,Monthly,UPI,6,22.07,10,57156,Remaja (<25)
cust_2718,38,Rural,Middle,97,3132.37,3413.54,317.45,303839,365,80,4879,16,854.77,Weekly,Debit Card,5,68.53,1,42314,Dewasa Muda (25-45)
cust_2719,59,Suburban,High,120,10500.71,33988.82,1999.28,1260085,232,181,1311,34,4699.81,Monthly,UPI,10,46.47,9,138680,Dewasa (45-65)
cust_2720,17,Rural,Low,537,11930.85,42594.22,4962.28,6406867,108,140,2840,45,2112.42,Weekly,UPI,3,14.99,5,654810,Remaja (<25)
cust_2721,53,Urban,High,153,12650.5,28670.19,1807.91,1935526,328,209,3933,23,3217.5,Monthly,Debit Card,13,56.09,3,205109,Dewasa (45-65)
cust_2722,32,Urban,Low,245,14916.02,32247.65,3258.37,3654425,233,335,4132,0,4046.07,Weekly,Debit Card,9,38.97,2,373683,Dewasa Muda (25-45)
cust_2723,50,Rural,High,772,5905.68,17491.9,1919.36,4559185,170,281,4396,28,3430.71,Daily,Debit Card,14,29.96,3,468795,Dewasa (45-65)
cust_2724,49,Rural,High,516,12455.93,21777.97,4134.42,6427259,135,122,135,25,2823.3,Daily,Wallet Balance,3,34.52,1,645084,Dewasa (45-65)
cust_2725,38,Suburban,Middle,393,3770.9,10831.82,1196.11,1481964,131,211,3312,43,1858.07,Weekly,Wallet Balance,12,29.35,6,164191,Dewasa Muda (25-45)
cust_2726,45,Rural,Middle,143,4387.76,17814.77,2160.33,627450,37,344,4270,34,4592.62,Daily,Wallet Balance,7,51.23,7,79388,Dewasa Muda (25-45)
cust_2727,67,Rural,Low,504,1355.5,5939.25,142.21,683174,259,135,2851,50,667.71,Monthly,Credit Card,7,19.38,10,88685,Senior (>65)
cust_2728,23,Suburban,Middle,794,14942.54,37963.7,4408.64,11864378,124,177,3032,43,4419.6,Daily,Credit Card,12,37.36,7,1201592,Remaja (<25)
cust_2729,37,Suburban,Middle,847,10144.79,35194.37,3061.38,8592636,263,39,2406,23,3549.24,Weekly,Wallet Balance,10,54.64,2,866601,Dewasa Muda (25-45)
cust_2730,59,Suburban,Middle,858,4771.33,4771.72,1036.95,4093803,353,75,3977,45,2857.05,Daily,Debit Card,4,11.2,3,423405,Dewasa (45-65)
cust_2731,51,Rural,Middle,220,11129.19,35629.11,3450.37,2448422,217,353,2304,32,1623.74,Monthly,Wallet Balance,17,21.72,4,255838,Dewasa (45-65)
cust_2732,20,Suburban,Middle,839,7091.26,34753.88,2618.89,5949568,170,49,3065,25,730.22,Weekly,Credit Card,17,16.16,10,613221,Remaja (<25)
cust_2733,28,Urban,Low,160,16745.83,37662.37,6180.92,2679332,98,217,1241,36,2215.8,Daily,UPI,1,41.61,7,279907,Dewasa Muda (25-45)
cust_2734,44,Urban,Low,76,10567.68,35709.28,1428.15,803143,358,246,3167,38,3918.8,Daily,Wallet Balance,14,30.26,10,98488,Dewasa Muda (25-45)
cust_2735,46,Urban,Middle,611,605.92,2453.44,255.08,370214,186,231,3670,50,3726.55,Daily,UPI,4,24.0,8,55498,Dewasa (45-65)
cust_2736,62,Rural,Middle,692,19702.05,67690.98,9304.96,13633821,213,255,130,25,3227.21,Monthly,UPI,19,26.4,9,1373528,Dewasa (45-65)
cust_2737,31,Urban,Low,639,1495.23,3998.24,223.45,955450,358,203,626,37,4962.5,Daily,Wallet Balance,3,34.34,6,104015,Dewasa Muda (25-45)
cust_2738,57,Rural,High,32,13922.2,22418.96,3712.44,445510,312,144,287,49,4863.17,Monthly,UPI,7,30.71,7,54593,Dewasa (45-65)
cust_2739,45,Rural,Low,777,8750.74,24981.67,2666.35,6799328,232,352,2707,37,2000.02,Weekly,UPI,17,51.15,8,696046,Dewasa Muda (25-45)
cust_2740,31,Urban,High,334,4993.86,10882.31,768.7,1667950,167,296,2103,10,962.67,Monthly,Wallet Balance,20,50.18,7,178519,Dewasa Muda (25-45)
cust_2741,27,Suburban,Middle,525,13532.4,51202.29,4078.04,7104510,306,7,2047,28,2319.19,Daily,Wallet Balance,14,2.89,7,723185,Dewasa Muda (25-45)
cust_2742,32,Rural,Middle,440,2526.69,6992.99,461.74,1111742,161,101,2381,28,4222.88,Weekly,UPI,11,51.38,9,125624,Dewasa Muda (25-45)
cust_2743,31,Urban,Low,892,17166.35,75523.69,8139.33,15312385,284,296,1634,2,2292.82,Daily,UPI,6,16.76,10,1543560,Dewasa Muda (25-45)
cust_2744,27,Rural,Middle,940,5019.73,8901.44,1402.45,4718549,184,326,1595,8,1679.91,Daily,UPI,15,30.81,6,481005,Dewasa Muda (25-45)
cust_2745,23,Suburban,High,993,7235.46,19325.05,3602.97,7184810,25,228,3255,34,3706.16,Monthly,Credit Card,7,16.79,1,727537,Remaja (<25)
cust_2746,35,Suburban,High,352,12656.55,40880.9,1501.12,4455104,142,103,686,5,3250.69,Daily,Credit Card,13,9.45,3,448757,Dewasa Muda (25-45)
cust_2747,18,Urban,Low,339,30.58,45.99,4.62,10365,183,92,2711,8,4843.49,Monthly,Debit Card,18,42.46,5,9836,Remaja (<25)
cust_2748,31,Rural,High,926,9460.24,31707.34,2623.18,8760186,84,278,4904,7,2746.3,Weekly,Wallet Balance,17,68.49,9,894153,Dewasa Muda (25-45)
cust_2749,45,Rural,Low,400,17886.04,38699.76,8044.13,7154414,231,357,4099,26,4837.36,Weekly,UPI,7,27.41,1,724820,Dewasa Muda (25-45)
cust_2750,60,Rural,Low,396,13611.51,26108.9,4384.14,5390157,223,187,1611,33,1454.68,Weekly,UPI,15,49.16,2,546810,Dewasa (45-65)
cust_2751,38,Rural,High,202,7764.13,12171.38,3050.82,1568353,158,146,2482,50,4324.12,Daily,UPI,8,33.17,3,167637,Dewasa Muda (25-45)
cust_2752,43,Urban,High,962,13211.88,31702.28,3559.62,12709832,318,267,4877,23,1754.63,Monthly,Credit Card,0,13.87,4,1286159,Dewasa Muda (25-45)
cust_2753,66,Suburban,High,530,18732.02,88338.9,2176.75,9927972,185,119,4062,47,4048.38,Daily,Wallet Balance,7,66.39,6,1009597,Senior (>65)
cust_2754,55,Urban,High,909,3764.23,4231.08,1351.83,3421683,183,264,994,4,4629.93,Daily,Debit Card,6,32.92,7,349241,Dewasa (45-65)
cust_2755,69,Rural,High,93,10640.84,46911.48,3762.61,989598,85,276,1401,9,3115.96,Monthly,Credit Card,7,1.6,7,108103,Senior (>65)
cust_2756,20,Rural,High,792,4702.4,12176.61,604.59,3724304,65,203,1553,19,3642.75,Daily,Wallet Balance,12,33.42,2,377615,Remaja (<25)
cust_2757,35,Suburban,High,358,17085.95,55467.94,2876.46,6116770,52,59,2875,21,4793.2,Weekly,UPI,2,1.42,3,620130,Dewasa Muda (25-45)
cust_2758,55,Rural,Middle,396,14423.79,44010.59,4189.57,5711822,3,347,3227,11,1875.78,Monthly,Wallet Balance,1,57.37,1,578798,Dewasa (45-65)
cust_2759,59,Urban,Low,828,16023.51,75357.93,4465.03,13267464,77,153,3570,43,2557.92,Weekly,Credit Card,12,27.12,1,1337907,Dewasa (45-65)
cust_2760,16,Urban,Low,60,18860.81,76961.84,7562.56,1131648,135,186,659,28,4491.46,Daily,Credit Card,3,44.64,6,121037,Remaja (<25)
cust_2761,45,Suburban,High,477,4653.85,22986.75,1186.57,2219887,326,115,964,30,3364.08,Daily,Credit Card,1,55.44,4,229234,Dewasa Muda (25-45)
cust_2762,36,Urban,Low,726,983.9,4110.44,359.44,714308,70,275,2074,5,4367.96,Weekly,Credit Card,6,2.97,10,83894,Dewasa Muda (25-45)
cust_2763,35,Urban,High,612,5825.17,12719.56,2223.87,3565001,162,362,987,45,3091.27,Daily,UPI,8,37.78,4,365428,Dewasa Muda (25-45)
cust_2764,21,Urban,Middle,1,7988.79,38757.92,2860.0,7988,96,236,612,6,3698.66,Daily,UPI,18,46.3,9,9773,Remaja (<25)
cust_2765,37,Urban,Low,555,12506.94,61712.56,4232.98,6941354,16,66,2130,32,65.31,Monthly,Credit Card,8,34.45,8,709562,Dewasa Muda (25-45)
cust_2766,33,Rural,Low,311,15956.11,23812.5,6737.84,4962351,230,263,3214,45,1698.37,Monthly,UPI,10,22.75,3,509313,Dewasa Muda (25-45)
cust_2767,23,Urban,Middle,168,7002.57,32241.06,2540.83,1176431,267,51,1276,14,3852.1,Weekly,Credit Card,12,33.89,3,122669,Remaja (<25)
cust_2768,54,Suburban,Middle,192,9475.2,34649.01,4109.15,1819239,306,351,2144,12,2020.04,Daily,Debit Card,7,28.92,8,194401,Dewasa (45-65)
cust_2769,47,Suburban,Middle,34,15711.49,73655.08,5572.46,534190,343,331,4966,23,1814.23,Weekly,Wallet Balance,13,44.42,2,66743,Dewasa (45-65)
cust_2770,48,Urban,Low,34,4514.32,21050.08,738.49,153486,6,232,3506,29,4757.76,Daily,Debit Card,18,34.31,10,32881,Dewasa (45-65)
cust_2771,68,Suburban,Low,688,4350.47,19862.02,973.54,2993121,110,360,228,32,2762.74,Monthly,UPI,4,10.24,5,306586,Senior (>65)
cust_2772,31,Urban,Middle,417,11788.77,53534.0,2736.67,4915916,143,13,1018,19,962.46,Monthly,UPI,15,6.96,6,501046,Dewasa Muda (25-45)
cust_2773,27,Suburban,Middle,708,8726.78,12833.47,1200.51,6178557,155,315,1220,18,2361.13,Daily,Wallet Balance,6,12.59,5,625915,Dewasa Muda (25-45)
cust_2774,53,Suburban,Middle,998,18978.45,29873.27,7153.41,18940490,207,294,2879,18,2593.36,Monthly,UPI,13,5.66,1,1901310,Dewasa (45-65)
cust_2775,67,Urban,Middle,158,7147.04,10514.14,2416.02,1129232,166,20,3357,37,4943.66,Monthly,Credit Card,4,19.0,5,125865,Senior (>65)
cust_2776,49,Urban,Middle,757,15193.52,20725.72,5103.53,11501492,260,213,3104,23,3591.1,Daily,Wallet Balance,19,5.97,9,1165861,Dewasa (45-65)
cust_2777,29,Rural,High,500,11666.02,28151.76,3399.56,5833011,173,270,4872,4,2597.01,Monthly,Debit Card,15,43.85,10,602146,Dewasa Muda (25-45)
cust_2778,51,Urban,Middle,366,1100.98,4113.06,349.28,402957,121,40,1546,21,2159.95,Daily,Debit Card,6,32.57,2,46407,Dewasa (45-65)
cust_2779,48,Urban,High,340,1696.87,4104.33,175.18,576934,140,135,1611,21,4577.47,Weekly,UPI,20,19.14,3,63726,Dewasa (45-65)
cust_2780,38,Rural,Low,858,4071.1,15800.75,563.84,3493002,168,262,3977,27,3229.71,Daily,Debit Card,15,1.89,6,364339,Dewasa Muda (25-45)
cust_2781,65,Urban,Low,335,2871.62,12293.79,1072.09,961993,84,181,4149,16,1780.43,Weekly,UPI,11,11.38,3,108207,Dewasa (45-65)
cust_2782,60,Urban,High,583,6594.14,24166.58,1349.07,3844381,194,227,2378,30,2323.15,Daily,UPI,15,48.34,6,397032,Dewasa (45-65)
cust_2783,17,Rural,Middle,327,11583.99,33135.06,1658.42,3787964,276,265,4600,46,1390.62,Daily,Debit Card,16,18.71,7,398901,Remaja (<25)
cust_2784,56,Urban,Low,114,12051.23,26296.62,2789.4,1373839,268,106,4243,6,4802.14,Daily,Debit Card,7,24.64,3,147068,Dewasa (45-65)
cust_2785,36,Urban,Middle,797,11759.48,17611.15,2372.98,9372303,38,321,4612,16,3509.73,Daily,Credit Card,11,6.42,4,950299,Dewasa Muda (25-45)
cust_2786,17,Rural,Middle,919,2361.0,7023.04,263.84,2169755,303,96,2327,11,1961.49,Daily,UPI,4,39.93,6,227748,Remaja (<25)
cust_2787,42,Rural,High,418,12008.51,46573.74,3172.92,5019555,338,295,4511,6,916.07,Weekly,Credit Card,3,58.11,1,512119,Dewasa Muda (25-45)
cust_2788,24,Suburban,Low,468,8200.84,26185.06,908.75,3837993,242,123,555,28,885.1,Monthly,Credit Card,18,26.08,1,388266,Remaja (<25)
cust_2789,16,Urban,Low,143,18062.02,70187.71,1809.03,2582869,330,277,205,44,2388.71,Daily,Wallet Balance,11,9.14,5,266902,Remaja (<25)
cust_2790,26,Suburban,High,609,18240.56,42698.95,7606.12,11108503,199,37,1001,7,2337.84,Weekly,Debit Card,3,68.73,8,1120383,Dewasa Muda (25-45)
cust_2791,18,Suburban,Middle,309,15365.79,19471.29,3472.5,4748030,298,268,3863,3,2088.94,Weekly,Debit Card,6,37.3,1,482784,Remaja (<25)
cust_2792,67,Rural,Middle,401,14065.11,57447.43,4599.78,5640109,5,198,117,39,4259.03,Daily,Debit Card,6,7.35,1,567015,Senior (>65)
cust_2793,38,Urban,Low,320,2307.9,4336.31,505.66,738529,355,255,2527,15,4895.92,Daily,Credit Card,18,36.31,1,78958,Dewasa Muda (25-45)
cust_2794,41,Urban,High,212,1703.04,5901.26,803.85,361043,103,15,3851,15,1774.12,Daily,Wallet Balance,2,4.19,10,54419,Dewasa Muda (25-45)
cust_2795,19,Rural,High,317,16818.27,70925.5,6587.25,5331390,138,85,3761,21,1473.05,Weekly,Debit Card,18,4.93,1,543024,Remaja (<25)
cust_2796,33,Suburban,Middle,185,8546.05,13301.41,2116.58,1581018,293,92,2900,10,3850.55,Daily,Debit Card,18,23.61,9,171976,Dewasa Muda (25-45)
cust_2797,21,Rural,Middle,205,9032.73,30656.9,1664.29,1851710,66,100,1458,40,2248.96,Daily,Wallet Balance,12,49.09,2,192962,Remaja (<25)
cust_2798,50,Urban,High,364,16957.38,63717.33,2630.47,6172487,67,174,2701,10,1087.84,Monthly,UPI,13,51.06,6,629106,Dewasa (45-65)
cust_2799,37,Rural,Low,216,12432.4,49557.1,5034.72,2685399,270,215,4636,4,904.7,Weekly,Wallet Balance,17,65.0,2,279759,Dewasa Muda (25-45)
cust_2800,58,Urban,Middle,246,3596.35,5720.59,1011.35,884702,47,365,1048,41,1402.84,Daily,Wallet Balance,6,8.67,5,98964,Dewasa (45-65)
cust_2801,30,Suburban,High,239,4228.15,18183.03,815.13,1010528,365,86,3000,37,6.62,Weekly,Debit Card,12,33.94,5,115749,Dewasa Muda (25-45)
cust_2802,37,Urban,High,805,137.48,189.25,64.32,110671,180,82,2225,47,4707.15,Daily,UPI,13,34.82,9,26863,Dewasa Muda (25-45)
cust_2803,52,Suburban,High,391,14216.3,43762.5,3639.92,5558571,68,322,2187,11,2151.24,Daily,Credit Card,16,33.72,4,564255,Dewasa (45-65)
cust_2804,67,Suburban,Low,520,9717.38,26952.61,3084.27,5053036,115,117,1105,39,414.24,Weekly,UPI,14,60.75,6,517206,Senior (>65)
cust_2805,57,Urban,Middle,983,18999.78,35853.8,8419.18,18676782,26,167,4527,24,824.79,Weekly,Debit Card,8,58.61,4,1882719,Dewasa (45-65)
cust_2806,27,Urban,Middle,590,14283.12,31533.16,6189.59,8427038,47,242,2993,44,1616.69,Weekly,UPI,1,37.05,6,858281,Dewasa Muda (25-45)
cust_2807,62,Suburban,Middle,836,2072.02,3434.88,735.94,1732210,207,278,530,12,2758.47,Weekly,Debit Card,2,56.28,3,177101,Dewasa (45-65)
cust_2808,64,Rural,Low,277,3239.21,8755.29,1475.3,897262,73,342,4463,47,3518.58,Monthly,Wallet Balance,7,5.2,4,105592,Dewasa (45-65)
cust_2809,57,Urban,Middle,957,10039.48,11465.52,4827.37,9607778,259,134,4862,25,1539.26,Weekly,Wallet Balance,17,38.78,9,981232,Dewasa (45-65)
cust_2810,53,Suburban,Middle,202,18498.23,84271.69,8769.01,3736643,30,180,2100,10,4788.08,Daily,Wallet Balance,10,7.74,1,377470,Dewasa (45-65)
cust_2811,33,Suburban,Middle,214,4952.55,8191.27,1186.65,1059845,3,165,4642,39,3801.56,Daily,Credit Card,9,62.56,7,124267,Dewasa Muda (25-45)
cust_2812,60,Rural,Middle,606,16513.35,75037.83,4274.78,10007089,9,212,3440,22,4128.99,Weekly,Wallet Balance,20,36.72,3,1010724,Dewasa (45-65)
cust_2813,50,Urban,Low,478,6252.33,27849.79,1226.72,2988611,8,6,4762,12,1618.23,Weekly,UPI,10,2.25,9,317776,Dewasa (45-65)
cust_2814,45,Suburban,High,508,5405.24,15170.95,2349.83,2745864,9,73,3650,32,1904.81,Weekly,Wallet Balance,2,40.03,7,291134,Dewasa Muda (25-45)
cust_2815,39,Rural,High,976,18028.84,53922.51,2681.43,17596148,152,357,1996,27,2690.31,Weekly,Debit Card,11,53.38,2,1766961,Dewasa Muda (25-45)
cust_2816,57,Suburban,Middle,75,954.36,2106.9,230.99,71576,142,77,741,50,2258.48,Weekly,Debit Card,8,10.58,5,17510,Dewasa (45-65)
cust_2817,45,Urban,Middle,982,13218.21,65925.82,1373.28,12980285,336,283,1074,3,1299.46,Daily,UPI,11,21.08,1,1300826,Dewasa Muda (25-45)
cust_2818,29,Rural,Middle,669,872.92,3215.04,294.92,583982,274,215,2962,27,4986.35,Monthly,Wallet Balance,13,32.83,1,65529,Dewasa Muda (25-45)
cust_2819,21,Suburban,Low,665,16017.27,76998.74,5819.93,10651483,27,165,2703,33,4241.79,Weekly,Wallet Balance,12,30.44,7,1078733,Remaja (<25)
cust_2820,18,Rural,Middle,954,16589.79,44115.37,3311.24,15826662,348,174,866,50,1189.94,Weekly,UPI,7,36.7,7,1595803,Remaja (<25)
cust_2821,31,Urban,Low,142,17868.2,80979.86,7052.44,2537284,71,98,3782,50,4461.99,Weekly,Credit Card,2,2.17,8,272061,Dewasa Muda (25-45)
cust_2822,22,Rural,Middle,590,3729.94,10417.49,942.24,2200664,219,25,2132,9,2934.43,Weekly,Debit Card,18,53.41,8,231763,Remaja (<25)
cust_2823,67,Urban,Middle,322,2498.72,11162.56,561.42,804587,290,151,1192,48,62.81,Monthly,Debit Card,5,23.39,7,94611,Senior (>65)
cust_2824,29,Suburban,High,694,10075.67,15352.35,4861.17,6992511,256,220,4021,7,1730.76,Monthly,Wallet Balance,15,50.83,3,710127,Dewasa Muda (25-45)
cust_2825,24,Urban,Middle,461,5439.94,19297.73,1824.97,2507810,103,154,2077,8,128.66,Daily,UPI,13,61.72,3,258670,Remaja (<25)
cust_2826,30,Suburban,Low,707,12129.89,45060.27,2437.23,8575829,147,76,1170,17,438.85,Weekly,UPI,0,49.8,2,863403,Dewasa Muda (25-45)
cust_2827,36,Suburban,High,670,10279.81,37261.04,5071.0,6887471,158,231,4183,1,894.89,Weekly,Wallet Balance,19,48.71,1,697765,Dewasa Muda (25-45)
cust_2828,50,Urban,Low,146,2905.59,8101.12,740.98,424216,348,3,4923,17,2421.99,Daily,Credit Card,7,42.11,8,60756,Dewasa (45-65)
cust_2829,17,Suburban,High,54,14788.02,55243.07,5310.85,798552,140,73,590,39,1906.44,Daily,UPI,5,1.07,6,89982,Remaja (<25)
cust_2830,42,Rural,Low,356,16077.65,31477.67,6262.91,5723643,143,111,3491,1,744.98,Weekly,UPI,4,65.17,5,584073,Dewasa Muda (25-45)
cust_2831,17,Suburban,High,277,19261.23,65168.34,5179.7,5335360,109,335,2224,21,1972.78,Monthly,Credit Card,6,60.18,1,540097,Remaja (<25)
cust_2832,50,Urban,Low,821,7916.82,25467.94,2488.79,6499710,359,72,4877,15,1521.7,Daily,UPI,0,14.81,5,665464,Dewasa (45-65)
cust_2833,33,Rural,Low,595,6761.32,15370.9,1324.63,4022986,320,255,2639,36,2050.78,Weekly,Wallet Balance,12,13.8,10,420151,Dewasa Muda (25-45)
cust_2834,29,Rural,Middle,400,3853.33,15858.21,1103.32,1541332,64,218,4845,31,861.55,Weekly,Debit Card,15,3.61,8,174492,Dewasa Muda (25-45)
cust_2835,35,Suburban,High,668,3625.49,4798.3,813.27,2421828,271,208,1616,9,3048.56,Weekly,Debit Card,18,27.95,8,252790,Dewasa Muda (25-45)
cust_2836,33,Suburban,High,516,6427.86,10835.81,2050.38,3316773,186,249,3268,40,222.66,Daily,Wallet Balance,11,70.95,10,352101,Dewasa Muda (25-45)
cust_2837,25,Urban,Middle,499,19636.52,56643.5,7225.38,9798621,356,290,4904,33,1939.39,Daily,Wallet Balance,13,7.91,6,998000,Remaja (<25)
cust_2838,40,Rural,Low,311,1854.25,8468.27,640.83,576672,323,340,4898,47,4474.43,Daily,Wallet Balance,14,41.12,2,71925,Dewasa Muda (25-45)
cust_2839,17,Urban,Low,271,5194.73,17145.93,2133.41,1407771,1,65,2495,15,2098.35,Weekly,Credit Card,11,19.81,2,148218,Remaja (<25)
cust_2840,40,Suburban,High,576,1728.71,7551.46,201.59,995735,7,285,1204,48,2205.4,Daily,Wallet Balance,16,62.18,2,107678,Dewasa Muda (25-45)
cust_2841,69,Rural,Low,449,5479.89,16824.8,720.27,2460471,1,4,164,33,340.04,Weekly,Credit Card,8,37.01,8,257505,Senior (>65)
cust_2842,48,Urban,High,112,1857.1,7691.8,338.23,207995,261,196,2483,36,3026.82,Monthly,Credit Card,3,61.6,8,35852,Dewasa (45-65)
cust_2843,51,Urban,High,239,10171.09,23425.96,5027.79,2430891,47,119,3601,39,4682.01,Monthly,Wallet Balance,17,67.0,8,259850,Dewasa (45-65)
cust_2844,46,Urban,Low,144,8772.73,37376.82,3685.49,1263273,356,190,3860,33,1458.05,Monthly,Wallet Balance,11,45.99,1,137618,Dewasa (45-65)
cust_2845,29,Urban,Low,374,3489.27,9095.62,1638.73,1304985,266,166,3327,43,1966.26,Daily,UPI,10,21.08,9,149469,Dewasa Muda (25-45)
cust_2846,16,Urban,Low,20,3504.41,11337.9,731.85,70088,2,232,1856,12,2940.79,Weekly,UPI,20,32.84,10,20450,Remaja (<25)
cust_2847,61,Rural,Middle,576,12525.92,21338.23,4127.82,7214930,23,130,2000,47,466.06,Daily,Debit Card,1,45.83,4,733959,Dewasa (45-65)
cust_2848,31,Urban,High,289,7748.56,36276.66,2494.68,2239332,359,92,4572,36,4751.42,Monthly,Credit Card,19,47.21,9,243301,Dewasa Muda (25-45)
cust_2849,69,Rural,Low,593,1133.34,4313.29,371.52,672068,303,332,4452,11,2337.98,Weekly,Credit Card,20,5.76,7,83041,Senior (>65)
cust_2850,61,Urban,Middle,197,18404.65,81632.34,7123.09,3625716,84,125,2364,14,575.48,Monthly,Credit Card,13,25.89,3,371411,Dewasa (45-65)
cust_2851,67,Suburban,Low,382,8105.0,14843.92,2087.78,3096110,204,300,1210,29,1676.14,Weekly,Debit Card,11,38.8,10,324092,Senior (>65)
cust_2852,18,Suburban,High,581,11825.04,15026.52,4385.72,6870348,227,207,3013,30,1869.15,Daily,Credit Card,1,24.88,10,705126,Remaja (<25)
cust_2853,50,Urban,Middle,698,17709.38,41596.46,7356.03,12361150,252,114,1798,28,1726.89,Weekly,Debit Card,10,42.04,3,1244647,Dewasa (45-65)
cust_2854,56,Suburban,High,679,8049.16,24684.69,1735.63,5465378,305,361,546,33,3466.12,Monthly,Credit Card,4,13.5,2,551196,Dewasa (45-65)
cust_2855,21,Rural,Low,717,16414.99,69098.58,7851.25,11769550,151,351,4954,31,1727.6,Weekly,Debit Card,13,3.46,7,1196099,Remaja (<25)
cust_2856,40,Urban,Low,492,18295.9,47402.94,5620.85,9001581,247,101,41,43,1619.27,Weekly,Debit Card,14,25.23,8,911730,Dewasa Muda (25-45)
cust_2857,28,Rural,Low,164,3489.61,7257.8,1371.78,572295,306,32,1748,22,1610.44,Monthly,UPI,19,41.34,1,63120,Dewasa Muda (25-45)
cust_2858,68,Urban,Middle,606,17850.92,44452.02,6989.89,10817660,17,131,3226,9,3889.24,Monthly,Wallet Balance,2,1.78,7,1094173,Senior (>65)
cust_2859,49,Suburban,Middle,249,2405.45,9175.42,784.41,598957,304,17,1560,7,1541.91,Monthly,Debit Card,16,44.43,2,64944,Dewasa (45-65)
cust_2860,23,Rural,Middle,68,5509.8,12919.77,1262.15,374666,2,248,3777,20,69.99,Monthly,Wallet Balance,5,26.17,7,53985,Remaja (<25)
cust_2861,36,Suburban,Middle,855,16166.15,79483.49,5929.35,13822055,197,64,2566,10,1827.68,Weekly,Credit Card,6,71.51,6,1393423,Dewasa Muda (25-45)
cust_2862,49,Suburban,Low,21,18014.68,30623.46,2430.43,378308,341,78,4291,11,1391.19,Weekly,Wallet Balance,12,56.58,9,55817,Dewasa (45-65)
cust_2863,19,Urban,Low,831,13685.93,54913.23,6741.34,11373011,269,200,1767,48,4545.09,Monthly,Credit Card,0,21.66,7,1150362,Remaja (<25)
cust_2864,40,Rural,Low,512,2105.47,7067.33,365.51,1077999,61,41,1320,38,2389.53,Weekly,Wallet Balance,12,69.98,9,122045,Dewasa Muda (25-45)
cust_2865,30,Suburban,Middle,597,10464.62,20221.64,2199.35,6247375,267,258,4530,46,1172.88,Monthly,Debit Card,5,20.76,5,642811,Dewasa Muda (25-45)
cust_2866,19,Urban,Middle,390,11456.96,45993.43,5519.68,4468212,97,181,3944,18,4907.92,Weekly,Debit Card,16,8.69,6,460055,Remaja (<25)
cust_2867,60,Urban,Low,536,5644.38,15748.72,985.6,3025385,283,290,1755,33,1233.72,Daily,UPI,5,2.91,6,314731,Dewasa (45-65)
cust_2868,27,Urban,Low,111,19826.0,73942.92,3331.5,2200686,247,125,3863,37,3815.12,Weekly,Debit Card,3,56.63,3,232587,Dewasa Muda (25-45)
cust_2869,47,Suburban,Middle,949,6719.2,24518.57,2834.26,6376523,35,344,4943,33,3247.75,Monthly,Wallet Balance,5,23.66,3,652214,Dewasa (45-65)
cust_2870,47,Urban,High,863,4212.99,6077.55,844.77,3635812,274,112,4576,45,2311.14,Daily,Wallet Balance,0,70.89,1,377077,Dewasa (45-65)
cust_2871,43,Rural,Low,595,2211.62,9642.51,304.96,1315913,68,235,282,25,2029.18,Daily,UPI,0,44.89,4,137640,Dewasa Muda (25-45)
cust_2872,28,Rural,Low,870,7576.24,28228.31,1444.46,6591328,189,202,4692,39,4361.91,Monthly,Credit Card,18,12.66,3,673235,Dewasa Muda (25-45)
cust_2873,46,Suburban,Low,460,13855.45,57116.96,6309.07,6373505,41,40,3810,15,2375.41,Monthly,Wallet Balance,18,24.86,7,652282,Dewasa (45-65)
cust_2874,29,Rural,Middle,78,4636.03,12939.45,983.43,361610,96,199,826,18,1876.79,Weekly,Wallet Balance,12,37.38,6,44674,Dewasa Muda (25-45)
cust_2875,35,Urban,Low,434,15393.19,27403.68,5819.0,6680643,171,311,4003,49,1771.25,Weekly,UPI,6,52.24,9,689084,Dewasa Muda (25-45)
cust_2876,33,Suburban,Low,380,2716.67,6261.53,701.05,1032335,67,126,289,28,1379.34,Daily,Debit Card,10,42.99,10,115921,Dewasa Muda (25-45)
cust_2877,44,Urban,Low,652,8814.95,40600.59,1805.72,5747349,308,74,563,44,2044.83,Weekly,Credit Card,19,19.46,3,582238,Dewasa Muda (25-45)
cust_2878,21,Suburban,Low,440,14050.45,66768.79,2214.62,6182198,119,179,4597,37,599.59,Weekly,Wallet Balance,11,34.8,6,636814,Remaja (<25)
cust_2879,47,Suburban,Low,888,2714.83,7947.59,1327.22,2410773,341,5,653,35,325.62,Weekly,Wallet Balance,8,16.37,9,254720,Dewasa (45-65)
cust_2880,44,Urban,High,783,11960.87,26256.28,3689.28,9365357,171,312,3130,20,2707.34,Daily,Debit Card,12,25.83,10,953442,Dewasa Muda (25-45)
cust_2881,58,Rural,High,339,15981.06,62665.65,2331.67,5417579,186,118,1080,9,2271.31,Weekly,Debit Card,6,21.28,3,546682,Dewasa (45-65)
cust_2882,17,Rural,Low,988,11915.02,48422.32,2139.05,11772042,70,232,1655,46,866.96,Weekly,Wallet Balance,19,64.8,9,1193680,Remaja (<25)
cust_2883,38,Suburban,Low,424,10234.16,43616.63,2690.75,4339285,245,149,3108,22,534.0,Monthly,Credit Card,4,56.95,3,445077,Dewasa Muda (25-45)
cust_2884,34,Urban,Low,169,16767.61,18852.41,5326.54,2833725,159,314,3769,43,716.34,Daily,UPI,15,38.74,1,295852,Dewasa Muda (25-45)
cust_2885,46,Urban,Low,709,19708.55,20475.91,3404.04,13973363,284,201,466,43,1576.22,Monthly,UPI,19,13.37,3,1404780,Dewasa (45-65)
cust_2886,66,Suburban,Middle,965,3634.45,8826.7,767.2,3507240,107,349,4895,6,2257.42,Daily,UPI,17,43.15,5,364985,Senior (>65)
cust_2887,20,Rural,Middle,262,13830.01,22266.13,5718.47,3623463,36,31,3859,37,966.75,Monthly,UPI,11,26.17,8,381280,Remaja (<25)
cust_2888,34,Urban,Middle,727,1622.34,6846.18,433.15,1179444,348,237,3534,4,3778.12,Monthly,Wallet Balance,0,3.65,1,124523,Dewasa Muda (25-45)
cust_2889,49,Rural,High,579,866.39,2713.0,87.13,501641,195,155,2027,18,966.62,Monthly,Wallet Balance,7,49.93,4,59534,Dewasa (45-65)
cust_2890,25,Rural,Low,229,5623.57,24189.19,683.69,1287797,268,198,3256,45,620.63,Monthly,UPI,3,19.15,10,149481,Remaja (<25)
cust_2891,40,Suburban,Middle,161,19418.69,33160.36,5354.34,3126408,76,107,3692,32,4972.77,Weekly,UPI,16,17.63,8,328738,Dewasa Muda (25-45)
cust_2892,17,Suburban,Low,427,11048.39,38767.6,1370.52,4717662,280,159,3415,23,2238.56,Weekly,Credit Card,2,48.13,6,485777,Remaja (<25)
cust_2893,26,Rural,Low,122,5372.74,17841.21,911.01,655474,321,169,2900,42,850.04,Weekly,Wallet Balance,17,62.87,4,79122,Dewasa Muda (25-45)
cust_2894,65,Urban,High,149,2660.4,6282.56,1040.62,396399,348,301,1967,22,4472.78,Monthly,Debit Card,7,21.02,3,46537,Dewasa (45-65)
cust_2895,46,Urban,High,852,18404.47,56470.89,5376.93,15680605,80,258,2660,21,1155.46,Daily,Credit Card,20,56.21,1,1575902,Dewasa (45-65)
cust_2896,30,Suburban,Middle,705,7253.71,24344.24,2125.23,5113864,98,62,2252,35,4627.9,Daily,Wallet Balance,20,63.89,10,527076,Dewasa Muda (25-45)
cust_2897,24,Rural,Middle,743,6140.88,27989.82,2083.52,4562672,282,149,2026,45,594.8,Monthly,Wallet Balance,0,15.98,8,472521,Remaja (<25)
cust_2898,38,Urban,High,111,17160.69,20979.86,7128.68,1904836,118,162,4553,20,4209.07,Monthly,Debit Card,8,66.14,2,201485,Dewasa Muda (25-45)
cust_2899,34,Urban,High,657,12092.01,51917.0,1976.25,7944452,223,86,2734,17,921.34,Weekly,Credit Card,1,21.1,7,808152,Dewasa Muda (25-45)
cust_2900,24,Suburban,Low,221,3381.04,16636.81,572.14,747208,252,13,1254,37,4691.69,Monthly,Debit Card,9,16.46,3,81583,Remaja (<25)
cust_2901,50,Rural,Low,904,8436.0,33129.0,1253.26,7626139,80,275,1291,26,2871.22,Weekly,Debit Card,13,26.61,5,771360,Dewasa (45-65)
cust_2902,36,Urban,Middle,64,18565.34,73321.73,8813.56,1188181,314,124,945,36,949.57,Weekly,Credit Card,0,17.2,6,129833,Dewasa Muda (25-45)
cust_2903,24,Suburban,Middle,638,18025.06,33741.06,5964.78,11499987,170,358,1786,48,4224.1,Monthly,UPI,9,41.65,3,1159258,Remaja (<25)
cust_2904,43,Urban,High,730,1411.49,4364.76,193.45,1030391,157,104,488,24,1952.88,Daily,Debit Card,7,34.57,6,111438,Dewasa Muda (25-45)
cust_2905,61,Urban,Middle,796,5379.58,20570.22,1012.75,4282143,334,49,4135,38,3664.07,Daily,Wallet Balance,2,48.56,7,445452,Dewasa (45-65)
cust_2906,66,Urban,Low,354,3099.24,10565.7,1209.44,1097131,328,3,4825,29,3217.2,Monthly,Credit Card,12,52.43,10,130654,Senior (>65)
cust_2907,22,Suburban,High,474,10680.9,27135.1,1191.95,5062744,2,250,747,42,3571.47,Weekly,Debit Card,2,6.81,7,517182,Remaja (<25)
cust_2908,31,Rural,Low,909,15002.17,71417.42,5854.78,13636969,203,253,1622,13,1718.57,Weekly,Wallet Balance,6,11.91,2,1369381,Dewasa Muda (25-45)
cust_2909,31,Suburban,High,748,5917.91,18084.82,2749.38,4426595,258,211,355,33,4694.13,Daily,UPI,10,57.07,2,446322,Dewasa Muda (25-45)
cust_2910,48,Rural,High,485,15162.34,73984.7,1858.19,7353735,251,71,2739,31,2799.07,Weekly,Wallet Balance,13,5.7,3,745552,Dewasa (45-65)
cust_2911,19,Urban,Low,13,13377.62,43550.89,2335.31,173909,146,271,1615,30,387.8,Daily,Debit Card,6,47.77,7,30427,Remaja (<25)
cust_2912,19,Rural,Middle,934,14567.16,60796.54,1470.58,13605729,325,38,3590,48,333.67,Monthly,Wallet Balance,18,48.11,1,1373386,Remaja (<25)
cust_2913,54,Urban,Middle,153,18965.39,75256.43,2723.66,2901704,275,153,2810,1,3691.15,Monthly,UPI,14,53.34,8,302044,Dewasa (45-65)
cust_2914,55,Urban,Middle,239,8497.99,30960.69,2947.07,2031019,19,317,3148,46,4249.87,Weekly,Wallet Balance,7,16.52,4,215873,Dewasa (45-65)
cust_2915,32,Suburban,Middle,190,6857.93,7254.62,808.74,1303007,252,215,715,38,3476.4,Monthly,Wallet Balance,0,11.72,6,139792,Dewasa Muda (25-45)
cust_2916,52,Urban,Low,663,13680.11,17917.06,3698.2,9069910,284,10,3930,34,1387.49,Monthly,Wallet Balance,2,32.95,5,922557,Dewasa (45-65)
cust_2917,54,Suburban,High,86,16153.07,53724.09,4867.9,1389163,331,100,4766,22,1129.52,Weekly,Debit Card,7,4.04,1,151083,Dewasa (45-65)
cust_2918,67,Rural,Low,21,3836.99,17830.98,1775.19,80576,50,357,4496,5,2827.18,Weekly,UPI,12,60.77,5,21136,Senior (>65)
cust_2919,44,Rural,Middle,694,16937.52,57664.93,4907.07,11754641,311,298,4325,20,983.9,Daily,Debit Card,17,54.02,5,1190622,Dewasa Muda (25-45)
cust_2920,67,Urban,Middle,319,1166.47,2267.6,183.16,372104,137,234,3393,25,1895.5,Monthly,UPI,6,63.81,7,52548,Senior (>65)
cust_2921,51,Suburban,Low,158,137.81,314.33,29.73,21774,226,199,4162,29,3143.46,Monthly,Debit Card,19,5.95,9,20829,Dewasa (45-65)
cust_2922,53,Urban,High,971,3176.96,11095.97,1171.91,3084826,221,174,1682,40,1424.56,Weekly,Credit Card,5,66.38,9,324134,Dewasa (45-65)
cust_2923,54,Suburban,Low,964,19573.56,66319.48,2835.16,18868909,113,217,3293,41,1877.19,Monthly,Debit Card,7,54.72,1,1897638,Dewasa (45-65)
cust_2924,65,Suburban,Low,481,10476.07,50524.12,2018.71,5038990,149,40,1446,29,1802.59,Daily,UPI,3,9.01,5,513789,Dewasa (45-65)
cust_2925,52,Suburban,Low,879,940.88,2932.11,468.85,827035,48,186,1519,7,2302.62,Daily,Wallet Balance,13,8.43,4,89290,Dewasa (45-65)
cust_2926,67,Rural,High,76,19943.54,48264.56,2038.51,1515709,58,280,4310,38,3371.8,Weekly,UPI,18,64.9,7,169305,Senior (>65)
cust_2927,50,Suburban,Low,329,14900.78,46191.97,2397.14,4902355,197,69,2537,32,3911.75,Monthly,Debit Card,8,34.1,5,501553,Dewasa (45-65)
cust_2928,22,Rural,Low,416,16761.72,69476.26,7332.82,6972876,225,249,4998,9,3325.41,Daily,Debit Card,12,71.92,2,708520,Remaja (<25)
cust_2929,42,Suburban,Middle,203,4266.68,13488.92,599.69,866136,137,85,339,17,130.84,Monthly,Debit Card,11,46.09,4,92926,Dewasa Muda (25-45)
cust_2930,43,Rural,Low,229,2117.93,4880.17,240.29,485006,195,168,111,47,4484.2,Weekly,UPI,1,49.84,10,61180,Dewasa Muda (25-45)
cust_2931,37,Rural,Middle,152,10306.55,24266.6,1530.78,1566595,206,29,4477,35,2905.94,Weekly,Wallet Balance,5,34.22,4,171660,Dewasa Muda (25-45)
cust_2932,29,Rural,Middle,775,15445.79,62204.02,5829.84,11970488,18,37,3737,40,4601.23,Monthly,Credit Card,20,32.02,10,1216222,Dewasa Muda (25-45)
cust_2933,22,Urban,Middle,72,12759.24,16150.55,6344.46,918664,268,20,4181,49,4819.36,Daily,Credit Card,19,57.93,3,105718,Remaja (<25)
cust_2934,52,Suburban,High,225,12624.88,26499.88,4245.17,2840597,215,146,4456,10,2339.23,Weekly,Wallet Balance,17,32.86,5,297802,Dewasa (45-65)
cust_2935,37,Urban,Middle,473,15144.35,24414.97,2267.51,7163277,206,260,483,43,4581.83,Monthly,Credit Card,8,36.38,8,727302,Dewasa Muda (25-45)
cust_2936,20,Suburban,Low,897,4548.15,21734.24,789.16,4079687,124,139,4569,7,1826.93,Monthly,Wallet Balance,14,28.75,2,418893,Remaja (<25)
cust_2937,17,Suburban,Low,643,13233.77,18002.92,4169.6,8509314,16,255,880,0,1301.89,Daily,UPI,20,14.94,2,854040,Remaja (<25)
cust_2938,42,Urban,Middle,360,7848.29,31650.08,3031.51,2825385,165,86,3102,7,368.15,Weekly,UPI,0,61.27,9,298258,Dewasa Muda (25-45)
cust_2939,36,Rural,Middle,540,1404.37,4945.78,512.83,758360,148,52,167,4,2259.15,Monthly,Wallet Balance,20,16.67,5,80440,Dewasa Muda (25-45)
cust_2940,69,Suburban,Low,811,4050.83,14304.36,1336.33,3285223,276,299,3291,0,3443.44,Weekly,Credit Card,6,22.42,2,335382,Senior (>65)
cust_2941,53,Rural,Middle,609,15882.13,64381.92,7853.84,9672220,233,142,1735,2,4884.18,Weekly,Credit Card,2,43.09,2,970449,Dewasa (45-65)
cust_2942,30,Urban,High,46,17919.65,46626.08,3211.45,824304,25,122,4462,26,2606.55,Weekly,UPI,6,24.15,3,95651,Dewasa Muda (25-45)
cust_2943,36,Rural,Middle,1,5663.61,14742.22,958.06,5663,268,151,1548,44,3672.37,Monthly,UPI,12,26.09,9,15226,Dewasa Muda (25-45)
cust_2944,25,Suburban,High,678,3815.32,8221.33,1692.57,2586783,365,333,4667,47,4480.74,Monthly,Wallet Balance,8,1.28,6,276471,Remaja (<25)
cust_2945,38,Suburban,High,245,544.22,1845.46,117.73,133334,295,148,846,22,2715.93,Daily,Wallet Balance,1,57.87,1,16867,Dewasa Muda (25-45)
cust_2946,54,Suburban,High,219,18954.47,89450.34,4416.59,4151029,71,83,2952,43,833.83,Daily,UPI,11,36.1,10,434889,Dewasa (45-65)
cust_2947,20,Urban,Middle,614,13680.26,64241.58,4370.4,8399679,200,149,887,38,4241.04,Weekly,UPI,1,14.93,3,846421,Remaja (<25)
cust_2948,16,Suburban,High,291,19141.03,72962.6,4833.3,5570040,47,170,1916,39,2870.87,Monthly,UPI,12,51.57,5,568300,Remaja (<25)
cust_2949,28,Urban,High,458,17278.35,79907.91,3715.81,7913482,25,325,1311,10,3792.56,Weekly,UPI,0,47.58,4,797073,Dewasa Muda (25-45)
cust_2950,36,Rural,Middle,204,6815.93,33085.02,3182.15,1390449,213,270,4053,44,3292.39,Monthly,Credit Card,17,27.72,5,154904,Dewasa Muda (25-45)
cust_2951,41,Suburban,High,202,2262.53,9458.34,343.25,457031,33,228,3126,10,305.19,Monthly,UPI,2,42.05,1,53802,Dewasa Muda (25-45)
cust_2952,65,Suburban,Middle,566,9986.15,26276.88,2613.53,5652158,214,326,3314,35,845.57,Weekly,Debit Card,6,48.34,1,575921,Dewasa (45-65)
cust_2953,60,Suburban,Low,482,546.01,1601.39,55.25,263175,211,5,2200,37,1431.25,Daily,UPI,2,5.4,2,35701,Dewasa (45-65)
cust_2954,36,Rural,High,792,3006.83,14207.37,1271.83,2381412,29,152,4264,30,1423.54,Monthly,UPI,14,30.65,9,257957,Dewasa Muda (25-45)
cust_2955,68,Suburban,Middle,511,4676.32,17209.0,782.66,2389598,259,221,1817,23,4195.99,Weekly,Credit Card,11,38.25,3,245795,Senior (>65)
cust_2956,33,Urban,Low,924,13316.28,57030.62,5448.97,12304238,39,157,3180,18,2991.2,Daily,Credit Card,10,52.36,8,1245088,Dewasa Muda (25-45)
cust_2957,52,Rural,High,278,10202.45,14941.04,1626.69,2836281,260,258,2943,31,416.88,Daily,UPI,12,28.1,10,302405,Dewasa (45-65)
cust_2958,60,Rural,High,16,6055.37,10751.94,1614.94,96885,165,6,3936,39,1935.99,Monthly,UPI,2,13.12,3,23492,Dewasa (45-65)
cust_2959,47,Rural,Middle,525,11299.72,26853.04,4421.29,5932353,95,290,3745,37,2781.65,Weekly,Debit Card,17,7.36,3,606034,Dewasa (45-65)
cust_2960,51,Rural,Low,356,2512.8,4404.85,523.48,894557,220,204,3845,16,1257.51,Daily,Credit Card,14,58.46,9,107116,Dewasa (45-65)
cust_2961,32,Rural,Middle,356,15116.61,69927.3,3409.81,5381511,268,278,3742,49,199.17,Monthly,Wallet Balance,9,35.02,9,559435,Dewasa Muda (25-45)
cust_2962,50,Urban,High,830,14243.58,26600.78,5226.38,11822173,118,134,1762,34,1901.32,Weekly,Wallet Balance,19,17.28,2,1190190,Dewasa (45-65)
cust_2963,64,Rural,High,939,4337.89,14005.89,759.48,4073277,66,323,1183,11,2305.94,Monthly,Credit Card,3,58.14,8,417640,Dewasa (45-65)
cust_2964,26,Suburban,High,599,12131.77,16278.59,5831.91,7266928,193,77,2857,14,4523.82,Weekly,Wallet Balance,4,58.65,9,740544,Dewasa Muda (25-45)
cust_2965,36,Rural,High,78,10071.02,16313.51,1767.62,785539,320,346,3896,38,4541.83,Monthly,UPI,11,47.24,7,94875,Dewasa Muda (25-45)
cust_2966,67,Rural,Low,928,1225.72,2438.76,490.29,1137466,35,116,2376,12,2502.01,Monthly,UPI,20,9.53,8,126447,Senior (>65)
cust_2967,68,Rural,Low,67,5570.3,27470.33,2345.32,373209,175,201,2605,29,2357.47,Weekly,Wallet Balance,18,22.55,1,45252,Senior (>65)
cust_2968,41,Rural,Middle,859,19989.66,83721.79,4992.38,17171117,112,87,343,41,3202.51,Monthly,Debit Card,15,63.66,2,1722296,Dewasa Muda (25-45)
cust_2969,19,Rural,Middle,723,1999.72,7387.4,324.95,1445796,308,68,634,18,1290.62,Weekly,Wallet Balance,16,9.63,8,155002,Remaja (<25)
cust_2970,49,Urban,Middle,214,10133.16,47271.69,1685.77,2168496,290,101,1237,8,1428.57,Daily,Debit Card,7,50.74,3,222409,Dewasa (45-65)
cust_2971,67,Urban,High,697,16988.18,81965.17,8395.22,11840762,340,162,3229,27,12.79,Daily,Wallet Balance,1,19.18,7,1200227,Senior (>65)
cust_2972,63,Rural,Middle,449,6020.03,16942.12,2348.8,2702993,80,313,4259,43,391.06,Monthly,Debit Card,15,3.43,7,289921,Dewasa (45-65)
cust_2973,33,Urban,Low,965,5221.57,12065.77,1462.14,5038810,111,71,4377,42,892.52,Weekly,Debit Card,14,49.92,8,524388,Dewasa Muda (25-45)
cust_2974,55,Suburban,Middle,433,17816.95,40288.79,3615.77,7714740,92,173,2177,24,3202.86,Daily,Debit Card,10,19.81,8,784626,Dewasa (45-65)
cust_2975,50,Rural,Middle,545,6103.55,6975.85,656.52,3326435,186,169,2923,39,1063.29,Weekly,UPI,4,53.75,8,349857,Dewasa (45-65)
cust_2976,56,Suburban,Low,115,13033.35,27611.84,4798.69,1498835,41,103,1328,40,620.4,Daily,Wallet Balance,1,27.06,5,161229,Dewasa (45-65)
cust_2977,44,Suburban,Low,787,14808.86,35840.16,7149.22,11654570,87,228,2093,3,3081.52,Weekly,UPI,6,16.58,1,1169402,Dewasa Muda (25-45)
cust_2978,67,Rural,High,420,15774.47,18102.71,2251.6,6625276,224,133,1236,36,3258.75,Weekly,Credit Card,6,65.61,9,675970,Senior (>65)
cust_2979,44,Suburban,Low,499,19895.25,90133.8,7993.84,9927727,51,60,1433,6,298.37,Daily,Credit Card,0,26.22,9,1005089,Dewasa Muda (25-45)
cust_2980,53,Suburban,Low,710,16065.81,70551.83,2591.33,11406724,126,145,4087,40,3864.49,Daily,Credit Card,16,65.93,6,1156914,Dewasa (45-65)
cust_2981,57,Suburban,Middle,380,13143.67,26366.26,5478.84,4994595,146,211,2001,3,3030.79,Monthly,UPI,15,69.25,9,511246,Dewasa (45-65)
cust_2982,36,Rural,Low,143,17910.32,75406.65,4445.86,2561175,41,109,1856,22,1985.33,Weekly,Credit Card,16,29.86,7,268036,Dewasa Muda (25-45)
cust_2983,57,Rural,High,740,18115.84,75812.01,6971.42,13405718,355,193,1532,43,4915.91,Monthly,Credit Card,10,52.0,4,1349477,Dewasa (45-65)
cust_2984,28,Suburban,Middle,632,19463.6,45545.81,9157.87,12300993,363,357,2049,43,51.0,Daily,Debit Card,13,29.16,10,1248471,Dewasa Muda (25-45)
cust_2985,64,Rural,High,865,15531.54,58837.7,5405.84,13434782,24,183,4837,5,2724.26,Daily,Wallet Balance,12,47.61,10,1362290,Dewasa (45-65)
cust_2986,56,Rural,Low,24,3906.6,8436.03,1829.38,93758,303,9,1870,44,798.52,Weekly,Debit Card,2,55.8,4,21116,Dewasa (45-65)
cust_2987,32,Suburban,High,539,14199.02,18190.44,2754.75,7653273,284,132,1727,8,1646.66,Weekly,Wallet Balance,19,46.33,1,769758,Dewasa Muda (25-45)
cust_2988,24,Rural,High,945,1511.82,4564.47,742.69,1428667,36,74,4963,8,666.01,Daily,Credit Card,7,21.56,9,162259,Remaja (<25)
cust_2989,56,Urban,Low,75,6366.08,17527.78,2859.26,477455,277,96,2300,20,3341.07,Monthly,Debit Card,11,22.88,6,58675,Dewasa (45-65)
cust_2990,16,Rural,Low,753,2324.99,3609.81,332.54,1750719,184,129,1495,2,2007.86,Weekly,Credit Card,10,62.18,7,184257,Remaja (<25)
cust_2991,17,Urban,Middle,535,18999.35,56280.14,5042.73,10164653,325,343,2875,12,4931.5,Weekly,Debit Card,11,41.05,2,1022949,Remaja (<25)
cust_2992,63,Suburban,Middle,673,6781.69,32535.2,3192.9,4564080,154,222,88,37,3269.24,Monthly,Wallet Balance,14,65.01,3,461649,Dewasa (45-65)
cust_2993,44,Rural,Middle,41,14267.18,56006.85,1872.51,584954,182,128,1928,17,4586.67,Daily,UPI,20,30.74,4,65758,Dewasa Muda (25-45)
cust_2994,48,Suburban,Low,750,11430.66,45213.83,3217.79,8572991,300,347,1038,45,1204.14,Daily,UPI,3,19.69,3,866273,Dewasa (45-65)
cust_2995,25,Suburban,High,751,2159.15,8701.83,840.86,1621524,154,335,3236,30,1593.92,Daily,UPI,9,44.18,10,180827,Remaja (<25)
cust_2996,65,Suburban,High,568,11231.28,44684.03,1273.39,6379364,150,7,1867,28,1813.41,Daily,Credit Card,15,64.19,9,652563,Dewasa (45-65)
cust_2997,55,Suburban,Middle,413,13223.86,14276.56,5304.52,5461454,2,225,3995,1,4192.58,Monthly,Credit Card,8,36.6,8,560139,Dewasa (45-65)
cust_2998,36,Suburban,Middle,415,17631.53,82846.39,4310.57,7317084,297,116,4713,30,1058.38,Daily,Credit Card,16,20.73,2,745605,Dewasa Muda (25-45)
cust_2999,43,Rural,Low,449,1411.01,6096.35,281.85,633544,54,103,1442,37,4733.6,Weekly,Debit Card,12,16.73,9,76571,Dewasa Muda (25-45)
cust_3000,26,Urban,High,610,5919.72,12421.46,1955.81,3611031,246,226,3905,6,217.9,Weekly,Credit Card,7,32.89,8,377404,Dewasa Muda (25-45)
cust_3001,49,Rural,Middle,658,13849.9,44471.65,4400.56,9113231,46,53,3773,39,4449.29,Weekly,Wallet Balance,7,61.66,4,924544,Dewasa (45-65)
cust_3002,23,Rural,Low,978,696.29,2409.18,313.03,680971,75,3,468,9,2257.07,Monthly,Credit Card,2,21.28,3,71804,Remaja (<25)
cust_3003,37,Rural,Middle,774,4079.03,6231.87,1510.88,3157171,149,318,640,12,2629.49,Monthly,UPI,20,40.31,4,320882,Dewasa Muda (25-45)
cust_3004,23,Rural,Low,436,4381.22,8831.9,1177.43,1910212,3,32,3931,0,4986.99,Weekly,Credit Card,12,13.29,2,198389,Remaja (<25)
cust_3005,64,Urban,High,552,13389.83,14635.11,4821.08,7391188,9,258,436,36,4350.24,Daily,Wallet Balance,16,53.76,8,749415,Dewasa (45-65)
cust_3006,30,Rural,Low,705,5726.35,25515.53,2290.88,4037079,2,80,4300,24,4520.11,Daily,Debit Card,15,33.6,6,418447,Dewasa Muda (25-45)
cust_3007,32,Suburban,Middle,239,11995.92,13190.95,5697.24,2867024,238,124,955,29,2927.68,Daily,Wallet Balance,1,17.94,10,300048,Dewasa Muda (25-45)
cust_3008,38,Rural,Middle,42,19307.32,43919.96,7369.69,810907,28,337,4617,1,4781.71,Daily,Wallet Balance,9,54.6,1,89033,Dewasa Muda (25-45)
cust_3009,39,Rural,High,734,15866.93,20833.05,5038.53,11646324,290,309,3692,35,3439.03,Weekly,UPI,2,52.69,7,1180796,Dewasa Muda (25-45)
cust_3010,60,Urban,High,708,6664.73,27496.16,1660.8,4718626,181,260,1685,23,4096.64,Daily,UPI,1,3.38,4,479484,Dewasa (45-65)
cust_3011,34,Urban,Middle,800,9453.28,44429.74,4316.3,7562620,315,312,284,11,3604.67,Monthly,Wallet Balance,0,32.36,4,760127,Dewasa Muda (25-45)
cust_3012,20,Suburban,Middle,10,4021.47,13074.86,1676.99,40214,266,336,4932,4,3904.57,Daily,Debit Card,1,43.1,5,17333,Remaja (<25)
cust_3013,47,Rural,Middle,747,324.24,505.26,42.43,242209,83,210,2484,14,3189.85,Daily,Credit Card,1,19.17,8,36994,Dewasa (45-65)
cust_3014,59,Rural,High,837,5801.41,18753.89,2203.47,4855780,349,45,1162,41,3632.04,Weekly,UPI,5,5.0,10,500186,Dewasa (45-65)
cust_3015,16,Rural,Middle,265,7394.48,30179.56,2332.96,1959536,253,309,4754,48,2179.69,Daily,Wallet Balance,13,21.16,2,211171,Remaja (<25)
cust_3016,38,Suburban,High,581,11291.7,43740.26,1597.3,6560477,258,329,2962,45,3534.34,Weekly,UPI,19,62.57,7,671704,Dewasa Muda (25-45)
cust_3017,52,Urban,Middle,445,18881.89,74902.13,6155.2,8402442,48,272,1437,6,1384.05,Weekly,Credit Card,9,25.09,9,852026,Dewasa (45-65)
cust_3018,23,Suburban,Low,139,18957.56,40127.39,3355.53,2635101,134,227,1571,1,3174.7,Daily,Debit Card,19,56.85,8,273164,Remaja (<25)
cust_3019,28,Rural,Low,867,1411.26,1827.52,540.88,1223566,300,349,4009,2,2618.76,Weekly,Credit Card,0,50.86,10,139265,Dewasa Muda (25-45)
cust_3020,23,Urban,Middle,731,12296.77,19623.85,2599.35,8988936,199,113,4872,3,4492.69,Monthly,Debit Card,12,69.06,10,916691,Remaja (<25)
cust_3021,38,Urban,Low,196,856.63,4130.69,137.18,167899,292,30,4742,47,3366.11,Weekly,Credit Card,15,62.91,2,31290,Dewasa Muda (25-45)
cust_3022,58,Suburban,High,74,12965.14,44782.32,1721.63,959420,136,276,389,15,2983.1,Weekly,UPI,1,67.85,4,100728,Dewasa (45-65)
cust_3023,16,Urban,Low,615,2362.88,9242.65,700.17,1453173,83,362,2245,26,1565.37,Daily,Credit Card,13,2.65,1,152624,Remaja (<25)
cust_3024,60,Urban,Low,225,18928.59,87000.7,3404.38,4258933,266,214,556,21,4314.02,Daily,Wallet Balance,18,22.11,4,430948,Dewasa (45-65)
cust_3025,66,Rural,High,635,17288.13,76258.26,7642.24,10977962,358,87,2000,2,270.79,Weekly,Credit Card,11,62.97,5,1106860,Senior (>65)
cust_3026,39,Rural,Low,102,456.35,855.03,46.18,46548,219,292,2504,48,4498.76,Monthly,Wallet Balance,15,27.46,6,18213,Dewasa Muda (25-45)
cust_3027,50,Urban,Low,264,15644.81,19278.17,6843.91,4130230,349,22,3525,16,3264.89,Monthly,Wallet Balance,8,4.74,2,422040,Dewasa (45-65)
cust_3028,39,Urban,Middle,945,12721.58,59797.97,3923.81,12021896,19,21,1110,21,947.46,Weekly,UPI,10,66.93,5,1211035,Dewasa Muda (25-45)
cust_3029,32,Suburban,High,920,9912.43,48835.3,4647.52,9119435,18,176,4319,6,4514.98,Weekly,Wallet Balance,20,33.09,5,923924,Dewasa Muda (25-45)
cust_3030,20,Suburban,High,999,12056.66,39417.78,2192.44,12044606,179,261,1276,29,1631.77,Weekly,UPI,11,4.68,4,1213096,Remaja (<25)
cust_3031,35,Urban,Middle,161,13568.22,61784.34,1911.89,2184483,23,168,3266,7,841.36,Weekly,Debit Card,3,21.15,8,233259,Dewasa Muda (25-45)
cust_3032,36,Rural,Middle,233,17690.3,34093.89,6191.31,4121841,315,221,1400,18,1595.73,Daily,Debit Card,18,61.76,10,425986,Dewasa Muda (25-45)
cust_3033,55,Urban,Low,491,15349.48,22167.02,5874.11,7536594,244,82,4225,6,4805.36,Weekly,Credit Card,9,57.07,7,767306,Dewasa (45-65)
cust_3034,46,Urban,Low,787,11511.8,34526.98,2866.83,9059788,107,79,2035,0,3763.79,Weekly,Credit Card,14,71.8,2,910166,Dewasa (45-65)
cust_3035,61,Rural,Low,770,16494.07,70012.92,1739.66,12700431,131,301,1456,15,4583.97,Monthly,UPI,16,32.24,8,1280163,Dewasa (45-65)
cust_3036,51,Rural,Middle,311,19738.59,71426.35,5187.01,6138701,10,159,4634,49,1494.36,Weekly,UPI,11,22.48,8,635290,Dewasa (45-65)
cust_3037,26,Suburban,High,651,6010.64,21333.44,1163.15,3912925,199,143,1352,39,412.2,Weekly,Credit Card,0,10.45,5,402690,Dewasa Muda (25-45)
cust_3038,67,Suburban,Low,227,2377.23,2543.25,568.13,539631,305,314,931,30,2813.78,Weekly,Credit Card,15,22.16,7,64418,Senior (>65)
cust_3039,30,Suburban,Middle,273,14631.65,33213.43,4429.03,3994440,312,45,1884,38,2415.0,Weekly,Credit Card,7,15.17,4,409804,Dewasa Muda (25-45)
cust_3040,34,Suburban,High,938,19572.14,93123.92,7455.75,18358667,90,236,2947,26,3603.02,Weekly,Wallet Balance,18,48.43,5,1847559,Dewasa Muda (25-45)
cust_3041,22,Rural,Middle,317,2342.95,3601.34,1137.01,742715,144,170,4180,9,2713.38,Monthly,Debit Card,8,55.4,3,85174,Remaja (<25)
cust_3042,66,Urban,Low,899,8639.83,33742.54,1361.64,7767205,295,225,4964,33,1982.33,Daily,Credit Card,10,58.06,4,792957,Senior (>65)
cust_3043,43,Suburban,Middle,86,1254.73,5065.65,466.71,107906,109,294,4302,46,23.43,Daily,Wallet Balance,16,54.4,4,27982,Dewasa Muda (25-45)
cust_3044,66,Suburban,Middle,291,15532.87,61064.9,3002.26,4520066,352,307,411,13,2338.73,Monthly,UPI,8,35.81,7,459959,Senior (>65)
cust_3045,58,Rural,Middle,469,18974.69,94060.17,3572.59,8899128,204,280,3993,1,603.21,Weekly,Credit Card,19,28.86,10,907697,Dewasa (45-65)
cust_3046,20,Rural,Middle,729,9984.89,26328.49,3528.88,7278987,44,91,120,38,4610.01,Monthly,UPI,10,8.11,10,739633,Remaja (<25)
cust_3047,20,Urban,High,871,8196.33,30562.25,3363.77,7139001,8,147,1480,21,4608.53,Weekly,UPI,8,42.08,10,726655,Remaja (<25)
cust_3048,45,Urban,Low,578,18155.3,32218.77,8916.34,10493765,301,281,8,25,4018.25,Daily,Debit Card,1,33.15,1,1050883,Dewasa Muda (25-45)
cust_3049,69,Rural,High,769,2676.43,6955.62,1090.73,2058177,353,70,4407,43,789.33,Daily,UPI,8,18.27,7,225537,Senior (>65)
cust_3050,47,Suburban,Middle,647,17832.77,52896.32,2905.42,11537802,153,49,3275,4,737.19,Daily,Wallet Balance,10,57.98,5,1165361,Dewasa (45-65)
cust_3051,23,Suburban,Middle,404,7848.6,14592.98,1492.5,3170833,17,17,4924,37,2816.55,Weekly,Debit Card,0,51.49,8,337223,Remaja (<25)
cust_3052,25,Suburban,Low,427,11192.53,51790.58,4528.01,4779212,339,149,499,15,3637.31,Weekly,Credit Card,19,41.34,8,486600,Remaja (<25)
cust_3053,53,Urban,Low,375,10570.56,40853.01,3285.28,3963959,237,43,2697,11,4522.7,Monthly,Wallet Balance,4,15.24,6,406628,Dewasa (45-65)
cust_3054,62,Suburban,High,902,12323.42,26310.89,2688.52,11115728,335,212,4240,40,4470.17,Weekly,UPI,17,41.47,3,1124817,Dewasa (45-65)
cust_3055,47,Suburban,High,567,18843.05,29015.01,5440.24,10684006,56,204,4496,43,776.64,Weekly,Credit Card,7,15.49,2,1083304,Dewasa (45-65)
cust_3056,63,Rural,Low,868,19023.03,40927.46,8863.88,16511989,44,205,2974,41,4977.37,Daily,Credit Card,17,52.99,9,1667758,Dewasa (45-65)
cust_3057,43,Suburban,High,755,16624.65,58052.32,6687.1,12551613,309,338,685,16,783.99,Weekly,UPI,8,13.24,8,1265739,Dewasa Muda (25-45)
cust_3058,32,Rural,Middle,252,3838.97,16529.19,1075.98,967419,241,63,754,24,4200.59,Monthly,Wallet Balance,1,53.51,10,108549,Dewasa Muda (25-45)
cust_3059,46,Suburban,Middle,533,6676.99,20115.59,3286.56,3558836,39,24,4578,23,2934.73,Monthly,Wallet Balance,16,39.39,5,370872,Dewasa (45-65)
cust_3060,23,Urban,Low,307,9761.62,13763.67,4079.87,2996816,130,33,2147,10,3391.43,Daily,Credit Card,10,70.34,10,313279,Remaja (<25)
cust_3061,55,Suburban,High,430,18110.16,36170.7,1853.55,7787370,98,209,2652,17,3019.86,Weekly,UPI,13,34.15,3,787231,Dewasa (45-65)
cust_3062,40,Suburban,Middle,675,10422.09,24810.57,1510.65,7034909,281,273,4881,35,4348.41,Daily,UPI,5,18.02,7,721578,Dewasa Muda (25-45)
cust_3063,24,Rural,Low,868,19548.94,69292.09,6286.69,16968478,80,176,2314,2,3185.49,Daily,Credit Card,4,60.62,2,1702083,Remaja (<25)
cust_3064,17,Rural,High,264,19676.99,39089.78,4722.12,5194724,288,44,4601,18,4243.32,Monthly,UPI,11,42.21,5,533352,Remaja (<25)
cust_3065,30,Rural,Middle,68,11975.7,23181.52,5089.95,814347,335,153,4056,5,771.84,Daily,Debit Card,11,39.11,4,93660,Dewasa Muda (25-45)
cust_3066,65,Suburban,High,107,17551.13,37643.8,8043.24,1877971,234,363,2297,22,4333.53,Daily,Wallet Balance,9,8.47,5,197424,Dewasa (45-65)
cust_3067,18,Suburban,High,400,19984.46,67349.96,3922.16,7993784,334,355,4534,39,4964.77,Monthly,Wallet Balance,2,28.03,10,819864,Remaja (<25)
cust_3068,64,Urban,High,579,16995.83,50486.48,6888.65,9840587,169,188,3679,6,3307.53,Daily,Wallet Balance,18,1.33,5,995362,Dewasa (45-65)
cust_3069,51,Suburban,Low,199,13141.65,57383.6,4128.57,2615188,79,285,386,46,4881.81,Daily,Debit Card,19,16.3,1,265449,Dewasa (45-65)
cust_3070,19,Urban,Middle,192,16904.22,64096.22,4340.78,3245610,71,12,1485,43,1099.42,Weekly,Credit Card,16,38.28,10,341281,Remaja (<25)
cust_3071,29,Rural,Low,514,1662.27,6096.04,689.37,854409,263,356,2543,46,4146.42,Weekly,Wallet Balance,14,34.61,8,101053,Dewasa Muda (25-45)
cust_3072,56,Rural,Middle,769,12700.08,20556.35,4139.84,9766360,200,137,4711,8,845.23,Weekly,UPI,3,41.28,2,988435,Dewasa (45-65)
cust_3073,56,Rural,Middle,442,4338.28,5296.65,1536.24,1917517,211,86,4751,1,2579.71,Weekly,Credit Card,5,62.64,9,209063,Dewasa (45-65)
cust_3074,40,Urban,Low,1,2330.11,7083.53,291.03,2330,18,53,136,46,3320.17,Monthly,Credit Card,1,19.47,4,7444,Dewasa Muda (25-45)
cust_3075,65,Suburban,Low,358,17858.5,22976.15,5971.02,6393341,273,61,2627,49,3301.31,Monthly,Wallet Balance,11,49.07,8,655837,Dewasa (45-65)
cust_3076,25,Rural,Middle,115,12796.5,31429.13,2818.87,1471597,210,113,4268,44,3354.3,Weekly,UPI,15,40.13,10,168418,Remaja (<25)
cust_3077,36,Suburban,Middle,903,4878.5,5388.05,1450.46,4405281,117,304,2049,47,1604.62,Daily,Credit Card,6,59.26,3,451523,Dewasa Muda (25-45)
cust_3078,51,Suburban,Middle,600,7741.78,13217.04,1461.68,4645066,104,108,856,46,4868.61,Daily,Wallet Balance,16,19.98,5,473384,Dewasa (45-65)
cust_3079,27,Rural,High,197,19465.8,28059.39,6731.08,3834762,77,335,4593,10,32.76,Daily,UPI,13,71.31,1,394645,Dewasa Muda (25-45)
cust_3080,42,Urban,Middle,981,17245.02,72497.03,2741.74,16917363,315,303,1143,2,3104.99,Weekly,UPI,8,48.14,6,1698669,Dewasa Muda (25-45)
cust_3081,55,Suburban,Low,604,321.48,766.57,47.95,194173,11,67,2837,41,4330.55,Daily,Credit Card,12,3.88,8,35026,Dewasa (45-65)
cust_3082,17,Rural,Low,274,19596.22,25776.6,3436.48,5369364,51,320,148,48,4455.57,Monthly,Debit Card,17,1.33,4,543804,Remaja (<25)
cust_3083,69,Suburban,Low,856,7376.9,15210.59,3149.83,6314629,7,122,4950,29,3601.03,Weekly,Debit Card,11,62.62,1,643462,Senior (>65)
cust_3084,28,Suburban,Middle,160,13911.41,51906.7,1577.74,2225825,37,254,2266,7,2874.06,Weekly,Wallet Balance,12,19.58,10,236377,Dewasa Muda (25-45)
cust_3085,68,Suburban,Middle,173,14256.4,56776.72,5586.1,2466357,261,300,2563,36,2286.68,Daily,Wallet Balance,15,17.83,10,264218,Senior (>65)
cust_3086,47,Suburban,High,545,18234.57,26977.33,2235.61,9937841,62,5,569,20,2247.58,Weekly,Debit Card,16,40.04,8,1003798,Dewasa (45-65)
cust_3087,46,Suburban,High,458,17702.37,72832.24,5961.15,8107684,200,350,197,7,2125.5,Daily,UPI,19,13.03,6,816799,Dewasa (45-65)
cust_3088,31,Urban,Low,585,5641.77,14004.22,2309.87,3300438,330,235,3445,46,3499.46,Weekly,Credit Card,20,21.5,10,349784,Dewasa Muda (25-45)
cust_3089,47,Urban,High,433,12874.27,47860.51,2477.39,5574560,90,335,3097,10,3656.04,Daily,UPI,10,37.64,8,570822,Dewasa (45-65)
cust_3090,47,Rural,High,929,7880.17,29046.56,1405.66,7320679,79,39,2505,40,2573.81,Daily,Credit Card,4,70.71,2,741791,Dewasa (45-65)
cust_3091,49,Urban,Low,481,10515.62,43896.1,2267.92,5058012,55,200,2756,33,3704.06,Daily,UPI,14,11.88,6,518761,Dewasa (45-65)
cust_3092,26,Urban,Middle,455,11098.02,42047.43,4215.53,5049600,221,170,4006,38,2642.28,Daily,Credit Card,0,3.98,2,517450,Dewasa Muda (25-45)
cust_3093,25,Urban,High,196,7932.91,9166.26,1601.9,1554849,92,358,711,15,486.76,Daily,Debit Card,16,51.27,6,164163,Remaja (<25)
cust_3094,30,Suburban,Middle,796,9283.24,28573.12,2791.54,7389460,74,348,926,6,4258.08,Monthly,Debit Card,17,44.75,6,745268,Dewasa Muda (25-45)
cust_3095,32,Suburban,Low,599,4174.76,6949.83,642.02,2500682,56,21,3769,3,4352.4,Monthly,Debit Card,8,23.24,10,265730,Dewasa Muda (25-45)
cust_3096,55,Rural,Low,309,12156.85,59323.71,3458.36,3756467,232,175,4270,31,1332.31,Daily,Debit Card,16,20.84,7,393620,Dewasa (45-65)
cust_3097,33,Rural,High,736,15181.61,30717.52,5311.91,11173662,179,74,4374,36,3932.17,Monthly,Credit Card,2,62.62,1,1128748,Dewasa Muda (25-45)
cust_3098,24,Rural,Low,556,8600.53,23053.1,1107.12,4781892,61,284,207,45,2555.85,Daily,Credit Card,7,23.81,1,482825,Remaja (<25)
cust_3099,40,Suburban,Low,848,19553.82,34938.94,8333.24,16581643,360,149,4870,21,620.14,Daily,Debit Card,10,43.1,1,1670694,Dewasa Muda (25-45)
cust_3100,55,Urban,Low,494,1153.96,1775.2,548.1,570054,117,113,2352,6,1989.99,Monthly,Credit Card,16,31.2,5,66314,Dewasa (45-65)
cust_3101,29,Urban,High,439,11787.32,40120.72,2091.3,5174634,78,284,2775,12,382.76,Monthly,UPI,15,38.45,1,525022,Dewasa Muda (25-45)
cust_3102,40,Suburban,High,650,11676.18,34710.0,4714.53,7589516,236,86,991,17,3932.33,Daily,Wallet Balance,19,64.06,3,763667,Dewasa Muda (25-45)
cust_3103,65,Rural,High,782,735.56,1837.91,165.79,575209,33,102,3426,41,981.17,Monthly,Credit Card,13,32.78,1,68982,Dewasa (45-65)
cust_3104,37,Rural,Low,359,4499.16,6036.41,1667.79,1615197,55,19,2078,33,821.96,Weekly,Credit Card,16,59.61,7,175564,Dewasa Muda (25-45)
cust_3105,67,Rural,Middle,36,18111.8,71429.98,4032.97,652024,243,63,124,12,1042.69,Monthly,UPI,6,43.76,8,74129,Senior (>65)
cust_3106,45,Suburban,Low,34,10894.84,11150.05,4847.52,370424,274,116,4526,33,1130.66,Daily,Debit Card,10,26.81,4,52829,Dewasa Muda (25-45)
cust_3107,35,Rural,High,88,8733.35,24721.04,2085.9,768535,74,180,860,28,3369.76,Weekly,UPI,16,2.77,9,88688,Dewasa Muda (25-45)
cust_3108,36,Rural,Middle,658,8315.77,29357.08,3655.05,5471779,21,38,707,46,3193.0,Monthly,Debit Card,12,48.39,8,559595,Dewasa Muda (25-45)
cust_3109,59,Suburban,Middle,16,17764.34,48369.5,7220.44,284229,353,302,1314,4,646.68,Monthly,UPI,18,50.45,7,38127,Dewasa (45-65)
cust_3110,47,Urban,High,745,7346.95,11055.96,1311.65,5473480,201,92,4554,30,3622.1,Monthly,Debit Card,16,71.5,9,566644,Dewasa (45-65)
cust_3111,66,Suburban,Middle,421,17184.75,70680.85,2797.35,7234777,154,173,1057,10,1745.29,Monthly,UPI,10,51.48,10,735719,Senior (>65)
cust_3112,61,Suburban,Middle,553,6190.76,14212.6,2549.74,3423490,254,205,3598,37,2287.36,Monthly,Wallet Balance,3,59.2,3,355101,Dewasa (45-65)
cust_3113,64,Suburban,High,767,10634.76,16367.14,2723.79,8156864,207,9,4436,50,624.3,Daily,Wallet Balance,15,12.88,2,831246,Dewasa (45-65)
cust_3114,36,Suburban,Middle,793,2884.96,9234.93,1384.08,2287771,149,9,2886,46,3543.13,Monthly,Credit Card,20,55.17,10,247377,Dewasa Muda (25-45)
cust_3115,50,Urban,Middle,126,16502.36,17767.86,7874.58,2079296,183,21,1360,3,1881.11,Weekly,Wallet Balance,0,25.99,5,215009,Dewasa (45-65)
cust_3116,47,Rural,High,8,14722.14,33805.78,5556.02,117777,302,24,1169,6,3160.65,Monthly,UPI,12,70.58,10,23135,Dewasa (45-65)
cust_3117,45,Suburban,Middle,472,10606.56,42453.49,3184.43,5006296,297,95,1573,22,2136.1,Monthly,Wallet Balance,16,33.07,9,513907,Dewasa Muda (25-45)
cust_3118,54,Urban,Middle,468,527.77,2454.56,93.94,246995,261,192,319,30,244.34,Daily,UPI,14,34.0,2,30215,Dewasa (45-65)
cust_3119,64,Rural,Middle,880,9630.33,32424.47,4362.13,8474693,44,349,4469,16,3517.45,Daily,Debit Card,9,36.32,2,858248,Dewasa (45-65)
cust_3120,27,Rural,Middle,862,4511.68,8438.85,599.15,3889066,144,296,370,9,2762.54,Weekly,Wallet Balance,0,22.85,5,394165,Dewasa Muda (25-45)
cust_3121,56,Rural,High,852,8273.35,15553.91,2052.95,7048896,244,180,1808,21,2171.22,Daily,Wallet Balance,14,27.95,9,718519,Dewasa (45-65)
cust_3122,62,Suburban,Low,510,17129.97,58507.17,3900.28,8736282,5,131,2463,29,1007.76,Weekly,Debit Card,10,28.86,9,889950,Dewasa (45-65)
cust_3123,33,Suburban,Low,402,15394.37,40441.73,7441.2,6188536,62,21,1616,28,3121.72,Monthly,Wallet Balance,12,37.42,10,633324,Dewasa Muda (25-45)
cust_3124,36,Rural,Middle,836,4846.64,8283.18,713.65,4051789,346,8,4013,16,1375.99,Daily,Credit Card,2,11.03,4,418116,Dewasa Muda (25-45)
cust_3125,28,Rural,High,176,19699.22,81743.65,8984.03,3467062,26,201,4678,42,2145.87,Monthly,UPI,20,43.43,9,368189,Dewasa Muda (25-45)
cust_3126,36,Rural,High,740,18065.18,32534.88,5104.75,13368231,317,14,4978,20,282.43,Monthly,Credit Card,15,39.27,1,1349637,Dewasa Muda (25-45)
cust_3127,23,Rural,Middle,966,10578.18,24187.68,1258.8,10218523,325,332,3900,21,3883.73,Daily,Debit Card,13,70.74,9,1038810,Remaja (<25)
cust_3128,61,Rural,Low,835,10607.7,13214.21,4153.41,8857433,184,36,870,47,450.19,Daily,Wallet Balance,10,63.08,7,898958,Dewasa (45-65)
cust_3129,55,Rural,Middle,914,18026.31,68598.9,2530.02,16476044,306,164,299,38,4454.2,Daily,UPI,9,33.84,9,1658775,Dewasa (45-65)
cust_3130,61,Urban,High,367,12726.53,26739.87,2479.15,4670638,36,45,2269,39,4337.87,Monthly,Credit Card,12,50.56,10,483332,Dewasa (45-65)
cust_3131,22,Rural,High,488,10738.4,20740.88,4508.96,5240339,30,144,933,47,4855.45,Daily,Credit Card,6,47.55,5,533172,Remaja (<25)
cust_3132,38,Suburban,Low,18,14985.48,33169.36,2426.04,269738,69,11,3687,47,4542.21,Weekly,Debit Card,16,17.67,6,42776,Dewasa Muda (25-45)
cust_3133,59,Suburban,High,56,4709.59,21176.78,1084.09,263737,232,323,4328,21,4857.04,Weekly,Wallet Balance,15,24.64,1,35701,Dewasa (45-65)
cust_3134,47,Suburban,High,919,17568.76,53972.55,4293.79,16145694,176,354,2225,26,4436.38,Daily,UPI,4,3.37,2,1621401,Dewasa (45-65)
cust_3135,26,Rural,High,35,10632.99,17348.14,3567.59,372154,278,346,73,22,562.54,Weekly,Wallet Balance,5,7.8,1,40280,Dewasa Muda (25-45)
cust_3136,37,Suburban,Low,902,12073.95,49478.13,5022.44,10890703,33,212,1369,3,2188.41,Daily,Wallet Balance,1,22.99,1,1092014,Dewasa Muda (25-45)
cust_3137,37,Urban,High,630,1807.98,3315.49,347.72,1139026,69,113,4148,25,380.78,Monthly,Debit Card,2,56.25,7,131508,Dewasa Muda (25-45)
cust_3138,58,Rural,Middle,794,6197.08,16421.68,1129.81,4920484,352,346,1455,38,2726.49,Weekly,Debit Card,20,51.82,3,500395,Dewasa (45-65)
cust_3139,40,Suburban,Low,766,8540.44,27946.91,1612.1,6541976,255,345,2512,16,2648.78,Weekly,UPI,9,69.46,1,660497,Dewasa Muda (25-45)
cust_3140,37,Urban,Middle,725,8284.05,27650.27,2092.92,6005937,50,11,2816,2,4610.89,Weekly,UPI,15,27.02,1,605120,Dewasa Muda (25-45)
cust_3141,43,Urban,Middle,573,15567.9,19866.65,4888.96,8920409,23,336,1894,16,4848.47,Weekly,Debit Card,0,25.34,7,902004,Dewasa Muda (25-45)
cust_3142,44,Suburban,Low,600,5653.62,24577.54,595.77,3392174,254,340,4213,42,1298.22,Weekly,Debit Card,19,8.31,5,356194,Dewasa Muda (25-45)
cust_3143,28,Urban,Middle,783,3650.36,10650.75,1504.38,2858235,164,362,2265,39,2911.56,Monthly,UPI,20,56.92,1,293797,Dewasa Muda (25-45)
cust_3144,33,Suburban,Low,347,11656.52,57781.86,5486.57,4044812,273,166,1800,18,2322.21,Weekly,Credit Card,2,12.75,8,416720,Dewasa Muda (25-45)
cust_3145,17,Urban,Middle,32,12304.15,47614.21,5381.93,393732,181,258,2848,38,2733.68,Daily,Credit Card,3,68.69,6,53502,Remaja (<25)
cust_3146,44,Rural,Low,908,2440.45,12129.71,280.34,2215928,347,54,281,17,2658.64,Weekly,Wallet Balance,18,23.42,5,227525,Dewasa Muda (25-45)
cust_3147,36,Rural,High,133,59.35,166.99,18.39,7892,250,93,3369,27,4570.62,Daily,UPI,3,46.96,6,13941,Dewasa Muda (25-45)
cust_3148,30,Rural,High,576,18353.81,28689.3,7811.58,10571791,237,263,713,14,4480.63,Daily,UPI,6,32.98,8,1065764,Dewasa Muda (25-45)
cust_3149,67,Rural,Middle,199,1601.94,6262.38,380.7,318786,232,296,937,50,613.68,Monthly,Wallet Balance,8,16.92,9,47445,Senior (>65)
cust_3150,42,Rural,High,256,17958.36,73827.56,8239.56,4597340,122,45,815,25,1725.55,Weekly,UPI,20,33.38,9,472001,Dewasa Muda (25-45)
cust_3151,65,Suburban,Low,342,7990.31,35247.96,3633.61,2732684,242,217,1775,34,3763.88,Monthly,Credit Card,19,24.14,3,281336,Dewasa (45-65)
cust_3152,46,Rural,Middle,667,13064.59,28817.82,2046.98,8714079,134,189,2227,15,3419.94,Weekly,UPI,6,45.41,1,876652,Dewasa (45-65)
cust_3153,30,Rural,High,975,3720.44,11320.31,1106.65,3627426,71,107,1178,14,3155.96,Weekly,Debit Card,2,40.13,10,374920,Dewasa Muda (25-45)
cust_3154,66,Rural,High,231,16480.1,73007.22,1817.21,3806903,346,290,1962,4,4969.05,Monthly,UPI,4,6.87,6,388529,Senior (>65)
cust_3155,38,Rural,Middle,301,3612.07,16106.0,768.44,1087231,310,8,3793,45,1684.68,Monthly,UPI,3,6.12,7,126966,Dewasa Muda (25-45)
cust_3156,39,Urban,High,547,7736.32,8531.11,3285.99,4231765,279,32,2431,23,2576.24,Daily,Wallet Balance,10,69.53,6,435050,Dewasa Muda (25-45)
cust_3157,59,Rural,High,26,4768.14,17564.22,2336.65,123971,219,168,2914,1,4895.75,Daily,Debit Card,9,22.41,5,20877,Dewasa (45-65)
cust_3158,28,Rural,Middle,535,16751.74,57068.99,7795.08,8962183,185,331,2331,35,3477.76,Daily,Wallet Balance,13,7.43,10,912641,Dewasa Muda (25-45)
cust_3159,37,Suburban,High,653,17168.13,22891.15,2009.22,11210790,307,37,1801,44,3243.4,Monthly,UPI,20,13.91,5,1132459,Dewasa Muda (25-45)
cust_3160,58,Urban,High,474,7446.86,35153.22,3505.18,3529810,314,231,2498,47,773.74,Weekly,Debit Card,16,11.97,10,372290,Dewasa (45-65)
cust_3161,52,Suburban,High,387,6154.5,17118.66,2640.64,2381789,217,183,4572,30,1233.28,Daily,Credit Card,1,15.9,3,252706,Dewasa (45-65)
cust_3162,48,Rural,High,285,15473.57,57206.27,6917.94,4409967,281,292,1167,29,1887.37,Monthly,Credit Card,9,4.33,4,449287,Dewasa (45-65)
cust_3163,18,Suburban,Middle,450,17571.45,79619.62,8187.08,7907154,281,246,256,11,2324.24,Daily,UPI,6,15.04,10,801165,Remaja (<25)
cust_3164,69,Suburban,Low,320,12484.16,18981.97,3686.22,3994931,125,10,2435,36,2486.05,Weekly,Credit Card,2,67.84,3,409720,Senior (>65)
cust_3165,34,Rural,Low,156,18548.8,82048.25,3422.02,2893612,179,70,1748,20,4510.69,Monthly,UPI,0,41.62,9,301601,Dewasa Muda (25-45)
cust_3166,38,Urban,High,471,7667.05,29880.18,831.18,3611178,327,237,131,11,536.06,Monthly,Wallet Balance,8,24.09,3,365211,Dewasa Muda (25-45)
cust_3167,44,Urban,High,420,3046.21,13276.5,333.31,1279407,35,118,2674,39,1241.76,Weekly,UPI,3,57.06,5,141567,Dewasa Muda (25-45)
cust_3168,45,Suburban,Low,113,3601.06,10728.8,1285.6,406920,70,217,2451,36,718.17,Monthly,Debit Card,2,64.61,6,54834,Dewasa Muda (25-45)
cust_3169,54,Rural,High,902,13399.94,15194.72,3147.81,12086746,360,191,4414,34,3676.55,Monthly,Debit Card,4,6.02,8,1227064,Dewasa (45-65)
cust_3170,59,Suburban,Low,651,8156.45,30032.58,2433.55,5309851,178,351,4562,21,4852.9,Monthly,UPI,16,25.45,10,549782,Dewasa (45-65)
cust_3171,62,Suburban,Middle,422,3134.73,7830.96,478.15,1322855,49,239,802,44,4469.8,Daily,Credit Card,16,59.12,6,142054,Dewasa (45-65)
cust_3172,40,Suburban,Middle,886,5851.61,15270.74,2868.49,5184530,68,328,2163,35,3616.5,Weekly,Wallet Balance,12,44.11,6,530470,Dewasa Muda (25-45)
cust_3173,52,Rural,Middle,930,10616.8,29355.96,1613.51,9873619,7,317,812,7,107.61,Daily,UPI,0,49.44,6,995632,Dewasa (45-65)
cust_3174,62,Rural,Middle,721,2437.69,7243.94,677.49,1757575,94,206,4759,26,1735.15,Weekly,Credit Card,12,40.73,1,188007,Dewasa (45-65)
cust_3175,23,Urban,Middle,835,78.82,287.5,21.86,65810,81,222,497,26,4318.09,Monthly,Debit Card,6,6.84,10,18016,Remaja (<25)
cust_3176,57,Rural,Middle,876,18346.79,71682.78,1898.07,16071786,250,146,2552,35,3265.35,Weekly,Wallet Balance,11,61.41,6,1620149,Dewasa (45-65)
cust_3177,31,Suburban,Low,942,6104.18,25072.1,2240.96,5750133,38,189,151,6,1048.01,Monthly,Credit Card,8,17.92,1,576391,Dewasa Muda (25-45)
cust_3178,23,Suburban,High,994,4437.75,16359.42,1399.15,4411121,350,238,3283,2,2332.44,Monthly,UPI,20,8.33,2,448711,Remaja (<25)
cust_3179,16,Urban,Low,598,13972.63,58879.52,4177.8,8355633,45,292,1349,3,439.59,Weekly,Wallet Balance,17,25.1,8,846341,Remaja (<25)
cust_3180,59,Rural,Middle,285,17069.52,25409.63,7292.68,4864813,359,223,1125,23,2604.01,Monthly,Wallet Balance,19,53.92,8,497729,Dewasa (45-65)
cust_3181,20,Suburban,High,572,12649.25,54989.72,2485.01,7235372,137,246,1397,7,4505.14,Daily,Credit Card,20,63.48,2,726778,Remaja (<25)
cust_3182,18,Urban,High,54,5097.11,12993.13,2265.35,275243,311,247,2812,44,193.59,Weekly,Credit Card,12,47.19,3,40451,Remaja (<25)
cust_3183,16,Urban,Middle,605,17234.12,53686.11,7684.89,10426640,308,38,280,12,3069.46,Weekly,UPI,0,26.42,6,1048889,Remaja (<25)
cust_3184,19,Suburban,Middle,325,10213.44,27934.96,4399.39,3319367,305,207,4560,8,1165.51,Weekly,Debit Card,1,52.7,4,345274,Remaja (<25)
cust_3185,55,Suburban,Middle,970,7630.0,22148.9,1804.95,7401104,229,187,1476,19,4951.93,Monthly,Wallet Balance,7,55.42,9,751486,Dewasa (45-65)
cust_3186,50,Rural,Middle,458,12098.48,25911.43,1996.53,5541101,183,360,272,19,325.51,Daily,UPI,1,66.54,7,563391,Dewasa (45-65)
cust_3187,47,Urban,Middle,885,14015.24,23542.85,4065.41,12403485,326,92,3987,4,3086.46,Weekly,Debit Card,11,9.42,10,1257179,Dewasa (45-65)
cust_3188,57,Suburban,Middle,265,11880.66,16865.53,2422.9,3148374,204,6,520,45,1281.85,Monthly,Credit Card,0,10.96,9,328736,Dewasa (45-65)
cust_3189,49,Urban,High,382,18405.71,51638.96,2224.75,7030979,111,133,1726,4,4412.32,Daily,Debit Card,8,31.98,7,711743,Dewasa (45-65)
cust_3190,58,Rural,Middle,213,12564.08,18859.23,2660.92,2676148,68,92,4199,34,609.65,Monthly,Credit Card,5,25.18,6,285107,Dewasa (45-65)
cust_3191,40,Suburban,Middle,333,17572.83,34793.39,5054.85,5851751,357,1,1106,0,2146.26,Monthly,Debit Card,17,55.83,4,590314,Dewasa Muda (25-45)
cust_3192,25,Rural,High,10,11743.3,18019.66,1703.88,117432,38,270,1475,41,926.81,Daily,UPI,0,42.77,8,26329,Remaja (<25)
cust_3193,36,Urban,Low,358,6600.29,9481.22,3153.18,2362905,198,83,4997,14,3997.22,Monthly,Credit Card,5,7.82,6,251685,Dewasa Muda (25-45)
cust_3194,61,Rural,Middle,203,10650.61,48245.62,3860.21,2162074,305,287,916,16,1757.22,Daily,Wallet Balance,19,38.95,10,228760,Dewasa (45-65)
cust_3195,54,Rural,High,708,1735.87,6415.96,268.25,1228996,92,179,1982,11,933.57,Weekly,UPI,15,21.27,5,132496,Dewasa (45-65)
cust_3196,42,Urban,High,58,4611.19,21649.71,1958.95,267449,264,335,4312,45,3629.51,Weekly,UPI,1,29.92,6,44054,Dewasa Muda (25-45)
cust_3197,42,Rural,Low,494,15326.97,54809.99,7222.61,7571523,243,147,2333,35,4086.09,Daily,Debit Card,1,6.78,6,769275,Dewasa Muda (25-45)
cust_3198,17,Urban,Middle,510,13232.9,57904.57,2714.25,6748777,116,102,3921,42,2311.98,Monthly,UPI,19,3.49,2,687763,Remaja (<25)
cust_3199,56,Suburban,Middle,768,3338.71,10754.63,525.18,2564128,95,288,660,14,1894.25,Weekly,Debit Card,6,69.53,3,261185,Dewasa (45-65)
cust_3200,63,Urban,Middle,223,8765.92,24987.44,2007.31,1954800,213,313,3734,13,3160.72,Daily,Debit Card,15,53.66,10,212667,Dewasa (45-65)
cust_3201,28,Urban,High,369,2848.42,8869.74,1233.08,1051068,246,31,2045,26,3256.98,Daily,Credit Card,18,47.38,9,119168,Dewasa Muda (25-45)
cust_3202,24,Suburban,Middle,692,17117.8,39044.02,2910.67,11845516,173,314,669,49,3303.73,Monthly,UPI,6,49.02,8,1197137,Remaja (<25)
cust_3203,67,Urban,Middle,418,2192.3,7962.2,902.66,916382,285,154,1979,21,1378.79,Monthly,UPI,2,46.27,8,105006,Senior (>65)
cust_3204,51,Suburban,Middle,874,13088.16,60057.62,5058.64,11439049,79,48,2321,8,4706.51,Weekly,Wallet Balance,17,27.93,1,1147993,Dewasa (45-65)
cust_3205,37,Suburban,Middle,547,12143.93,50147.31,4378.45,6642729,280,41,3827,46,1067.22,Weekly,UPI,1,36.34,9,684993,Dewasa Muda (25-45)
cust_3206,57,Urban,Low,871,9460.81,26944.37,2585.89,8240361,149,153,2732,20,1870.79,Weekly,Wallet Balance,8,66.69,4,834564,Dewasa (45-65)
cust_3207,41,Rural,Low,103,5571.91,26832.52,1374.64,573906,279,182,1852,2,1418.47,Monthly,UPI,4,27.33,2,62585,Dewasa Muda (25-45)
cust_3208,69,Rural,Low,161,8085.09,39954.03,1084.24,1301699,351,232,2106,30,4655.62,Weekly,Debit Card,10,14.57,7,142054,Senior (>65)
cust_3209,27,Suburban,Middle,200,16129.76,47944.14,3918.6,3225952,226,121,1645,12,4141.85,Daily,Wallet Balance,2,4.84,6,331014,Dewasa Muda (25-45)
cust_3210,32,Rural,Middle,160,15233.4,67919.02,5190.58,2437344,323,185,1429,1,4056.36,Daily,Debit Card,1,19.49,9,253664,Dewasa Muda (25-45)
cust_3211,29,Rural,High,695,14778.79,15060.79,6787.66,10271261,118,317,3441,46,23.55,Weekly,Wallet Balance,18,10.31,2,1040596,Dewasa Muda (25-45)
cust_3212,29,Urban,High,865,14998.97,18998.04,6498.3,12974112,73,120,919,13,3429.5,Monthly,UPI,10,47.22,6,1304834,Dewasa Muda (25-45)
cust_3213,49,Suburban,High,136,2886.29,3144.78,325.82,392535,6,352,2112,6,1151.37,Weekly,Wallet Balance,20,17.8,8,51501,Dewasa (45-65)
cust_3214,68,Suburban,Middle,942,1990.94,8148.22,309.68,1875463,321,226,3951,28,4838.72,Daily,Debit Card,11,24.59,6,201829,Senior (>65)
cust_3215,35,Urban,Low,398,17231.36,22730.17,7571.38,6858080,22,112,4095,3,2653.76,Weekly,Debit Card,14,7.8,8,700971,Dewasa Muda (25-45)
cust_3216,26,Rural,Low,738,16745.12,17887.17,7966.11,12357898,179,195,411,3,2823.52,Daily,UPI,16,31.92,2,1237500,Dewasa Muda (25-45)
cust_3217,31,Suburban,Low,392,13629.55,21666.56,1667.22,5342784,196,297,4393,23,1782.41,Monthly,Debit Card,1,68.79,9,553473,Dewasa Muda (25-45)
cust_3218,66,Rural,Middle,755,12122.06,26973.75,4612.45,9152152,109,26,3299,41,2683.65,Daily,UPI,0,32.17,6,930571,Senior (>65)
cust_3219,46,Suburban,Low,106,7343.77,20994.38,1808.72,778439,185,194,2858,20,3748.69,Weekly,Credit Card,3,54.33,7,90685,Dewasa (45-65)
cust_3220,21,Suburban,High,583,4489.41,5663.9,1103.12,2617326,55,19,1220,50,2809.6,Monthly,Debit Card,16,41.47,2,269767,Remaja (<25)
cust_3221,34,Suburban,High,589,13356.45,40014.98,4769.16,7866950,229,343,2290,44,3206.31,Monthly,Credit Card,6,23.55,10,804071,Dewasa Muda (25-45)
cust_3222,52,Suburban,Low,54,18261.56,36381.52,7744.48,986124,19,25,2750,27,2362.34,Monthly,Credit Card,4,67.84,8,113631,Dewasa (45-65)
cust_3223,19,Rural,High,277,8745.56,18343.69,1836.0,2422520,364,47,753,37,3582.0,Weekly,Wallet Balance,7,37.79,9,254667,Remaja (<25)
cust_3224,62,Rural,Low,111,6071.22,26031.01,2320.07,673905,216,199,1486,7,4497.8,Daily,Credit Card,0,55.81,3,71813,Dewasa (45-65)
cust_3225,19,Rural,Low,224,5422.13,26827.04,1921.33,1214556,48,264,4353,41,255.26,Weekly,Wallet Balance,9,9.7,4,138134,Remaja (<25)
cust_3226,35,Rural,High,75,483.87,1381.66,148.51,36290,160,3,4246,16,536.48,Daily,Debit Card,3,17.09,6,19452,Dewasa Muda (25-45)
cust_3227,25,Urban,High,506,10411.13,23811.12,3549.89,5268032,273,239,1440,8,3428.05,Monthly,UPI,13,33.17,3,531769,Remaja (<25)
cust_3228,39,Suburban,High,14,19764.84,93404.53,2119.21,276707,96,289,3371,45,1888.52,Daily,UPI,8,55.63,10,47968,Dewasa Muda (25-45)
cust_3229,69,Suburban,High,971,16306.6,48949.06,1657.18,15833710,30,22,2206,19,1408.09,Monthly,Wallet Balance,16,58.92,7,1595979,Senior (>65)
cust_3230,50,Suburban,Low,770,17950.52,70391.42,5747.32,13821900,121,355,1930,4,892.97,Monthly,Wallet Balance,13,70.43,8,1394003,Dewasa (45-65)
cust_3231,41,Urban,High,482,12427.07,32993.38,3847.96,5989847,354,354,2369,34,2863.18,Monthly,Credit Card,18,68.5,5,610691,Dewasa Muda (25-45)
cust_3232,52,Rural,High,189,9634.11,17439.62,1238.31,1820847,190,30,1771,40,1737.66,Monthly,Wallet Balance,1,31.02,5,193757,Dewasa (45-65)
cust_3233,53,Suburban,Middle,364,19809.24,71700.33,5879.59,7210561,152,47,3770,28,2539.8,Weekly,Credit Card,13,38.77,3,733126,Dewasa (45-65)
cust_3234,36,Rural,High,239,8948.77,32746.87,3606.46,2138756,255,315,2252,11,4792.81,Daily,Credit Card,8,2.81,4,221083,Dewasa Muda (25-45)
cust_3235,69,Rural,High,401,18337.44,52091.82,5803.45,7353314,191,270,2162,31,3791.34,Weekly,Wallet Balance,4,35.74,3,743859,Senior (>65)
cust_3236,55,Urban,Low,846,15239.28,31694.63,4679.15,12892428,142,329,1091,30,3979.75,Monthly,Credit Card,14,3.62,8,1300435,Dewasa (45-65)
cust_3237,54,Urban,Low,985,6626.26,28673.5,2565.44,6526864,246,361,2469,30,620.99,Daily,Debit Card,5,1.94,3,663313,Dewasa (45-65)
cust_3238,36,Rural,Middle,304,10066.21,21151.86,1698.55,3060128,34,270,1410,0,1624.9,Daily,Debit Card,15,40.49,2,310020,Dewasa Muda (25-45)
cust_3239,25,Suburban,High,91,7692.74,27971.54,2176.99,700039,187,152,843,42,531.18,Daily,Wallet Balance,10,64.73,6,81624,Remaja (<25)
cust_3240,53,Suburban,High,392,2733.1,6930.99,435.16,1071376,86,226,1662,4,4842.6,Weekly,Credit Card,8,69.51,8,116440,Dewasa (45-65)
cust_3241,61,Urban,High,184,7141.76,20639.15,2210.63,1314084,161,248,4765,50,3410.94,Daily,Wallet Balance,11,53.11,10,154232,Dewasa (45-65)
cust_3242,19,Urban,High,17,17780.57,32816.01,5988.08,302269,364,305,877,35,96.17,Daily,Debit Card,7,54.07,8,43432,Remaja (<25)
cust_3243,60,Urban,High,965,15055.19,54167.36,2238.24,14528255,118,171,4042,11,2377.52,Daily,Credit Card,16,32.37,6,1466820,Dewasa (45-65)
cust_3244,35,Urban,High,12,5558.85,10580.17,723.8,66706,111,237,4695,15,1317.63,Daily,Wallet Balance,11,41.23,6,22901,Dewasa Muda (25-45)
cust_3245,32,Urban,Middle,166,7364.59,21672.92,1227.63,1222521,58,236,3631,15,2699.79,Monthly,UPI,0,42.47,6,135664,Dewasa Muda (25-45)
cust_3246,22,Urban,High,146,12332.51,28535.43,4125.66,1800547,18,259,2850,20,893.29,Daily,Credit Card,7,5.96,5,192308,Remaja (<25)
cust_3247,19,Urban,High,282,8328.63,40430.72,1464.57,2348675,359,279,3907,32,284.28,Monthly,Debit Card,0,4.24,4,249739,Remaja (<25)
cust_3248,44,Suburban,High,991,10065.85,49613.42,2114.81,9975259,140,148,1561,25,1615.89,Daily,UPI,12,11.32,2,1004339,Dewasa Muda (25-45)
cust_3249,29,Urban,Middle,549,13966.39,56060.59,5321.45,7667546,194,109,1111,2,1477.54,Daily,Debit Card,4,57.43,5,773437,Dewasa Muda (25-45)
cust_3250,18,Urban,High,582,9350.34,46150.21,1863.88,5441900,130,143,2154,22,3584.82,Weekly,Debit Card,19,40.85,2,550905,Remaja (<25)
cust_3251,39,Suburban,Middle,169,3827.49,5565.94,991.36,646845,212,299,4332,24,2372.74,Weekly,Wallet Balance,4,42.98,9,83562,Dewasa Muda (25-45)
cust_3252,52,Suburban,Low,847,10416.27,51761.57,4911.67,8822583,284,71,203,19,1456.64,Weekly,Debit Card,7,25.79,4,887836,Dewasa (45-65)
cust_3253,31,Rural,High,170,7128.8,10081.72,3065.38,1211896,120,311,4676,46,2852.15,Daily,UPI,10,62.67,1,134715,Dewasa Muda (25-45)
cust_3254,67,Urban,Middle,765,5821.78,15496.45,1177.1,4453659,42,126,2639,48,356.59,Monthly,Wallet Balance,19,69.41,10,465265,Senior (>65)
cust_3255,19,Urban,Low,346,6568.89,12847.37,2227.05,2272835,3,82,863,35,3311.76,Weekly,Wallet Balance,7,16.17,1,231853,Remaja (<25)
cust_3256,39,Urban,Middle,499,8785.65,42306.3,3218.38,4384041,229,41,3709,34,736.45,Weekly,Credit Card,9,23.36,10,458853,Dewasa Muda (25-45)
cust_3257,49,Urban,Middle,460,17733.4,62832.26,8159.08,8157362,229,259,4968,42,1398.5,Daily,UPI,4,24.3,5,834173,Dewasa (45-65)
cust_3258,45,Rural,Low,297,14683.8,49756.21,4683.94,4361089,343,356,3021,32,1410.61,Weekly,UPI,19,69.36,8,452645,Dewasa Muda (25-45)
cust_3259,33,Suburban,High,943,13360.96,66667.9,4335.83,12599385,141,144,4632,4,2329.26,Daily,Debit Card,2,37.77,7,1275437,Dewasa Muda (25-45)
cust_3260,34,Suburban,High,142,9430.49,32532.41,4294.45,1339129,57,171,533,3,4765.79,Monthly,Wallet Balance,4,41.29,7,139896,Dewasa Muda (25-45)
cust_3261,46,Urban,Middle,897,46.58,166.97,5.67,41782,216,279,739,7,1623.3,Daily,UPI,14,27.14,5,10544,Dewasa (45-65)
cust_3262,34,Urban,Low,785,6817.61,8038.62,2394.73,5351822,131,143,1838,10,1406.61,Monthly,UPI,13,64.86,9,548154,Dewasa Muda (25-45)
cust_3263,64,Urban,High,737,16265.71,72157.98,4337.41,11987827,114,127,4406,42,844.01,Monthly,Debit Card,20,14.56,5,1216372,Dewasa (45-65)
cust_3264,61,Rural,Middle,695,7769.54,37918.12,3604.33,5399827,191,58,2312,49,1959.84,Daily,Credit Card,4,33.46,1,549526,Dewasa (45-65)
cust_3265,34,Rural,Low,733,11280.74,54612.84,5462.32,8268785,243,168,2929,26,910.21,Daily,UPI,1,17.01,5,839881,Dewasa Muda (25-45)
cust_3266,37,Suburban,Middle,53,4102.75,7731.31,689.67,217445,294,118,373,9,688.85,Monthly,Debit Card,6,42.54,3,26046,Dewasa Muda (25-45)
cust_3267,39,Urban,Low,118,18318.0,34871.26,3894.17,2161523,315,166,3948,44,4286.79,Weekly,Credit Card,6,39.89,3,229304,Dewasa Muda (25-45)
cust_3268,60,Urban,High,365,18464.18,45499.21,3866.09,6739424,28,82,2658,19,263.19,Daily,Credit Card,13,10.32,5,686026,Dewasa (45-65)
cust_3269,27,Urban,High,671,2929.95,6565.54,410.93,1965994,26,358,3494,31,3554.13,Daily,Credit Card,14,59.97,1,205910,Dewasa Muda (25-45)
cust_3270,45,Urban,Middle,958,14485.94,32194.4,4246.95,13877528,84,134,4315,47,1012.85,Daily,Credit Card,16,9.7,8,1408576,Dewasa Muda (25-45)
cust_3271,53,Rural,High,136,1514.02,5179.25,462.13,205906,347,364,1500,26,58.58,Monthly,UPI,8,13.53,9,35161,Dewasa (45-65)
cust_3272,68,Suburban,High,414,11974.97,50563.48,3942.05,4957636,321,46,519,48,3975.72,Weekly,UPI,3,20.22,10,509613,Senior (>65)
cust_3273,46,Suburban,Low,77,3581.29,17000.63,1307.83,275759,330,262,362,17,3511.43,Daily,Debit Card,15,58.76,4,32244,Dewasa (45-65)
cust_3274,51,Rural,High,848,2922.65,3715.98,365.82,2478405,202,123,1476,25,1671.49,Daily,UPI,13,15.45,1,253456,Dewasa (45-65)
cust_3275,34,Urban,Low,962,92.36,195.05,32.23,88845,61,222,4719,34,396.66,Weekly,UPI,0,16.57,2,23524,Dewasa Muda (25-45)
cust_3276,63,Suburban,Low,557,18817.73,38012.86,8760.1,10481477,185,92,2012,27,1803.36,Monthly,UPI,1,47.29,7,1060970,Dewasa (45-65)
cust_3277,60,Suburban,Middle,18,16586.76,40301.82,4677.41,298561,246,19,3324,0,906.64,Daily,Credit Card,12,59.91,1,37050,Dewasa (45-65)
cust_3278,51,Rural,Low,867,1558.74,4204.44,222.41,1351424,1,270,1952,33,4662.52,Daily,UPI,7,50.64,3,143015,Dewasa (45-65)
cust_3279,45,Urban,High,941,11991.52,30658.55,1611.39,11284018,243,65,4308,25,2648.12,Monthly,Wallet Balance,8,39.16,7,1145193,Dewasa Muda (25-45)
cust_3280,64,Suburban,Low,403,4665.64,22435.12,992.38,1880251,32,219,4969,5,4819.22,Daily,Debit Card,9,47.16,4,200053,Dewasa (45-65)
cust_3281,48,Urban,Low,205,5287.68,14533.27,2120.41,1083973,235,352,530,49,1756.57,Monthly,UPI,19,39.84,10,123479,Dewasa (45-65)
cust_3282,33,Suburban,Middle,499,17484.66,56062.31,3573.86,8724847,17,157,4543,48,2782.31,Weekly,Wallet Balance,9,26.33,4,888979,Dewasa Muda (25-45)
cust_3283,67,Rural,High,324,2295.37,9168.94,977.21,743700,89,153,4147,45,950.62,Weekly,Wallet Balance,15,50.03,1,87688,Senior (>65)
cust_3284,64,Urban,High,595,12033.79,46935.85,5148.82,7160103,52,247,2702,24,4042.15,Monthly,Credit Card,8,49.8,8,729793,Dewasa (45-65)
cust_3285,43,Rural,High,562,8031.1,26758.48,2271.55,4513477,164,199,1577,16,205.5,Monthly,Debit Card,5,45.91,4,459998,Dewasa Muda (25-45)
cust_3286,62,Suburban,Low,281,3824.1,16991.75,842.51,1074573,303,231,1631,25,3478.08,Monthly,Credit Card,11,46.09,9,120480,Dewasa (45-65)
cust_3287,26,Rural,High,166,9043.84,31623.83,3066.47,1501277,32,302,2386,20,1958.3,Weekly,Wallet Balance,16,17.77,5,160920,Dewasa Muda (25-45)
cust_3288,69,Rural,High,243,18810.38,84628.57,7979.59,4570922,198,16,846,31,2892.08,Weekly,UPI,9,66.83,6,466438,Senior (>65)
cust_3289,60,Rural,Low,889,15634.38,34568.61,1967.25,13898968,351,108,895,24,2961.3,Daily,Wallet Balance,10,71.45,6,1398606,Dewasa (45-65)
cust_3290,48,Suburban,Middle,479,2650.91,4050.84,1276.07,1269784,201,274,1840,31,3553.98,Monthly,Debit Card,8,40.45,9,140981,Dewasa (45-65)
cust_3291,32,Urban,Middle,164,16990.1,72685.04,6088.57,2786376,107,364,1356,40,1021.31,Monthly,Wallet Balance,17,16.89,3,287838,Dewasa Muda (25-45)
cust_3292,21,Rural,Low,324,18749.44,47437.42,4860.96,6074817,336,184,1619,18,2656.93,Daily,Wallet Balance,2,23.53,6,617191,Remaja (<25)
cust_3293,19,Urban,Middle,568,5546.52,19991.52,1677.31,3150421,345,184,1870,1,2134.63,Daily,Credit Card,4,53.52,9,326814,Remaja (<25)
cust_3294,35,Suburban,Middle,551,6675.06,26361.44,1697.05,3677957,296,69,2246,34,1410.91,Weekly,Wallet Balance,4,20.32,8,382982,Dewasa Muda (25-45)
cust_3295,63,Urban,Middle,831,2534.94,5847.7,671.87,2106531,28,250,1462,15,2478.64,Daily,Credit Card,4,44.21,7,220837,Dewasa (45-65)
cust_3296,62,Rural,High,640,6905.35,20858.68,2335.71,4419425,337,218,2197,15,4760.08,Daily,Credit Card,10,8.3,4,449456,Dewasa (45-65)
cust_3297,42,Rural,Middle,903,13466.08,61670.71,1671.09,12159874,287,88,1962,32,4744.42,Monthly,UPI,3,69.71,5,1225739,Dewasa Muda (25-45)
cust_3298,30,Rural,High,634,5450.38,24631.2,927.39,3455540,119,346,1363,50,1394.09,Daily,Wallet Balance,4,60.72,7,359582,Dewasa Muda (25-45)
cust_3299,21,Rural,Middle,759,146.43,585.35,27.94,111141,343,272,4731,49,4421.04,Monthly,UPI,18,59.34,6,29265,Remaja (<25)
cust_3300,62,Rural,High,698,6777.51,27455.4,1782.52,4730700,31,217,3602,23,4383.77,Monthly,Debit Card,10,56.12,5,485382,Dewasa (45-65)
cust_3301,29,Rural,Low,208,9068.95,41633.17,2252.94,1886341,154,358,858,30,1247.92,Monthly,Credit Card,11,1.02,9,201726,Dewasa Muda (25-45)
cust_3302,26,Suburban,Low,315,11331.46,44706.33,4406.6,3569409,260,180,3217,41,2994.75,Daily,Credit Card,16,5.84,5,370977,Dewasa Muda (25-45)
cust_3303,54,Suburban,Middle,304,13679.66,32261.32,2786.16,4158617,107,125,777,22,4349.68,Daily,Debit Card,14,42.82,6,423440,Dewasa (45-65)
cust_3304,24,Suburban,High,901,1245.07,1846.6,152.93,1121807,251,183,49,16,2574.97,Monthly,Credit Card,1,55.57,10,122591,Remaja (<25)
cust_3305,41,Urban,Low,239,9400.34,25263.76,1148.5,2246681,363,332,2608,32,1848.85,Weekly,UPI,0,54.63,7,239159,Dewasa Muda (25-45)
cust_3306,31,Urban,Low,727,5334.59,7198.35,557.6,3878243,107,329,3682,36,3253.93,Weekly,UPI,5,38.57,2,399161,Dewasa Muda (25-45)
cust_3307,20,Suburban,Low,804,18959.91,27739.93,2184.38,15243768,117,200,375,35,862.13,Monthly,Debit Card,0,37.98,5,1533195,Remaja (<25)
cust_3308,67,Urban,Low,224,7204.37,34585.94,3194.88,1613779,245,184,22,18,808.66,Weekly,Wallet Balance,14,7.21,6,168817,Senior (>65)
cust_3309,25,Urban,Middle,88,2011.47,7449.59,762.14,177009,79,297,2672,20,4163.23,Daily,Credit Card,1,66.93,3,25963,Remaja (<25)
cust_3310,65,Rural,High,537,839.41,3698.83,418.34,450765,229,224,4378,38,209.37,Monthly,Wallet Balance,7,23.22,4,61527,Dewasa (45-65)
cust_3311,18,Rural,Low,429,5315.46,18984.69,574.73,2280333,23,362,1029,39,4018.15,Daily,UPI,15,15.9,2,233982,Remaja (<25)
cust_3312,28,Urban,Middle,220,3585.79,9588.97,1576.31,788872,197,89,4375,18,1452.47,Weekly,UPI,15,43.37,7,95711,Dewasa Muda (25-45)
cust_3313,58,Urban,Low,275,12999.49,14307.7,4919.3,3574860,361,225,2645,7,2415.61,Weekly,Credit Card,15,2.68,2,364268,Dewasa (45-65)
cust_3314,64,Suburban,Low,647,16940.86,81711.67,6033.27,10960737,188,118,392,25,2717.58,Daily,Debit Card,19,69.24,2,1099998,Dewasa (45-65)
cust_3315,45,Urban,Low,954,6258.05,8033.64,1518.28,5970178,217,156,3517,40,3835.35,Weekly,UPI,18,26.97,5,611134,Dewasa Muda (25-45)
cust_3316,69,Rural,Low,745,11560.05,39774.12,2898.0,8612238,247,159,1093,50,4419.29,Weekly,Wallet Balance,1,21.98,5,871200,Senior (>65)
cust_3317,60,Urban,Middle,977,14608.8,20581.07,6401.93,14272800,154,183,1497,17,4021.12,Daily,UPI,19,11.77,6,1435963,Dewasa (45-65)
cust_3318,21,Suburban,High,66,7975.77,17040.95,3073.81,526400,195,202,483,13,2861.72,Daily,Credit Card,13,37.09,2,55475,Remaja (<25)
cust_3319,32,Rural,Middle,592,1335.85,2328.75,491.76,790822,116,66,2857,17,1740.07,Daily,Debit Card,1,28.66,9,94626,Dewasa Muda (25-45)
cust_3320,60,Rural,Middle,423,4591.41,14760.76,515.43,1942164,196,46,4923,36,2632.79,Daily,UPI,18,22.76,2,208346,Dewasa (45-65)
cust_3321,66,Rural,Middle,255,17662.49,80334.31,3068.47,4503933,55,364,3922,27,150.11,Weekly,Credit Card,1,10.4,1,461862,Senior (>65)
cust_3322,68,Rural,Low,125,16491.36,58420.47,7999.13,2061420,175,260,2223,32,1224.9,Daily,UPI,17,24.1,4,217175,Senior (>65)
cust_3323,34,Urban,High,146,1739.79,6361.96,490.18,254008,144,244,230,5,1830.78,Monthly,UPI,16,59.23,2,27445,Dewasa Muda (25-45)
cust_3324,57,Suburban,Low,615,4486.73,20799.27,1851.04,2759342,314,156,86,6,1598.77,Weekly,Wallet Balance,18,57.41,7,282906,Dewasa (45-65)
cust_3325,50,Urban,Middle,385,15385.61,61507.08,3934.56,5923461,363,249,4484,4,475.73,Weekly,UPI,13,41.67,4,605476,Dewasa (45-65)
cust_3326,61,Urban,Low,447,9723.11,43402.23,3944.95,4346228,217,95,1643,26,253.77,Daily,UPI,16,54.44,2,442381,Dewasa (45-65)
cust_3327,41,Rural,High,387,15201.74,40521.28,2245.07,5883073,257,255,718,7,2103.57,Weekly,Debit Card,15,44.49,10,599391,Dewasa Muda (25-45)
cust_3328,66,Suburban,High,383,4229.74,18870.66,494.25,1619989,127,362,4832,37,374.0,Daily,Wallet Balance,18,9.2,5,180175,Senior (>65)
cust_3329,20,Rural,Low,277,19054.44,68280.53,5458.54,5278078,173,336,2229,32,1431.04,Weekly,Debit Card,16,66.73,9,543750,Remaja (<25)
cust_3330,44,Urban,Middle,382,15674.31,24176.55,5276.89,5987587,94,201,2469,11,2374.13,Daily,Credit Card,11,36.52,4,607609,Dewasa Muda (25-45)
cust_3331,52,Urban,Low,124,3957.07,4569.82,908.07,490676,219,307,2248,36,1049.81,Weekly,UPI,20,53.57,1,57638,Dewasa (45-65)
cust_3332,35,Rural,Middle,926,11173.4,22080.18,4317.42,10346567,52,134,582,36,397.67,Monthly,Wallet Balance,3,63.13,8,1047221,Dewasa Muda (25-45)
cust_3333,64,Urban,High,267,2270.81,5707.45,677.45,606306,19,153,4119,14,2160.67,Daily,Debit Card,7,63.43,8,77188,Dewasa (45-65)
cust_3334,36,Urban,Low,790,7235.08,31474.57,3410.09,5715714,358,255,872,16,2242.38,Daily,Debit Card,0,67.25,10,583794,Dewasa Muda (25-45)
cust_3335,25,Rural,High,111,13195.83,52321.18,1768.19,1464737,237,260,2383,36,4578.07,Monthly,Credit Card,13,46.96,10,162550,Remaja (<25)
cust_3336,20,Urban,Middle,381,6609.25,31866.53,836.91,2518125,171,240,3721,50,639.19,Daily,Credit Card,8,45.96,5,268934,Remaja (<25)
cust_3337,51,Suburban,Middle,825,13138.6,42525.7,6070.67,10839345,275,152,1492,41,3074.98,Weekly,Credit Card,17,18.01,8,1097481,Dewasa (45-65)
cust_3338,21,Rural,Low,601,4903.14,19568.27,1802.6,2946788,295,91,4236,28,1598.51,Weekly,Debit Card,11,23.31,1,306151,Remaja (<25)
cust_3339,41,Suburban,Low,899,14426.92,30312.89,5315.56,12969804,364,240,3318,2,617.99,Weekly,UPI,1,43.84,2,1305507,Dewasa Muda (25-45)
cust_3340,19,Urban,Low,158,7198.2,26765.13,799.16,1137314,160,183,1094,10,1965.74,Monthly,Credit Card,5,18.8,4,119936,Remaja (<25)
cust_3341,54,Urban,High,728,15811.72,60473.58,7511.68,11510932,240,310,4007,25,2139.69,Monthly,Debit Card,4,26.48,3,1163537,Dewasa (45-65)
cust_3342,54,Rural,Middle,896,2742.43,12049.31,1120.91,2457218,65,259,4487,39,1817.82,Weekly,Credit Card,17,12.8,3,260686,Dewasa (45-65)
cust_3343,65,Urban,Middle,813,7245.94,22792.93,2939.87,5890948,217,286,2295,44,3828.66,Monthly,UPI,13,54.29,9,605170,Dewasa (45-65)
cust_3344,50,Rural,High,548,9284.01,33385.49,4314.95,5087637,47,76,1128,5,4196.03,Daily,Credit Card,14,45.8,9,518421,Dewasa (45-65)
cust_3345,16,Rural,Low,599,8482.67,15372.26,2809.98,5081120,74,297,2305,34,743.66,Monthly,Wallet Balance,12,52.39,8,523750,Remaja (<25)
cust_3346,39,Rural,Low,118,8667.56,34211.17,2235.07,1022771,164,362,405,23,839.53,Daily,Debit Card,8,32.57,7,111967,Dewasa Muda (25-45)
cust_3347,51,Rural,High,328,8901.62,38754.5,2601.69,2919730,198,183,1654,50,2106.09,Weekly,Debit Card,18,53.24,8,307228,Dewasa (45-65)
cust_3348,21,Rural,Middle,960,19776.18,66743.65,8125.96,18985135,328,59,4981,38,1600.94,Weekly,Credit Card,0,34.06,4,1915475,Remaja (<25)
cust_3349,56,Suburban,Middle,694,3871.21,5662.41,1577.49,2686620,148,40,3075,33,4097.87,Weekly,Credit Card,7,38.82,7,283063,Dewasa (45-65)
cust_3350,69,Rural,Middle,68,15375.59,34617.06,5286.66,1045540,86,45,1587,23,4984.06,Monthly,UPI,15,10.04,8,115535,Senior (>65)
cust_3351,61,Suburban,Middle,434,11040.26,32039.47,2067.09,4791471,9,15,2054,18,905.55,Weekly,Credit Card,6,3.59,4,488602,Dewasa (45-65)
cust_3352,59,Urban,High,359,8278.43,30701.8,3539.47,2971957,253,220,4096,12,3812.72,Monthly,Credit Card,15,53.9,5,309681,Dewasa (45-65)
cust_3353,46,Rural,Middle,671,12674.24,28913.85,4548.74,8504414,232,273,4434,42,3036.23,Weekly,UPI,12,64.23,8,869991,Dewasa (45-65)
cust_3354,35,Urban,High,797,17072.09,74454.2,3218.17,13606458,247,187,3769,8,3222.12,Daily,Wallet Balance,12,26.61,2,1369372,Dewasa Muda (25-45)
cust_3355,39,Rural,Low,443,9338.1,23225.34,2729.13,4136778,1,364,3773,18,1322.21,Monthly,UPI,19,61.13,4,426362,Dewasa Muda (25-45)
cust_3356,40,Suburban,High,164,17297.38,20261.21,8629.36,2836770,267,25,4445,50,485.98,Daily,UPI,18,20.56,4,301324,Dewasa Muda (25-45)
cust_3357,51,Suburban,Middle,973,1885.03,7871.84,436.11,1834132,105,299,2102,31,2716.28,Daily,UPI,10,52.97,10,199359,Dewasa (45-65)
cust_3358,36,Suburban,Low,361,13065.15,46732.65,1915.67,4716520,234,192,3852,20,3067.53,Daily,Debit Card,15,42.31,4,483822,Dewasa Muda (25-45)
cust_3359,45,Urban,High,585,6670.27,28067.33,724.84,3902107,257,179,795,31,4815.24,Weekly,Credit Card,8,3.38,1,393493,Dewasa Muda (25-45)
cust_3360,39,Rural,High,119,7740.44,18542.68,1345.7,921112,81,61,2946,45,3376.16,Daily,Wallet Balance,12,18.15,6,106815,Dewasa Muda (25-45)
cust_3361,59,Urban,High,853,11424.68,12230.36,1996.88,9745256,123,131,2319,11,2218.42,Daily,Debit Card,18,45.66,3,982154,Dewasa (45-65)
cust_3362,57,Suburban,Low,195,9603.54,12436.69,4256.55,1872689,172,249,2904,28,4970.01,Daily,Credit Card,9,15.75,2,195391,Dewasa (45-65)
cust_3363,45,Urban,High,601,7641.77,11059.19,1241.5,4592704,307,164,1453,32,1866.19,Monthly,Debit Card,6,42.88,10,474443,Dewasa Muda (25-45)
cust_3364,37,Suburban,Middle,857,6173.39,26055.33,2747.53,5290591,273,207,878,0,812.79,Monthly,Debit Card,16,51.18,8,538408,Dewasa Muda (25-45)
cust_3365,43,Suburban,Low,588,12370.12,27285.26,1666.09,7273632,359,238,4472,48,3089.9,Monthly,Credit Card,9,25.61,7,746562,Dewasa Muda (25-45)
cust_3366,22,Suburban,Low,733,10116.54,50497.65,4680.49,7415421,247,192,386,3,1331.25,Monthly,Wallet Balance,1,50.09,7,748948,Remaja (<25)
cust_3367,50,Rural,High,651,6472.95,26108.99,1311.04,4213890,363,28,3681,12,4611.02,Monthly,Debit Card,17,46.64,7,434645,Dewasa (45-65)
cust_3368,43,Rural,Middle,884,4107.17,13983.35,1415.33,3630738,194,107,2434,22,2139.34,Monthly,UPI,15,71.1,2,371072,Dewasa Muda (25-45)
cust_3369,29,Suburban,Low,907,15491.62,76443.05,2538.94,14050898,112,223,1180,27,748.08,Monthly,Debit Card,2,44.64,5,1414775,Dewasa Muda (25-45)
cust_3370,25,Urban,High,241,15996.3,36235.41,4095.41,3855108,23,84,4519,42,708.15,Weekly,Debit Card,19,20.55,1,399394,Remaja (<25)
cust_3371,31,Urban,Middle,509,4283.62,7121.36,575.32,2180364,315,237,786,49,3248.2,Monthly,Credit Card,0,18.55,2,224884,Dewasa Muda (25-45)
cust_3372,31,Rural,High,666,5240.36,20694.68,1738.81,3490082,202,149,4372,11,1829.49,Daily,Debit Card,4,47.84,10,367937,Dewasa Muda (25-45)
cust_3373,69,Suburban,High,565,4790.47,10119.07,1141.81,2706614,106,283,3219,18,1818.62,Weekly,Wallet Balance,0,8.35,1,278990,Senior (>65)
cust_3374,46,Urban,Low,142,17692.55,85705.32,7799.94,2512341,94,339,1838,32,3061.62,Monthly,Debit Card,6,17.07,6,262579,Dewasa (45-65)
cust_3375,57,Suburban,Low,832,15484.87,76685.35,2674.65,12883408,25,100,1773,17,1107.56,Monthly,Debit Card,17,1.64,9,1302033,Dewasa (45-65)
cust_3376,40,Urban,High,976,1500.72,7061.84,318.15,1464707,145,332,3185,33,727.14,Daily,Debit Card,3,37.31,8,163777,Dewasa Muda (25-45)
cust_3377,28,Rural,Low,906,16654.99,79594.99,2846.37,15089423,19,35,2042,29,3286.31,Daily,Debit Card,8,56.78,6,1520283,Dewasa Muda (25-45)
cust_3378,21,Suburban,Low,31,746.67,2585.43,243.06,23146,210,97,1624,42,26.19,Daily,Credit Card,0,37.26,7,16749,Remaja (<25)
cust_3379,59,Suburban,Middle,223,5071.46,19111.68,733.84,1130936,82,356,3572,46,4536.82,Weekly,UPI,0,21.28,3,125569,Dewasa (45-65)
cust_3380,24,Urban,Middle,804,18380.64,25309.86,3230.26,14778032,46,233,1248,46,914.85,Weekly,UPI,5,60.49,10,1494441,Remaja (<25)
cust_3381,60,Urban,High,266,17287.98,70054.37,6420.69,4598603,35,13,4242,5,2239.28,Weekly,Credit Card,16,35.41,2,469724,Dewasa (45-65)
cust_3382,51,Urban,High,282,15630.88,28264.59,2028.35,4407907,202,246,1625,3,1057.39,Weekly,Debit Card,15,49.97,8,451812,Dewasa (45-65)
cust_3383,58,Suburban,High,788,9156.37,39933.71,3637.51,7215218,23,262,1471,11,1091.1,Daily,Debit Card,18,71.04,5,730018,Dewasa (45-65)
cust_3384,35,Rural,High,381,6435.07,31185.16,912.06,2451760,365,223,3752,22,4175.01,Daily,Credit Card,3,58.77,7,259792,Dewasa Muda (25-45)
cust_3385,33,Rural,Middle,556,17632.1,32610.76,5892.57,9803448,300,74,1346,27,2925.17,Daily,UPI,9,61.39,4,988274,Dewasa Muda (25-45)
cust_3386,58,Urban,Low,62,13144.91,17247.76,6560.94,814984,265,266,1114,10,1557.25,Daily,Wallet Balance,15,9.57,4,87947,Dewasa (45-65)
cust_3387,36,Rural,Middle,713,5917.22,17370.36,1003.31,4218979,346,184,13,27,1255.49,Daily,Debit Card,20,39.39,5,428996,Dewasa Muda (25-45)
cust_3388,19,Urban,High,847,9269.29,38617.67,1894.96,7851084,349,277,1171,39,1064.31,Monthly,Credit Card,6,71.79,4,794818,Remaja (<25)
cust_3389,65,Rural,High,521,17631.19,71980.4,8099.25,9185849,187,56,1826,33,2772.24,Daily,Debit Card,1,23.98,5,929150,Dewasa (45-65)
cust_3390,48,Suburban,Middle,71,18070.07,68436.32,6333.83,1282975,298,57,3542,47,3653.95,Daily,UPI,19,3.97,7,145254,Dewasa (45-65)
cust_3391,42,Urban,Middle,602,13189.45,56487.56,3917.43,7940048,190,295,408,33,1267.64,Monthly,Debit Card,6,3.42,6,803487,Dewasa Muda (25-45)
cust_3392,22,Rural,High,536,14653.79,24910.76,4763.68,7854432,240,61,4479,20,1661.5,Weekly,UPI,6,70.49,7,802570,Remaja (<25)
cust_3393,21,Suburban,Low,140,795.56,2870.2,173.59,111378,349,173,4152,35,3601.83,Daily,Wallet Balance,4,31.83,7,28140,Remaja (<25)
cust_3394,30,Rural,High,316,12095.96,41401.07,5347.97,3822324,127,110,2561,27,3686.39,Monthly,Wallet Balance,14,21.22,9,397211,Dewasa Muda (25-45)
cust_3395,33,Suburban,Middle,340,13782.96,22241.94,5487.1,4686206,291,146,3649,33,1036.62,Monthly,Debit Card,18,37.49,2,480700,Dewasa Muda (25-45)
cust_3396,47,Suburban,High,888,417.34,1109.17,148.98,370597,111,14,2392,40,1911.01,Monthly,Credit Card,9,44.32,3,47888,Dewasa (45-65)
cust_3397,26,Rural,High,590,16878.74,74437.26,7978.53,9958457,43,183,1902,28,4349.79,Monthly,UPI,4,63.53,3,1003274,Dewasa Muda (25-45)
cust_3398,35,Rural,Low,726,18566.42,90737.93,6150.02,13479219,301,315,3158,25,3700.96,Weekly,Debit Card,4,32.43,6,1360887,Dewasa Muda (25-45)
cust_3399,39,Suburban,High,528,4766.35,17453.04,1452.55,2516632,134,365,404,12,812.48,Weekly,UPI,17,61.57,1,254265,Dewasa Muda (25-45)
cust_3400,30,Suburban,High,541,16917.46,79305.07,8294.25,9152346,13,147,4340,33,1929.81,Weekly,Credit Card,3,19.47,9,935249,Dewasa Muda (25-45)
cust_3401,63,Suburban,High,416,13313.6,20345.8,2428.48,5538456,11,232,858,18,4866.47,Daily,Debit Card,13,39.94,5,559928,Dewasa (45-65)
cust_3402,22,Urban,Middle,467,11618.11,56931.55,1821.57,5425657,102,297,1997,7,2626.89,Monthly,Credit Card,17,56.49,6,551946,Remaja (<25)
cust_3403,36,Suburban,Middle,375,16864.09,19124.31,2781.11,6324033,197,140,208,28,3596.73,Daily,UPI,8,32.43,7,640820,Dewasa Muda (25-45)
cust_3404,57,Urban,Low,291,5719.35,17781.69,2835.52,1664332,55,148,2190,42,460.18,Monthly,Debit Card,16,20.71,1,175783,Dewasa (45-65)
cust_3405,41,Suburban,High,43,15819.21,34233.31,5709.16,680226,183,36,1822,39,4162.55,Monthly,Credit Card,11,58.44,3,76485,Dewasa Muda (25-45)
cust_3406,59,Urban,Middle,864,6297.27,26798.89,1400.32,5440841,19,277,545,15,3023.92,Weekly,Wallet Balance,17,58.32,9,554162,Dewasa (45-65)
cust_3407,29,Suburban,Low,887,15751.26,29457.6,3143.81,13971364,363,56,803,27,878.0,Weekly,UPI,15,21.04,5,1406003,Dewasa Muda (25-45)
cust_3408,52,Suburban,High,53,9026.57,9442.88,1107.16,478408,262,41,1127,29,1901.06,Daily,Debit Card,2,43.95,2,54044,Dewasa (45-65)
cust_3409,36,Suburban,Low,788,2347.74,6241.32,358.69,1850019,9,169,4092,22,415.14,Monthly,Wallet Balance,18,18.49,3,198178,Dewasa Muda (25-45)
cust_3410,33,Rural,Low,883,7636.58,9594.85,3537.79,6743101,148,171,246,28,3885.05,Monthly,Credit Card,9,64.64,6,681659,Dewasa Muda (25-45)
cust_3411,20,Rural,Low,232,4677.53,10105.2,1866.04,1085187,25,106,2577,19,3724.4,Daily,Wallet Balance,20,6.33,3,116710,Remaja (<25)
cust_3412,18,Suburban,Low,212,2019.63,7220.14,962.6,428160,306,227,464,16,2451.16,Weekly,UPI,19,28.14,1,45118,Remaja (<25)
cust_3413,38,Urban,Low,8,2214.64,4825.28,596.83,17717,72,86,619,25,2260.08,Monthly,Debit Card,6,47.16,5,9379,Dewasa Muda (25-45)
cust_3414,41,Urban,Low,634,15603.63,30944.69,5312.96,9892699,322,294,1958,46,2317.12,Monthly,Wallet Balance,0,62.08,10,1006627,Dewasa Muda (25-45)
cust_3415,52,Suburban,Low,483,17629.14,28594.16,5173.6,8514876,57,146,3035,38,187.33,Monthly,Credit Card,0,57.47,7,868263,Dewasa (45-65)
cust_3416,39,Rural,High,42,18543.31,28569.48,8391.85,778819,22,264,2415,32,1841.22,Weekly,Wallet Balance,14,49.57,5,89991,Dewasa Muda (25-45)
cust_3417,64,Urban,High,333,17080.38,53007.77,8481.31,5687767,312,247,1229,13,642.52,Weekly,Debit Card,0,66.75,1,573213,Dewasa (45-65)
cust_3418,34,Rural,Low,233,16606.18,61875.09,7856.55,3869239,36,148,356,30,923.96,Daily,Wallet Balance,8,2.72,2,392174,Dewasa Muda (25-45)
cust_3419,66,Urban,High,70,1386.03,3896.03,470.17,97022,179,362,2378,15,4810.58,Weekly,Debit Card,13,70.55,2,15552,Senior (>65)
cust_3420,40,Suburban,Low,879,15804.57,23618.55,1971.16,13892217,68,222,3351,20,1308.93,Weekly,Credit Card,12,25.55,10,1407269,Dewasa Muda (25-45)
cust_3421,36,Rural,High,16,15667.82,56263.54,5436.9,250685,1,146,884,34,2418.12,Daily,Debit Card,18,54.13,4,33027,Dewasa Muda (25-45)
cust_3422,27,Urban,Middle,69,2634.49,8505.43,365.72,181780,48,108,4596,49,4438.96,Daily,Credit Card,15,20.82,4,34050,Dewasa Muda (25-45)
cust_3423,56,Suburban,Low,53,13243.56,33441.35,2059.75,701908,152,215,1758,18,2067.46,Monthly,Wallet Balance,16,30.44,1,75473,Dewasa (45-65)
cust_3424,48,Suburban,Middle,685,9055.62,21010.74,1598.66,6203100,197,245,4839,5,2643.09,Weekly,Debit Card,8,63.19,2,631166,Dewasa (45-65)
cust_3425,65,Suburban,Low,947,18001.27,31189.21,4417.46,17047203,58,130,2920,22,843.94,Daily,UPI,13,32.82,2,1714338,Dewasa (45-65)
cust_3426,68,Rural,Low,994,13911.21,22052.02,4684.11,13827745,48,64,1457,25,1425.4,Daily,Credit Card,2,63.82,1,1388475,Senior (>65)
cust_3427,19,Rural,Middle,774,19020.24,44794.32,4439.73,14721666,355,300,550,8,2530.57,Monthly,Wallet Balance,8,39.98,5,1477801,Remaja (<25)
cust_3428,57,Suburban,Middle,379,2107.4,2458.34,591.98,798705,234,357,199,12,1824.51,Weekly,Wallet Balance,19,19.75,5,85556,Dewasa (45-65)
cust_3429,22,Rural,Middle,801,821.74,2256.92,97.72,658213,188,362,1390,43,191.28,Monthly,Credit Card,0,35.53,5,77805,Remaja (<25)
cust_3430,37,Urban,Low,463,19471.85,66326.88,6774.32,9015467,114,224,3742,14,2004.15,Weekly,UPI,4,7.3,6,915428,Dewasa Muda (25-45)
cust_3431,48,Suburban,Middle,527,1613.04,7688.75,585.23,850072,90,65,4434,31,4075.53,Daily,Credit Card,5,34.95,5,99937,Dewasa (45-65)
cust_3432,32,Suburban,Middle,782,7730.05,27080.8,1080.32,6044902,169,65,1443,38,580.3,Monthly,Debit Card,19,56.92,10,620886,Dewasa Muda (25-45)
cust_3433,39,Rural,High,679,13002.91,45462.14,5383.82,8828977,363,182,4774,43,93.66,Weekly,Wallet Balance,13,5.89,7,903698,Dewasa Muda (25-45)
cust_3434,49,Suburban,High,63,17602.33,43964.63,6318.95,1108946,361,108,276,16,593.51,Daily,Credit Card,9,17.57,9,121749,Dewasa (45-65)
cust_3435,43,Urban,Middle,261,5099.0,7818.14,1508.75,1330839,177,351,53,44,3434.35,Monthly,Debit Card,7,30.99,9,144872,Dewasa Muda (25-45)
cust_3436,58,Rural,Middle,500,590.87,1647.21,189.76,295436,192,323,163,28,3973.22,Monthly,Wallet Balance,14,54.81,10,40683,Dewasa (45-65)
cust_3437,56,Rural,Middle,121,10430.52,35408.55,3141.86,1262093,133,111,2123,48,243.63,Daily,Wallet Balance,0,54.33,1,136133,Dewasa (45-65)
cust_3438,54,Suburban,Middle,858,9427.53,36730.92,1145.61,8088820,172,76,2789,39,4437.75,Weekly,Debit Card,15,64.0,6,822141,Dewasa (45-65)
cust_3439,37,Suburban,High,240,6144.79,26449.33,2421.42,1474750,18,250,4517,17,3136.63,Weekly,Credit Card,19,11.33,7,163640,Dewasa Muda (25-45)
cust_3440,64,Suburban,Low,465,17479.25,35372.97,5326.35,8127850,251,241,4672,33,2590.66,Monthly,Credit Card,6,12.06,9,833133,Dewasa (45-65)
cust_3441,32,Rural,Middle,107,14988.95,29451.49,2535.07,1603817,112,226,1253,48,1267.96,Daily,Wallet Balance,0,48.5,10,177053,Dewasa Muda (25-45)
cust_3442,49,Suburban,Middle,180,17163.75,55974.4,6389.93,3089474,40,305,1329,24,1858.5,Weekly,Credit Card,4,13.79,5,318076,Dewasa (45-65)
cust_3443,21,Urban,High,16,3244.56,10590.44,1226.53,51912,102,164,985,11,4734.87,Weekly,UPI,9,30.38,2,7893,Remaja (<25)
cust_3444,61,Suburban,Middle,355,13851.32,25926.77,2568.01,4917216,174,263,3188,44,4557.73,Weekly,Credit Card,20,39.3,10,510218,Dewasa (45-65)
cust_3445,21,Suburban,Middle,934,19502.28,65330.72,8163.62,18215132,314,15,1080,14,3127.32,Monthly,Credit Card,4,19.24,8,1831509,Remaja (<25)
cust_3446,49,Rural,High,309,12242.16,29179.37,3459.66,3782827,341,341,658,42,2894.56,Monthly,Wallet Balance,7,50.1,1,383351,Dewasa (45-65)
cust_3447,16,Suburban,Middle,727,3435.57,12221.23,591.76,2497662,302,153,2265,23,1052.72,Monthly,Wallet Balance,5,61.92,7,263069,Remaja (<25)
cust_3448,25,Rural,Middle,589,19915.65,43101.03,7230.34,11730317,196,38,4641,8,4766.39,Weekly,Debit Card,9,1.86,4,1184730,Remaja (<25)
cust_3449,36,Suburban,High,737,10571.19,35616.1,3580.36,7790965,72,37,2034,39,3776.96,Daily,Wallet Balance,13,21.54,10,795176,Dewasa Muda (25-45)
cust_3450,20,Urban,Low,605,16802.78,68441.76,2825.6,10165681,182,122,848,19,1911.3,Daily,Credit Card,7,51.57,6,1025208,Remaja (<25)
cust_3451,17,Urban,Middle,181,2995.74,14740.92,1344.9,542228,241,272,465,24,4079.16,Daily,UPI,5,20.57,8,63513,Remaja (<25)
cust_3452,37,Rural,Middle,174,13325.26,61886.15,5887.28,2318595,289,257,4661,46,1059.37,Monthly,Debit Card,8,38.13,3,248251,Dewasa Muda (25-45)
cust_3453,63,Rural,Low,354,18253.23,55018.06,7930.99,6461642,323,175,4599,23,1066.14,Weekly,Wallet Balance,14,54.71,2,659129,Dewasa (45-65)
cust_3454,17,Suburban,High,354,10645.04,31439.01,2764.42,3768342,113,293,1374,48,3954.81,Weekly,Debit Card,15,25.4,8,390404,Remaja (<25)
cust_3455,25,Suburban,Low,219,5780.31,15900.49,2484.66,1265888,340,301,4636,25,2796.54,Daily,Credit Card,0,56.92,6,142962,Remaja (<25)
cust_3456,49,Urban,Middle,655,2557.16,2841.01,1119.83,1674941,163,142,1806,13,2779.18,Weekly,Debit Card,13,58.95,6,177016,Dewasa (45-65)
cust_3457,31,Suburban,Low,315,5925.93,9859.68,2954.77,1866669,39,162,2126,4,2868.35,Daily,Wallet Balance,19,71.37,8,197884,Dewasa Muda (25-45)
cust_3458,63,Urban,High,434,7104.14,8786.08,3431.59,3083194,235,339,418,47,629.03,Monthly,Debit Card,17,31.69,5,318540,Dewasa (45-65)
cust_3459,66,Rural,Middle,905,14202.0,53760.55,3595.08,12852812,71,23,1459,28,1747.8,Daily,Credit Card,6,34.78,5,1295125,Senior (>65)
cust_3460,54,Suburban,High,282,3580.64,9499.22,641.94,1009741,219,350,4532,7,2865.4,Monthly,Wallet Balance,11,56.59,7,116305,Dewasa (45-65)
cust_3461,37,Rural,High,259,2131.04,2674.62,462.4,551938,5,337,2213,16,1237.94,Weekly,Credit Card,9,62.63,6,66600,Dewasa Muda (25-45)
cust_3462,27,Suburban,Low,868,7744.92,29138.72,2307.31,6722591,241,66,597,42,2520.02,Weekly,Wallet Balance,14,36.87,3,679393,Dewasa Muda (25-45)
cust_3463,39,Urban,Low,559,9178.49,32838.27,3875.0,5130773,165,58,1189,21,2785.18,Monthly,Wallet Balance,6,2.54,4,520162,Dewasa Muda (25-45)
cust_3464,62,Rural,High,5,12571.42,48775.23,4892.72,62857,1,29,3906,17,4714.07,Weekly,UPI,4,33.52,2,15440,Dewasa (45-65)
cust_3465,55,Rural,High,574,14153.55,48112.68,5874.93,8124138,184,83,4045,26,1228.88,Monthly,UPI,10,16.99,8,830489,Dewasa (45-65)
cust_3466,53,Suburban,Middle,980,17786.66,29279.66,4481.71,17430928,8,129,445,1,2196.79,Daily,Wallet Balance,2,7.87,6,1748984,Dewasa (45-65)
cust_3467,25,Rural,High,596,5786.18,7207.09,1150.07,3448564,108,133,4749,0,4907.56,Monthly,Credit Card,3,25.09,7,358900,Remaja (<25)
cust_3468,50,Urban,High,645,10576.87,45148.05,1159.77,6822081,185,115,46,40,933.95,Daily,Debit Card,10,28.83,5,690833,Dewasa (45-65)
cust_3469,66,Rural,Low,394,7327.15,13652.22,2567.97,2886898,284,34,3928,7,3900.1,Weekly,Wallet Balance,14,70.7,7,302295,Senior (>65)
cust_3470,64,Rural,High,336,38.42,121.79,16.06,12908,154,125,1512,20,885.77,Daily,UPI,14,33.32,4,9871,Dewasa (45-65)
cust_3471,47,Suburban,High,63,11592.84,34093.02,5282.35,730349,34,78,1286,23,4250.23,Daily,UPI,16,69.7,10,85781,Dewasa (45-65)
cust_3472,22,Rural,Low,793,16317.76,76435.83,4740.23,12939986,352,275,2701,1,2439.87,Weekly,Credit Card,10,53.0,4,1302280,Remaja (<25)
cust_3473,36,Suburban,Middle,44,738.43,2370.17,347.84,32490,22,344,1948,43,4860.81,Weekly,Wallet Balance,20,18.97,2,11014,Dewasa Muda (25-45)
cust_3474,35,Suburban,Low,153,79.8,264.94,14.44,12209,148,168,942,37,850.37,Daily,Debit Card,5,50.84,8,14379,Dewasa Muda (25-45)
cust_3475,41,Rural,Low,926,14559.09,33165.9,4451.46,13481717,151,81,2701,27,3439.63,Monthly,UPI,6,29.59,7,1361553,Dewasa Muda (25-45)
cust_3476,19,Urban,High,782,13680.36,66141.49,2537.8,10698038,67,95,2290,33,3476.4,Daily,Credit Card,10,42.13,4,1079945,Remaja (<25)
cust_3477,61,Suburban,High,854,8122.98,28020.19,1423.39,6937027,78,209,3725,11,3594.38,Weekly,Wallet Balance,4,37.87,3,703455,Dewasa (45-65)
cust_3478,67,Rural,Middle,683,13235.48,13499.15,6370.97,9039833,232,72,4950,49,504.84,Monthly,Credit Card,0,67.16,1,919530,Senior (>65)
cust_3479,37,Suburban,High,156,19068.19,61482.11,8143.95,2974637,39,145,903,4,1442.8,Daily,Wallet Balance,20,10.21,5,303948,Dewasa Muda (25-45)
cust_3480,30,Urban,Middle,478,4964.78,12190.82,519.91,2373163,165,38,2659,44,1690.08,Weekly,Debit Card,0,32.52,6,252189,Dewasa Muda (25-45)
cust_3481,55,Urban,Middle,275,4926.07,5558.82,1021.69,1354669,99,171,1131,35,1621.44,Monthly,Credit Card,12,6.76,3,143418,Dewasa (45-65)
cust_3482,36,Suburban,Middle,358,3732.78,10176.31,679.57,1336335,129,40,2368,7,3375.1,Weekly,Credit Card,1,19.09,10,147382,Dewasa Muda (25-45)
cust_3483,30,Urban,Middle,426,14482.5,59295.19,2300.6,6169542,19,173,4569,29,274.15,Monthly,Credit Card,17,6.46,9,637855,Dewasa Muda (25-45)
cust_3484,37,Rural,High,532,7070.25,21317.93,2679.38,3761374,271,199,2755,9,3650.39,Daily,Wallet Balance,5,67.65,10,390722,Dewasa Muda (25-45)
cust_3485,67,Rural,Low,483,19773.98,70352.57,6460.85,9550830,1,344,3544,20,2632.92,Monthly,UPI,13,23.36,10,972854,Senior (>65)
cust_3486,43,Suburban,Low,214,14295.83,50878.38,4025.33,3059307,287,222,466,45,864.99,Monthly,Wallet Balance,10,56.47,9,319930,Dewasa Muda (25-45)
cust_3487,29,Urban,High,79,7353.86,27092.2,1292.8,580955,180,90,4057,33,1130.59,Daily,Debit Card,4,54.15,6,74944,Dewasa Muda (25-45)
cust_3488,42,Rural,High,139,2992.23,7631.33,631.5,415919,256,286,4850,33,487.9,Monthly,Wallet Balance,18,10.97,5,59348,Dewasa Muda (25-45)
cust_3489,56,Rural,Middle,950,11844.58,29374.78,2871.6,11252347,174,163,4034,3,2295.29,Daily,Credit Card,12,11.01,2,1134455,Dewasa (45-65)
cust_3490,55,Rural,High,98,5905.12,6013.4,2445.86,578701,342,133,1135,10,2974.61,Weekly,Credit Card,11,27.83,6,65652,Dewasa (45-65)
cust_3491,43,Suburban,Low,889,18111.13,29283.7,8977.25,16100791,50,322,1478,21,2904.86,Weekly,Debit Card,8,41.37,5,1618682,Dewasa Muda (25-45)
cust_3492,41,Suburban,High,664,8833.67,42430.26,1533.44,5865559,20,351,4383,40,4811.84,Weekly,UPI,3,31.3,3,599916,Dewasa Muda (25-45)
cust_3493,64,Rural,High,198,5860.07,25606.57,1386.55,1160294,105,283,340,49,1479.83,Daily,Debit Card,5,55.52,10,130869,Dewasa (45-65)
cust_3494,17,Rural,Middle,785,11775.15,24732.92,2497.28,9243493,190,152,659,22,3810.4,Daily,UPI,3,39.05,3,928962,Remaja (<25)
cust_3495,40,Urban,Middle,156,2748.12,7158.22,323.25,428706,239,312,185,48,3615.39,Daily,Credit Card,0,63.61,1,47232,Dewasa Muda (25-45)
cust_3496,18,Urban,Middle,50,11235.37,53476.81,2108.74,561768,43,45,2076,33,306.63,Daily,Debit Card,16,43.06,9,72475,Remaja (<25)
cust_3497,23,Urban,Middle,479,1131.67,2265.35,521.3,542069,5,324,1431,29,4650.03,Weekly,UPI,16,43.06,4,61643,Remaja (<25)
cust_3498,59,Suburban,Low,228,12141.7,38005.14,5307.66,2768308,248,261,4992,24,4656.52,Daily,Debit Card,9,47.84,9,295886,Dewasa (45-65)
cust_3499,48,Rural,High,951,10607.98,11544.86,1771.94,10088184,66,219,746,23,1981.68,Weekly,Credit Card,17,43.81,4,1015619,Dewasa (45-65)
cust_3500,57,Suburban,High,457,10420.11,36250.94,2568.2,4761991,251,108,3834,24,2088.39,Monthly,Wallet Balance,13,44.46,5,490222,Dewasa (45-65)
cust_3501,67,Rural,Middle,522,13686.45,64604.05,3070.16,7144324,128,47,532,29,4097.98,Monthly,Wallet Balance,2,32.93,5,721347,Senior (>65)
cust_3502,50,Urban,Low,149,898.69,4079.12,142.98,133904,185,133,2975,38,2475.15,Weekly,UPI,16,7.43,4,25902,Dewasa (45-65)
cust_3503,21,Urban,Low,58,9200.03,27672.56,3209.74,533601,188,261,4209,43,3996.0,Monthly,Credit Card,3,27.19,4,68080,Remaja (<25)
cust_3504,54,Urban,High,162,8886.33,31978.07,2869.57,1439585,183,176,1121,15,180.63,Weekly,Debit Card,1,55.55,7,154610,Dewasa (45-65)
cust_3505,67,Urban,Middle,863,9201.05,30172.02,2491.61,7940507,71,121,3093,9,1251.35,Daily,Credit Card,14,3.7,7,807511,Senior (>65)
cust_3506,38,Rural,High,477,19598.02,24848.27,8666.23,9348255,66,329,1144,30,455.32,Weekly,Debit Card,5,50.03,6,945885,Dewasa Muda (25-45)
cust_3507,40,Urban,High,107,2794.18,4568.18,972.05,298976,329,303,210,10,2270.99,Daily,Debit Card,8,70.64,3,33182,Dewasa Muda (25-45)
cust_3508,65,Rural,Low,427,13811.69,67059.48,2813.57,5897591,250,190,3773,8,4270.8,Monthly,Wallet Balance,6,31.95,6,601969,Dewasa (45-65)
cust_3509,58,Rural,Low,395,8045.9,16283.9,2007.31,3178131,155,260,2863,35,2848.94,Weekly,Credit Card,9,16.08,9,334614,Dewasa (45-65)
cust_3510,34,Suburban,High,801,10239.41,25985.55,1638.95,8201769,79,177,2433,47,2601.67,Daily,UPI,1,2.63,3,831442,Dewasa Muda (25-45)
cust_3511,20,Urban,Middle,186,15250.25,46296.37,5132.46,2836547,19,347,4996,18,1830.53,Weekly,Debit Card,19,61.69,7,301531,Remaja (<25)
cust_3512,66,Urban,Middle,558,3155.94,15516.24,1056.14,1761011,269,65,1923,4,318.05,Weekly,Debit Card,13,11.46,5,185188,Senior (>65)
cust_3513,26,Suburban,High,957,15274.07,57430.1,6843.9,14617283,45,352,3124,11,3832.05,Weekly,UPI,5,4.06,7,1474160,Dewasa Muda (25-45)
cust_3514,27,Rural,High,446,1415.91,4981.74,626.3,631496,262,336,1891,9,2853.83,Monthly,UPI,4,35.47,2,68404,Dewasa Muda (25-45)
cust_3515,25,Urban,Middle,641,9671.36,29957.99,4204.88,6199339,222,343,640,13,4654.83,Daily,UPI,4,28.1,3,623186,Remaja (<25)
cust_3516,23,Rural,Middle,917,14844.0,56447.23,4743.86,13611944,129,220,1614,19,2159.83,Monthly,Credit Card,19,69.15,2,1367242,Remaja (<25)
cust_3517,39,Suburban,Middle,830,3859.1,14109.13,1392.4,3203055,106,317,1484,19,2007.5,Daily,UPI,11,33.84,10,334169,Dewasa Muda (25-45)
cust_3518,43,Rural,High,448,15420.6,71110.01,6325.79,6908430,251,148,3792,43,4871.73,Weekly,Debit Card,7,60.32,7,707291,Dewasa Muda (25-45)
cust_3519,56,Urban,Low,87,3344.58,10593.43,457.12,290978,121,100,1925,35,705.79,Monthly,Wallet Balance,20,67.17,9,45094,Dewasa (45-65)
cust_3520,51,Rural,Middle,249,15986.78,42940.66,3520.92,3980708,230,119,1879,24,1261.81,Daily,Wallet Balance,6,14.08,3,406597,Dewasa (45-65)
cust_3521,52,Rural,Middle,841,9384.02,39681.73,1573.1,7891962,281,109,2998,40,2440.82,Daily,Wallet Balance,15,25.59,7,804971,Dewasa (45-65)
cust_3522,36,Urban,Middle,440,13695.92,57511.0,4171.6,6026204,227,82,1331,45,2617.72,Monthly,Wallet Balance,17,66.55,10,618473,Dewasa Muda (25-45)
cust_3523,23,Urban,High,257,18348.96,30814.24,7983.03,4715681,275,13,2260,4,2743.58,Daily,Debit Card,15,40.47,7,482116,Remaja (<25)
cust_3524,24,Rural,Low,277,8174.35,15916.83,1571.8,2264293,138,299,4279,40,1060.55,Daily,Credit Card,18,23.91,3,241457,Remaja (<25)
cust_3525,62,Rural,Low,790,4666.82,22561.99,1831.08,3686788,173,92,2140,26,4634.24,Weekly,Credit Card,9,37.96,5,378241,Dewasa (45-65)
cust_3526,30,Suburban,Middle,438,17344.61,48156.24,4550.0,7596939,327,238,1643,1,3517.51,Daily,Debit Card,8,52.91,6,767321,Dewasa Muda (25-45)
cust_3527,63,Urban,High,516,3240.72,9977.01,1494.72,1672209,271,184,2292,11,1292.2,Daily,Wallet Balance,5,44.9,5,177258,Dewasa (45-65)
cust_3528,61,Rural,Low,577,12633.21,28306.47,4430.67,7289360,215,178,3710,27,1470.96,Monthly,Debit Card,17,67.28,8,746320,Dewasa (45-65)
cust_3529,55,Urban,High,947,18465.83,53999.34,9059.73,17487144,228,210,1795,43,4401.79,Daily,Wallet Balance,2,69.37,9,1763403,Dewasa (45-65)
cust_3530,33,Suburban,Low,202,13491.19,53606.25,2674.87,2725220,107,276,1677,12,1901.78,Weekly,Wallet Balance,13,51.51,6,282125,Dewasa Muda (25-45)
cust_3531,57,Rural,Middle,575,3921.66,11488.05,1841.55,2254957,159,304,2752,20,2781.82,Monthly,Debit Card,4,48.12,2,233608,Dewasa (45-65)
cust_3532,35,Rural,High,655,3054.16,6899.76,741.62,2000472,136,356,1403,42,602.13,Monthly,Credit Card,13,1.96,2,208752,Dewasa Muda (25-45)
cust_3533,21,Rural,Middle,756,5053.59,6994.19,1762.63,3820512,251,275,238,7,1258.66,Daily,Debit Card,17,56.64,4,386597,Remaja (<25)
cust_3534,27,Urban,Low,804,7834.22,36923.05,1330.28,6298714,30,325,318,11,2082.88,Monthly,Debit Card,2,36.46,10,640566,Dewasa Muda (25-45)
cust_3535,17,Suburban,Low,797,3191.59,14319.48,1289.13,2543696,98,273,561,40,3280.69,Monthly,Wallet Balance,6,63.1,3,260851,Remaja (<25)
cust_3536,22,Urban,Middle,180,15958.3,66473.67,7840.32,2872494,97,36,2807,43,1401.1,Monthly,Credit Card,1,67.25,7,303462,Remaja (<25)
cust_3537,31,Rural,Low,686,7147.14,26989.62,2965.85,4902935,257,338,2377,10,4753.81,Weekly,Debit Card,5,27.2,4,497670,Dewasa Muda (25-45)
cust_3538,18,Suburban,Middle,325,18722.37,57328.65,6483.91,6084771,272,70,3413,18,1101.09,Weekly,Debit Card,9,65.29,3,619552,Remaja (<25)
cust_3539,60,Rural,Middle,925,16851.39,77340.93,4706.35,15587537,11,116,4704,7,3894.53,Daily,UPI,20,47.83,2,1568914,Dewasa (45-65)
cust_3540,18,Rural,Middle,623,18177.28,75741.19,4327.91,11324443,342,1,4038,26,1822.99,Weekly,Debit Card,18,31.4,4,1146208,Remaja (<25)
cust_3541,42,Urban,Low,687,5896.91,25144.68,1578.04,4051176,168,81,2659,6,4167.0,Daily,UPI,12,4.6,5,413952,Dewasa Muda (25-45)
cust_3542,65,Rural,High,475,11478.89,25692.08,2655.24,5452474,211,35,1507,20,4615.53,Monthly,Wallet Balance,10,53.69,4,551953,Dewasa (45-65)
cust_3543,58,Suburban,Middle,665,6435.78,17336.91,2787.23,4279790,172,283,4961,26,935.08,Weekly,Credit Card,8,64.42,10,450033,Dewasa (45-65)
cust_3544,55,Rural,High,976,5146.4,19696.35,2353.16,5022887,326,195,2020,13,2457.39,Weekly,Credit Card,16,42.34,9,515400,Dewasa (45-65)
cust_3545,53,Rural,Low,400,12145.66,30172.86,5828.26,4858265,120,184,154,31,771.83,Weekly,UPI,10,29.6,1,489848,Dewasa (45-65)
cust_3546,48,Urban,Low,868,16361.73,48690.84,4374.22,14201979,185,46,541,28,3529.13,Weekly,Debit Card,12,33.05,9,1431315,Dewasa (45-65)
cust_3547,43,Suburban,High,217,1881.02,6745.44,599.08,408181,39,148,4255,23,4161.19,Monthly,Wallet Balance,2,51.27,8,57547,Dewasa Muda (25-45)
cust_3548,16,Urban,Middle,809,5522.62,15192.91,1826.65,4467797,257,264,4885,27,1947.34,Monthly,UPI,9,15.08,9,467276,Remaja (<25)
cust_3549,23,Rural,Low,961,4110.63,17150.21,1481.62,3950317,279,93,1604,23,1983.75,Weekly,Credit Card,0,15.51,3,402547,Remaja (<25)
cust_3550,52,Urban,Middle,453,15969.02,23396.46,1612.59,7233966,230,328,1684,1,1019.2,Monthly,Wallet Balance,4,25.64,9,735355,Dewasa (45-65)
cust_3551,47,Urban,Middle,404,18668.11,72287.13,8159.38,7541915,115,114,2536,30,1532.67,Monthly,Wallet Balance,11,3.12,9,770497,Dewasa (45-65)
cust_3552,63,Urban,High,965,1608.05,2542.08,333.28,1551772,304,347,1279,11,1619.47,Monthly,Debit Card,6,48.49,2,160025,Dewasa (45-65)
cust_3553,58,Urban,Low,932,7590.48,36065.07,2192.63,7074323,91,282,4151,0,777.87,Daily,Wallet Balance,11,32.83,3,718345,Dewasa (45-65)
cust_3554,52,Rural,High,989,18291.04,41267.33,7986.37,18089834,309,103,2899,20,1549.76,Weekly,Debit Card,6,64.45,8,1824006,Dewasa (45-65)
cust_3555,19,Rural,Low,240,6899.32,28851.08,3440.98,1655836,61,202,868,28,4536.28,Daily,Credit Card,11,46.94,7,174851,Remaja (<25)
cust_3556,45,Suburban,High,738,14256.1,43989.6,5958.39,10521003,103,62,3013,29,1626.93,Daily,UPI,3,51.03,2,1062212,Dewasa Muda (25-45)
cust_3557,21,Urban,Low,186,2022.32,2759.15,222.32,376151,215,94,3166,41,1372.19,Monthly,UPI,16,48.7,10,57361,Remaja (<25)
cust_3558,61,Urban,Low,48,8893.31,29617.8,2201.11,426878,102,317,3310,0,1923.21,Daily,Credit Card,15,30.67,9,57346,Dewasa (45-65)
cust_3559,69,Suburban,Low,978,10070.98,46817.09,2002.96,9849420,143,228,682,21,4801.37,Monthly,Debit Card,17,67.22,2,988005,Senior (>65)
cust_3560,34,Urban,Middle,386,15155.7,24687.7,7360.41,5850102,90,68,2263,41,3822.9,Monthly,Wallet Balance,1,65.92,1,592724,Dewasa Muda (25-45)
cust_3561,47,Suburban,Middle,208,5783.6,13216.85,1189.64,1202989,118,285,1461,7,1008.69,Daily,Wallet Balance,16,35.26,9,132416,Dewasa (45-65)
cust_3562,24,Rural,High,157,5291.13,14585.71,2525.67,830707,139,302,3829,12,3762.76,Weekly,Credit Card,9,56.33,4,94047,Remaja (<25)
cust_3563,27,Suburban,High,225,6066.32,12740.57,2881.55,1364922,303,165,145,13,3831.17,Weekly,Debit Card,15,70.94,6,142166,Dewasa Muda (25-45)
cust_3564,26,Urban,Low,144,11118.37,53091.54,4844.99,1601045,240,101,1974,41,4750.69,Monthly,UPI,6,24.52,5,170777,Dewasa Muda (25-45)
cust_3565,61,Suburban,Low,419,17521.33,43978.55,2439.47,7341436,136,243,1820,0,4455.48,Daily,UPI,13,45.36,4,739555,Dewasa (45-65)
cust_3566,31,Rural,Middle,111,16620.52,60369.85,1675.32,1844877,5,90,604,31,475.97,Weekly,UPI,19,41.44,4,192557,Dewasa Muda (25-45)
cust_3567,16,Urban,Middle,830,1168.33,2214.77,487.84,969716,209,88,1606,37,2272.88,Daily,UPI,14,39.39,3,105747,Remaja (<25)
cust_3568,60,Rural,Middle,875,17580.31,33030.31,7688.22,15382773,87,127,4239,11,3514.97,Daily,Credit Card,9,67.25,4,1550097,Dewasa (45-65)
cust_3569,68,Rural,High,874,1911.24,3255.59,926.71,1670420,347,107,3199,46,4866.84,Daily,UPI,7,9.99,4,179606,Senior (>65)
cust_3570,36,Suburban,Middle,465,8312.81,22770.85,1557.43,3865455,319,322,1547,44,425.77,Monthly,Credit Card,1,37.66,7,400826,Dewasa Muda (25-45)
cust_3571,45,Rural,High,132,15310.43,47943.6,6020.96,2020977,277,302,2772,46,1841.16,Monthly,Credit Card,16,2.84,9,220321,Dewasa Muda (25-45)
cust_3572,28,Urban,Middle,625,1639.41,1709.89,504.32,1024628,121,244,1987,15,2461.12,Monthly,Wallet Balance,8,22.88,10,116706,Dewasa Muda (25-45)
cust_3573,49,Rural,Middle,836,817.59,3541.55,189.18,683504,245,185,1385,23,2066.22,Weekly,Credit Card,8,48.93,4,76387,Dewasa (45-65)
cust_3574,19,Rural,Low,947,6606.62,20156.89,2262.87,6256465,358,264,3643,43,2278.89,Daily,Wallet Balance,14,56.41,6,642093,Remaja (<25)
cust_3575,43,Suburban,High,601,14601.21,23783.04,4661.87,8775328,90,101,2896,19,1845.51,Monthly,Debit Card,12,61.65,6,890302,Dewasa Muda (25-45)
cust_3576,53,Rural,Middle,673,10439.91,13250.06,2264.6,7026060,140,253,1819,42,4853.11,Daily,UPI,8,6.44,5,713017,Dewasa (45-65)
cust_3577,46,Suburban,Low,334,8345.87,10455.68,1730.81,2787519,112,142,2654,43,4016.22,Daily,Debit Card,3,14.1,5,291351,Dewasa (45-65)
cust_3578,42,Suburban,High,920,16263.34,33023.91,4791.7,14962268,240,253,2119,31,3683.3,Monthly,Debit Card,8,29.51,9,1510723,Dewasa Muda (25-45)
cust_3579,20,Urban,High,75,15336.52,45966.13,4441.68,1150238,272,73,4717,26,2053.51,Weekly,Wallet Balance,8,28.07,2,128031,Remaja (<25)
cust_3580,40,Urban,Middle,793,15723.0,69825.2,3471.97,12468341,143,214,945,33,4407.62,Monthly,Wallet Balance,14,19.03,6,1255820,Dewasa Muda (25-45)
cust_3581,18,Urban,High,412,9199.94,42428.85,1890.52,3790374,207,299,1305,21,466.7,Daily,Wallet Balance,10,67.5,9,392514,Remaja (<25)
cust_3582,48,Urban,Low,519,398.79,1726.49,192.11,206972,119,172,1901,2,717.09,Daily,Credit Card,20,38.91,3,27340,Dewasa (45-65)
cust_3583,19,Suburban,Low,625,3451.02,7986.53,1535.52,2156886,84,304,3695,16,4770.29,Weekly,UPI,12,47.65,4,226293,Remaja (<25)
cust_3584,40,Rural,High,36,14828.6,33011.88,6327.53,533829,251,230,158,13,2834.94,Monthly,Wallet Balance,16,54.23,6,59581,Dewasa Muda (25-45)
cust_3585,35,Urban,Low,778,15065.94,74573.88,2797.95,11721299,278,237,3794,26,797.29,Daily,Wallet Balance,0,39.62,7,1188919,Dewasa Muda (25-45)
cust_3586,49,Urban,High,625,19446.25,72439.66,3417.03,12153905,163,230,3322,38,4745.73,Daily,Credit Card,2,60.19,3,1226461,Dewasa (45-65)
cust_3587,41,Urban,Low,804,3811.83,8461.53,1615.19,3064710,142,7,1350,19,4874.22,Daily,UPI,2,70.92,8,316633,Dewasa Muda (25-45)
cust_3588,20,Rural,High,223,2467.31,5715.07,428.99,550209,350,195,4720,45,4407.47,Daily,Debit Card,20,28.83,9,75757,Remaja (<25)
cust_3589,50,Urban,High,723,2784.4,7625.31,839.26,2013124,31,256,4433,30,1192.79,Monthly,Wallet Balance,14,46.7,2,214582,Dewasa (45-65)
cust_3590,43,Rural,High,530,3703.91,12916.39,698.44,1963074,326,171,1654,40,1392.47,Monthly,Debit Card,4,23.51,7,209919,Dewasa Muda (25-45)
cust_3591,44,Suburban,Low,241,10574.08,48555.3,2656.5,2548353,91,40,3030,30,2034.86,Monthly,Credit Card,20,5.9,7,269877,Dewasa Muda (25-45)
cust_3592,24,Suburban,High,134,19504.48,34975.98,8608.92,2613599,128,288,675,28,2896.61,Monthly,UPI,3,2.92,3,267061,Remaja (<25)
cust_3593,67,Suburban,High,732,11792.74,15774.12,5384.18,8632282,267,228,368,41,4960.91,Monthly,Wallet Balance,0,17.51,2,867583,Senior (>65)
cust_3594,53,Rural,Middle,391,10458.53,27432.82,5215.38,4089286,36,234,3175,42,4780.67,Weekly,Credit Card,3,12.52,9,426088,Dewasa (45-65)
cust_3595,65,Urban,Middle,102,13470.39,26695.92,6432.94,1373979,336,361,1203,31,4605.7,Monthly,Credit Card,7,52.28,7,147601,Dewasa (45-65)
cust_3596,21,Urban,High,652,1487.87,4916.11,548.28,970090,280,183,3360,29,446.38,Daily,Debit Card,20,33.9,4,110405,Remaja (<25)
cust_3597,34,Urban,Middle,681,16308.93,61922.71,4447.29,11106380,213,211,1471,42,3785.83,Monthly,Credit Card,6,39.35,10,1125887,Dewasa Muda (25-45)
cust_3598,59,Urban,High,498,12941.12,29026.21,1592.75,6444678,233,350,1348,26,4384.23,Weekly,Credit Card,0,6.81,5,652571,Dewasa (45-65)
cust_3599,26,Urban,Middle,511,3432.12,12842.33,1178.13,1753814,228,229,3423,18,1666.4,Daily,UPI,4,2.38,7,190194,Dewasa Muda (25-45)
cust_3600,17,Rural,Low,703,12618.0,29937.33,2325.15,8870454,298,345,3016,27,1097.87,Weekly,UPI,12,31.89,9,904228,Remaja (<25)
cust_3601,62,Suburban,Low,994,11928.2,42224.3,5249.06,11856627,237,255,669,44,3742.21,Daily,UPI,11,19.15,5,1194529,Dewasa (45-65)
cust_3602,59,Urban,High,537,1306.41,4614.56,417.48,701542,21,77,1254,9,454.19,Daily,Credit Card,7,45.16,7,80335,Dewasa (45-65)
cust_3603,59,Suburban,High,977,5345.97,11294.11,2103.11,5223017,96,265,4419,15,4704.29,Monthly,Wallet Balance,20,37.33,1,531287,Dewasa (45-65)
cust_3604,24,Rural,Low,949,7824.92,27722.85,2890.51,7425851,51,232,2008,30,780.39,Weekly,UPI,16,59.82,5,754211,Remaja (<25)
cust_3605,36,Rural,Low,545,4905.32,12380.15,1172.04,2673400,337,137,826,9,2287.69,Weekly,Wallet Balance,1,60.54,8,276748,Dewasa Muda (25-45)
cust_3606,39,Urban,Middle,343,4870.8,11426.02,1966.02,1670685,311,64,2311,9,4913.99,Daily,Credit Card,17,39.14,2,172133,Dewasa Muda (25-45)
cust_3607,49,Rural,High,841,11463.24,24727.94,5013.45,9640584,62,245,449,27,4941.1,Monthly,UPI,8,65.38,8,973185,Dewasa (45-65)
cust_3608,37,Suburban,Low,6,9422.47,22449.8,3746.87,56534,343,91,548,11,3879.95,Daily,Wallet Balance,8,67.23,5,10909,Dewasa Muda (25-45)
cust_3609,18,Urban,Low,958,13349.17,55358.74,5482.81,12788505,153,233,1634,32,4195.94,Weekly,UPI,12,18.35,8,1291220,Remaja (<25)
cust_3610,27,Urban,High,194,19128.58,37888.27,4667.49,3710944,224,351,3669,27,4835.85,Daily,UPI,17,70.4,2,380714,Dewasa Muda (25-45)
cust_3611,43,Suburban,Middle,742,13214.52,49263.05,6309.6,9805170,142,349,2112,17,4637.15,Monthly,Wallet Balance,16,71.0,8,992122,Dewasa Muda (25-45)
cust_3612,45,Urban,Middle,137,11646.1,53600.96,3142.45,1595515,41,94,1638,27,3110.54,Weekly,Wallet Balance,6,5.61,5,168972,Dewasa Muda (25-45)
cust_3613,41,Urban,Middle,835,16952.71,40715.6,7778.25,14155516,166,203,4719,27,3673.08,Daily,Wallet Balance,6,1.17,4,1429853,Dewasa Muda (25-45)
cust_3614,63,Suburban,Middle,912,12645.14,14137.88,5603.36,11532369,190,174,4448,42,2968.88,Monthly,Credit Card,18,5.16,9,1173848,Dewasa (45-65)
cust_3615,36,Urban,Low,473,3319.57,3646.3,497.05,1570156,297,124,1007,38,2532.48,Weekly,Debit Card,1,25.83,3,164563,Dewasa Muda (25-45)
cust_3616,43,Urban,High,216,6301.83,9818.32,3065.89,1361194,45,70,4231,13,4404.15,Monthly,Debit Card,15,58.37,3,146679,Dewasa Muda (25-45)
cust_3617,41,Suburban,High,349,14669.87,21127.25,7313.47,5119785,208,103,3385,7,3690.13,Daily,Credit Card,1,36.82,8,525603,Dewasa Muda (25-45)
cust_3618,48,Rural,Low,876,14770.26,58967.93,5058.2,12938751,96,233,1010,29,4299.08,Weekly,Wallet Balance,14,22.04,2,1298645,Dewasa (45-65)
cust_3619,36,Suburban,Low,183,19740.3,43022.08,8157.56,3612475,275,64,2773,35,479.55,Monthly,Wallet Balance,15,4.91,3,373053,Dewasa Muda (25-45)
cust_3620,50,Urban,Low,168,12543.23,45281.54,5938.9,2107262,293,95,2800,2,2882.43,Weekly,Credit Card,15,29.11,8,223085,Dewasa (45-65)
cust_3621,67,Suburban,High,794,17991.91,21047.33,1943.3,14285575,235,163,309,9,1647.58,Daily,Debit Card,5,3.57,9,1438251,Senior (>65)
cust_3622,49,Urban,High,38,1101.06,2403.57,519.7,41840,341,268,155,8,2566.97,Daily,Credit Card,10,13.26,1,5010,Dewasa (45-65)
cust_3623,56,Urban,High,675,11328.78,21939.15,3975.8,7646929,207,304,1636,46,3064.83,Monthly,Wallet Balance,8,63.39,8,779032,Dewasa (45-65)
cust_3624,66,Suburban,Middle,471,18397.76,38773.69,7936.47,8665345,26,319,4461,39,4228.79,Weekly,Wallet Balance,17,55.08,10,887242,Senior (>65)
cust_3625,62,Urban,Low,452,5752.01,10140.06,1819.3,2599909,350,173,3152,12,159.39,Daily,UPI,5,71.7,7,274415,Dewasa (45-65)
cust_3626,33,Rural,Low,955,3105.98,10782.93,969.75,2966214,360,6,3130,21,819.92,Monthly,Debit Card,3,64.5,2,306571,Dewasa Muda (25-45)
cust_3627,26,Urban,Low,490,7016.7,25615.8,3220.72,3438182,207,301,1260,23,4607.23,Monthly,Wallet Balance,17,61.76,1,347334,Dewasa Muda (25-45)
cust_3628,38,Suburban,High,142,15846.8,25257.61,4801.4,2250245,141,346,4433,6,4836.35,Monthly,Credit Card,1,13.41,7,239072,Dewasa Muda (25-45)
cust_3629,63,Rural,Low,760,1703.17,6752.36,491.73,1294408,347,101,4567,12,277.11,Weekly,Credit Card,12,47.03,8,147636,Dewasa (45-65)
cust_3630,37,Rural,Low,943,12010.77,24023.72,4123.0,11326155,87,360,4384,5,1658.94,Daily,Debit Card,0,43.64,1,1142054,Dewasa Muda (25-45)
cust_3631,32,Urban,Middle,103,2721.28,5800.92,836.6,280291,98,131,4469,9,48.65,Daily,Credit Card,8,66.17,4,41842,Dewasa Muda (25-45)
cust_3632,20,Suburban,High,711,8716.29,37612.84,2427.62,6197284,23,20,3380,50,3787.24,Weekly,Debit Card,13,56.45,3,632594,Remaja (<25)
cust_3633,59,Urban,Low,712,19319.88,88961.55,3327.07,13755754,250,211,1630,10,3409.7,Daily,Credit Card,3,56.01,5,1383130,Dewasa (45-65)
cust_3634,26,Urban,High,42,3910.93,16813.2,1012.78,164259,364,295,1145,28,2824.03,Monthly,Credit Card,20,24.06,9,29103,Dewasa Muda (25-45)
cust_3635,45,Suburban,High,947,689.99,1097.81,146.84,653421,250,292,2394,15,3458.31,Monthly,Wallet Balance,3,9.83,1,70900,Dewasa Muda (25-45)
cust_3636,30,Suburban,High,147,8549.79,42723.93,2224.54,1256819,148,348,35,19,2688.96,Weekly,Debit Card,19,27.2,3,129307,Dewasa Muda (25-45)
cust_3637,42,Urban,Middle,66,11558.13,42633.59,3898.13,762836,54,265,724,20,1194.21,Monthly,Wallet Balance,14,15.8,2,81134,Dewasa Muda (25-45)
cust_3638,50,Rural,High,943,5957.38,18126.37,2046.6,5617808,315,253,1476,28,3771.67,Daily,Debit Card,14,52.67,1,566647,Dewasa (45-65)
cust_3639,48,Urban,High,193,10839.94,52241.65,2118.82,2092108,39,44,2506,13,3916.39,Daily,Wallet Balance,12,33.61,6,219564,Dewasa (45-65)
cust_3640,35,Rural,High,298,19068.5,81413.39,2551.2,5682414,334,75,3297,40,4271.01,Weekly,Wallet Balance,13,17.49,6,582699,Dewasa Muda (25-45)
cust_3641,31,Urban,Low,38,6242.3,23514.56,2483.03,237207,218,53,890,15,4770.38,Monthly,UPI,0,47.72,9,33615,Dewasa Muda (25-45)
cust_3642,49,Suburban,Middle,502,6195.45,26972.43,1929.44,3110114,347,286,2849,8,3737.71,Daily,Wallet Balance,0,5.91,8,323640,Dewasa (45-65)
cust_3643,17,Rural,Low,653,9660.53,24555.78,2674.43,6308326,237,66,1400,5,272.75,Daily,Wallet Balance,0,66.17,2,635996,Remaja (<25)
cust_3644,50,Suburban,Middle,618,10311.17,38540.63,1565.63,6372305,325,38,1026,37,104.19,Daily,Credit Card,14,42.06,9,651930,Dewasa (45-65)
cust_3645,55,Suburban,Middle,428,37.3,65.74,9.92,15966,324,254,4101,28,3699.35,Monthly,Credit Card,0,33.73,6,16748,Dewasa (45-65)
cust_3646,43,Suburban,High,664,12321.34,61015.33,5264.54,8181372,343,294,2660,17,280.25,Daily,Debit Card,5,18.69,9,834017,Dewasa Muda (25-45)
cust_3647,62,Suburban,High,352,19947.17,66941.25,6633.92,7021405,277,199,4404,23,1579.72,Monthly,UPI,6,39.9,7,719458,Dewasa (45-65)
cust_3648,54,Suburban,Low,926,5847.24,24891.41,797.51,5414545,225,236,2406,50,680.8,Daily,Debit Card,1,21.39,8,558926,Dewasa (45-65)
cust_3649,21,Urban,Middle,326,12619.89,33182.24,2939.3,4114085,144,55,3005,16,4844.5,Monthly,Credit Card,8,29.01,10,426596,Remaja (<25)
cust_3650,24,Rural,High,38,102.39,413.07,50.37,3890,288,332,3749,35,1581.97,Daily,Debit Card,3,64.09,7,17596,Remaja (<25)
cust_3651,35,Urban,High,97,12090.49,30825.18,3842.39,1172777,211,116,675,20,275.73,Monthly,Credit Card,17,14.78,8,128489,Dewasa Muda (25-45)
cust_3652,16,Urban,High,108,8946.9,30061.75,1919.63,966264,154,85,2849,18,4748.04,Weekly,Credit Card,14,25.71,9,110750,Remaja (<25)
cust_3653,23,Urban,High,631,10610.56,43636.35,4937.92,6695263,259,279,517,22,3043.72,Weekly,Debit Card,7,47.56,6,677238,Remaja (<25)
cust_3654,38,Suburban,Low,151,10882.66,15952.84,2550.9,1643281,227,142,4479,26,180.55,Weekly,Credit Card,6,52.46,10,185795,Dewasa Muda (25-45)
cust_3655,18,Urban,Low,74,3547.29,8609.78,1390.41,262499,82,96,3985,10,4166.81,Daily,Credit Card,7,9.16,7,40136,Remaja (<25)
cust_3656,19,Rural,High,57,15401.66,48973.4,2447.14,877894,88,49,2586,25,762.64,Monthly,UPI,12,67.47,2,97080,Remaja (<25)
cust_3657,40,Urban,High,878,11113.84,25961.82,1807.08,9757949,309,301,4703,10,4012.18,Daily,UPI,2,2.92,7,991194,Dewasa Muda (25-45)
cust_3658,62,Suburban,High,335,5411.19,12103.03,1756.07,1812747,4,205,161,42,3013.76,Monthly,Credit Card,5,5.75,1,185289,Dewasa (45-65)
cust_3659,53,Rural,High,252,18748.26,39871.1,3673.33,4724560,173,352,600,21,885.58,Monthly,Credit Card,6,55.11,10,485313,Dewasa (45-65)
cust_3660,30,Rural,High,919,265.35,507.12,31.77,243853,32,195,1559,18,3762.99,Daily,Wallet Balance,4,55.77,4,31421,Dewasa Muda (25-45)
cust_3661,36,Rural,Middle,804,14521.48,63830.9,6833.61,11675273,234,305,664,7,2272.52,Monthly,Wallet Balance,17,48.29,10,1178419,Dewasa Muda (25-45)
cust_3662,50,Rural,Middle,825,7630.89,35825.18,933.99,6295485,226,250,4957,22,3190.5,Weekly,Credit Card,14,38.04,3,643067,Dewasa (45-65)
cust_3663,68,Urban,Middle,767,10455.67,39738.64,4046.08,8019499,339,258,3781,47,4347.57,Daily,UPI,1,21.49,4,816038,Senior (>65)
cust_3664,68,Suburban,Middle,254,5837.28,6537.74,1361.22,1482669,206,359,2039,22,1301.49,Weekly,Credit Card,19,60.64,5,158894,Senior (>65)
cust_3665,61,Rural,High,385,6431.83,26659.51,3044.84,2476254,102,59,4576,39,1829.86,Weekly,UPI,9,50.61,10,269762,Dewasa (45-65)
cust_3666,67,Rural,Middle,456,313.17,979.53,154.84,142806,58,221,3790,8,4986.36,Weekly,UPI,3,69.73,4,24167,Senior (>65)
cust_3667,29,Suburban,Middle,259,14599.6,58872.03,3418.82,3781297,269,60,4316,23,2540.57,Daily,Wallet Balance,11,33.26,4,391791,Dewasa Muda (25-45)
cust_3668,51,Urban,Low,782,14218.86,39092.67,4783.83,11119148,150,22,1772,11,2792.51,Weekly,Credit Card,20,34.41,8,1123162,Dewasa (45-65)
cust_3669,27,Rural,Middle,465,13090.62,15252.24,5356.6,6087138,252,345,4605,11,1427.19,Daily,UPI,14,57.19,2,620310,Dewasa Muda (25-45)
cust_3670,32,Urban,Middle,34,17560.23,65446.64,2622.86,597047,44,362,1390,31,2080.14,Daily,Credit Card,10,71.51,1,65544,Dewasa Muda (25-45)
cust_3671,54,Urban,High,495,18026.34,50050.38,6918.24,8923037,30,53,4286,1,2507.76,Weekly,Debit Card,13,64.64,8,907721,Dewasa (45-65)
cust_3672,24,Urban,Middle,326,11133.32,50057.35,5148.93,3629462,12,275,1717,5,1292.22,Monthly,Debit Card,6,22.12,7,373234,Remaja (<25)
cust_3673,50,Urban,Middle,837,13699.62,54148.46,2348.13,11466583,14,49,1957,3,1190.73,Monthly,Wallet Balance,13,68.71,2,1152276,Dewasa (45-65)
cust_3674,28,Rural,High,238,229.86,560.45,100.1,54706,292,17,1659,12,3002.33,Daily,Debit Card,7,15.06,3,11487,Dewasa Muda (25-45)
cust_3675,30,Rural,Middle,691,16928.4,65958.59,2475.63,11697522,45,127,3088,35,918.26,Weekly,Debit Card,13,30.92,1,1179969,Dewasa Muda (25-45)
cust_3676,33,Urban,High,616,16330.1,48677.34,5345.18,10059344,200,155,2078,40,2767.29,Daily,Credit Card,5,63.97,6,1018706,Dewasa Muda (25-45)
cust_3677,66,Urban,Middle,541,414.77,745.66,97.78,224390,24,275,2944,38,3531.07,Monthly,Wallet Balance,17,23.25,4,34361,Senior (>65)
cust_3678,48,Suburban,Low,739,10861.08,29102.75,3135.44,8026335,251,235,1827,37,991.29,Daily,Wallet Balance,13,26.01,8,817491,Dewasa (45-65)
cust_3679,21,Suburban,Low,466,18134.04,34277.87,3994.08,8450464,119,286,2439,17,3729.39,Daily,Debit Card,7,71.63,3,852759,Remaja (<25)
cust_3680,42,Suburban,Middle,744,3635.95,3708.32,742.52,2705143,78,78,1116,14,1798.42,Monthly,Credit Card,3,33.02,1,274247,Dewasa Muda (25-45)
cust_3681,38,Rural,Low,304,7059.37,14028.26,2804.38,2146049,242,174,2005,47,4962.52,Weekly,Credit Card,11,68.27,10,230833,Dewasa Muda (25-45)
cust_3682,42,Suburban,High,862,6627.76,12182.39,1254.27,5713131,203,106,1161,32,4895.38,Monthly,Wallet Balance,4,20.46,1,575387,Dewasa Muda (25-45)
cust_3683,49,Rural,Middle,847,7125.25,7248.86,1876.54,6035086,237,320,4119,41,3992.97,Weekly,Credit Card,12,36.56,6,619850,Dewasa (45-65)
cust_3684,61,Rural,High,117,847.3,3504.19,177.78,99134,294,32,167,29,1713.6,Weekly,Credit Card,18,28.17,7,19290,Dewasa (45-65)
cust_3685,53,Rural,Low,207,5587.56,7308.2,1092.11,1156625,348,292,2000,35,4686.05,Monthly,Wallet Balance,11,41.06,8,128819,Dewasa (45-65)
cust_3686,29,Rural,High,912,5904.18,16509.48,2071.41,5384610,87,10,288,24,4993.9,Daily,Credit Card,17,64.79,1,539940,Dewasa Muda (25-45)
cust_3687,51,Suburban,Low,697,17318.78,46267.69,2046.59,12071191,210,315,1037,3,2311.39,Daily,UPI,5,71.35,5,1213337,Dewasa (45-65)
cust_3688,68,Urban,Low,481,7048.8,12163.64,2929.2,3390472,276,102,2485,17,3072.95,Monthly,Wallet Balance,5,36.58,5,349180,Senior (>65)
cust_3689,23,Urban,Low,650,8949.86,43563.22,2850.47,5817410,97,118,3364,44,29.94,Weekly,Debit Card,16,13.43,6,598854,Remaja (<25)
cust_3690,50,Urban,High,403,7620.95,26025.06,3287.49,3071244,2,157,4823,32,217.67,Monthly,UPI,15,4.58,9,328861,Dewasa (45-65)
cust_3691,34,Suburban,Low,997,2422.26,10304.43,448.62,2414995,229,267,2131,19,2502.99,Daily,UPI,11,12.33,3,249410,Dewasa Muda (25-45)
cust_3692,45,Urban,Middle,835,19807.23,59115.92,7601.27,16539038,243,245,4464,41,3046.57,Daily,Wallet Balance,4,54.0,1,1666408,Dewasa Muda (25-45)
cust_3693,29,Suburban,Low,676,16518.25,64276.58,4430.75,11166334,258,79,3973,20,1561.97,Weekly,Debit Card,13,43.2,3,1128798,Dewasa Muda (25-45)
cust_3694,35,Suburban,Middle,900,10823.0,52806.67,1414.8,9740697,42,160,1184,0,495.65,Monthly,Wallet Balance,15,54.16,8,984189,Dewasa Muda (25-45)
cust_3695,64,Suburban,Middle,587,9532.53,22817.26,3822.45,5595592,213,91,4991,33,3911.36,Daily,Credit Card,4,68.73,10,580885,Dewasa (45-65)
cust_3696,40,Urban,Middle,233,12988.6,39187.33,5258.76,3026344,296,358,2353,8,2093.8,Monthly,Wallet Balance,7,51.18,3,310093,Dewasa Muda (25-45)
cust_3697,55,Urban,Middle,929,6535.36,19986.09,1361.75,6071348,3,129,1482,0,3244.24,Monthly,Credit Card,6,56.21,7,615476,Dewasa (45-65)
cust_3698,39,Urban,High,284,1015.15,5043.27,473.49,288303,16,14,3667,46,3251.01,Monthly,Debit Card,12,31.33,9,48138,Dewasa Muda (25-45)
cust_3699,29,Rural,Middle,480,8092.29,15637.52,3282.14,3884300,279,286,4805,26,2734.19,Weekly,Wallet Balance,2,37.3,8,407272,Dewasa Muda (25-45)
cust_3700,41,Suburban,Low,889,19679.71,72839.14,4382.73,17495263,102,159,199,14,892.45,Daily,Debit Card,13,59.45,5,1755878,Dewasa Muda (25-45)
cust_3701,53,Rural,Middle,767,3655.11,5676.09,715.1,2803471,77,129,334,23,3080.41,Weekly,Debit Card,16,46.37,8,289774,Dewasa (45-65)
cust_3702,38,Suburban,Low,976,10558.83,49714.07,2914.61,10305416,202,174,3413,24,1610.42,Daily,UPI,6,39.02,1,1039962,Dewasa Muda (25-45)
cust_3703,37,Urban,High,9,180.34,606.23,39.16,1623,55,174,178,33,4095.63,Daily,Wallet Balance,8,16.71,2,3770,Dewasa Muda (25-45)
cust_3704,63,Suburban,Middle,715,2449.41,10869.61,457.57,1751328,209,361,449,43,965.98,Monthly,Wallet Balance,9,43.8,3,182847,Dewasa (45-65)
cust_3705,34,Suburban,Low,902,11747.96,53817.02,3050.24,10596661,329,43,1724,49,1455.74,Monthly,UPI,9,21.67,4,1071286,Dewasa Muda (25-45)
cust_3706,61,Rural,High,379,5955.3,19226.34,656.76,2257060,354,294,1179,9,2201.53,Daily,Debit Card,12,42.91,1,228863,Dewasa (45-65)
cust_3707,66,Suburban,High,817,18114.63,67531.88,4720.03,14799655,81,345,4835,29,3700.07,Monthly,Wallet Balance,9,33.94,8,1498685,Senior (>65)
cust_3708,18,Urban,Low,603,8129.33,30849.87,1533.72,4901988,244,300,867,44,3603.75,Monthly,Debit Card,5,8.22,4,498530,Remaja (<25)
cust_3709,57,Suburban,Middle,381,4168.59,11846.82,857.62,1588233,235,109,977,40,1685.55,Monthly,Debit Card,20,61.86,7,170934,Dewasa (45-65)
cust_3710,34,Suburban,High,844,10916.38,29903.82,1452.11,9213424,114,242,3640,24,2553.76,Weekly,Wallet Balance,13,42.27,10,939745,Dewasa Muda (25-45)
cust_3711,24,Suburban,Low,662,15901.52,27744.23,5336.12,10526808,67,55,665,2,1171.17,Weekly,Debit Card,4,65.11,2,1055625,Remaja (<25)
cust_3712,43,Rural,Middle,360,398.2,1009.7,115.0,143351,297,55,2072,21,3851.83,Daily,UPI,12,66.82,6,24653,Dewasa Muda (25-45)
cust_3713,35,Suburban,High,176,10115.35,50202.75,4048.68,1780301,40,334,2523,39,983.55,Monthly,Debit Card,7,37.75,9,195484,Dewasa Muda (25-45)
cust_3714,60,Suburban,Low,485,15470.8,32170.69,7655.56,7503336,221,216,782,45,4096.73,Monthly,Debit Card,8,49.14,7,761349,Dewasa (45-65)
cust_3715,22,Rural,High,405,2080.74,8426.49,307.56,842698,103,107,4297,23,4684.32,Monthly,Wallet Balance,19,64.57,7,99821,Remaja (<25)
cust_3716,29,Rural,High,33,18056.94,22343.48,3773.36,595879,295,313,4705,26,4958.08,Weekly,Debit Card,9,49.29,3,72118,Dewasa Muda (25-45)
cust_3717,24,Rural,Low,465,5297.7,15203.75,1975.95,2463431,53,184,1487,25,4284.81,Daily,Debit Card,0,18.32,7,256674,Remaja (<25)
cust_3718,34,Rural,High,696,3420.37,4219.5,666.71,2380574,296,130,4532,15,1108.49,Monthly,Wallet Balance,4,19.35,9,257067,Dewasa Muda (25-45)
cust_3719,62,Urban,Low,157,11789.23,34226.49,1321.09,1850908,52,124,4967,37,2082.57,Weekly,Credit Card,19,30.74,7,204683,Dewasa (45-65)
cust_3720,67,Urban,Middle,565,3508.87,3895.58,505.01,1982513,37,49,3550,40,444.18,Weekly,Credit Card,3,3.67,2,211129,Senior (>65)
cust_3721,29,Suburban,Low,808,13597.23,46953.68,3718.17,10986564,67,320,3450,3,822.76,Monthly,Debit Card,0,27.34,7,1112445,Dewasa Muda (25-45)
cust_3722,53,Urban,Middle,202,9807.14,32815.05,2670.62,1981042,162,253,2158,22,248.49,Monthly,UPI,18,11.19,10,214495,Dewasa (45-65)
cust_3723,68,Suburban,High,786,2208.02,9254.63,1079.55,1735503,206,343,122,18,3205.44,Weekly,Wallet Balance,18,59.73,9,182991,Senior (>65)
cust_3724,51,Urban,Low,175,18250.68,60832.15,5226.63,3193868,341,69,2482,14,2665.94,Weekly,Wallet Balance,14,56.54,7,331417,Dewasa (45-65)
cust_3725,55,Rural,Low,244,13467.38,63350.49,4999.45,3286039,322,318,4073,30,4585.06,Daily,Credit Card,10,13.43,1,338457,Dewasa (45-65)
cust_3726,32,Rural,Low,269,10924.4,45144.19,3243.24,2938663,52,52,959,23,2315.04,Weekly,UPI,4,21.21,7,303926,Dewasa Muda (25-45)
cust_3727,45,Urban,Low,923,7493.07,11469.09,1558.31,6916102,209,33,1406,10,3211.53,Weekly,Credit Card,2,41.47,1,694816,Dewasa Muda (25-45)
cust_3728,24,Urban,Middle,446,2705.85,5579.17,384.72,1206808,2,20,3545,9,2007.99,Daily,Credit Card,16,18.71,2,129666,Remaja (<25)
cust_3729,48,Suburban,Middle,74,14153.29,15638.29,6278.82,1047343,129,229,4604,7,4147.29,Weekly,Debit Card,15,4.94,9,121568,Dewasa (45-65)
cust_3730,67,Suburban,High,96,16274.98,41412.27,2621.33,1562398,178,187,563,2,4631.88,Weekly,Wallet Balance,7,55.34,3,158249,Senior (>65)
cust_3731,40,Suburban,High,873,2525.12,7671.68,350.38,2204428,164,188,724,18,2158.66,Daily,Debit Card,19,7.47,8,230611,Dewasa Muda (25-45)
cust_3732,29,Rural,High,173,9896.41,47342.28,1836.09,1712078,353,191,246,3,413.51,Daily,Debit Card,2,49.12,1,172793,Dewasa Muda (25-45)
cust_3733,26,Rural,High,899,9702.08,29970.39,979.87,8722165,22,112,2628,28,817.68,Monthly,UPI,11,11.64,9,888863,Dewasa Muda (25-45)
cust_3734,68,Rural,Low,406,7004.74,28888.31,902.11,2843922,227,184,4966,44,3602.72,Weekly,Wallet Balance,7,1.55,10,306922,Senior (>65)
cust_3735,50,Rural,Middle,155,15788.94,32716.21,5590.53,2447286,82,293,404,40,1626.34,Monthly,UPI,14,40.94,6,254723,Dewasa (45-65)
cust_3736,56,Suburban,Middle,183,1999.6,3224.62,394.76,365926,164,362,2553,20,3926.92,Daily,UPI,10,21.21,1,42735,Dewasa (45-65)
cust_3737,29,Rural,Middle,323,4108.33,17433.08,967.12,1326991,3,361,1247,44,3748.8,Weekly,Debit Card,12,10.24,7,144718,Dewasa Muda (25-45)
cust_3738,45,Rural,Middle,289,42.04,83.65,18.25,12149,172,307,2394,8,3471.51,Daily,Credit Card,7,49.63,5,10067,Dewasa Muda (25-45)
cust_3739,56,Rural,High,258,7465.98,33487.45,3054.78,1926222,118,285,4958,50,4071.08,Weekly,Wallet Balance,12,46.73,5,210502,Dewasa (45-65)
cust_3740,19,Rural,Low,587,5830.65,9791.99,1731.12,3422592,144,227,1227,47,3782.78,Monthly,Credit Card,15,30.21,9,356521,Remaja (<25)
cust_3741,19,Urban,Middle,174,17341.21,76411.37,5986.02,3017370,252,137,632,17,3162.94,Weekly,Wallet Balance,17,7.29,6,309119,Remaja (<25)
cust_3742,43,Suburban,Low,330,14918.75,61038.42,2003.95,4923186,266,86,3380,18,21.14,Daily,Credit Card,15,34.07,9,509868,Dewasa Muda (25-45)
cust_3743,23,Suburban,Low,231,1698.6,5851.48,687.32,392376,170,296,4349,16,2578.39,Weekly,Debit Card,12,8.4,2,50246,Remaja (<25)
cust_3744,17,Rural,Low,759,14821.71,65228.6,4542.51,11249676,213,171,658,43,2976.26,Monthly,Wallet Balance,13,71.6,4,1133095,Remaja (<25)
cust_3745,56,Urban,Low,161,13511.25,31384.48,4436.82,2175311,281,356,2050,42,4803.23,Monthly,Credit Card,7,17.66,6,229429,Dewasa (45-65)
cust_3746,61,Suburban,Middle,186,5641.67,9388.51,2066.04,1049350,227,279,3421,23,3252.41,Monthly,Credit Card,19,1.22,3,115450,Dewasa (45-65)
cust_3747,37,Suburban,Middle,903,319.06,519.48,95.74,288111,262,359,1123,48,2877.37,Daily,Wallet Balance,1,16.62,10,44418,Dewasa Muda (25-45)
cust_3748,56,Rural,Middle,143,2312.1,4812.48,713.69,330629,255,252,4552,5,2705.97,Weekly,UPI,19,44.99,10,51313,Dewasa (45-65)
cust_3749,31,Rural,High,282,5006.32,13942.15,1501.17,1411782,8,8,883,30,516.46,Weekly,UPI,7,70.33,3,148686,Dewasa Muda (25-45)
cust_3750,44,Suburban,Middle,907,16334.28,73571.1,4879.49,14815192,41,74,696,26,2138.1,Daily,Wallet Balance,5,38.31,10,1494442,Dewasa Muda (25-45)
cust_3751,64,Suburban,High,640,9311.6,12646.49,3725.41,5959426,257,320,4424,46,671.78,Monthly,Debit Card,12,32.6,10,619054,Dewasa (45-65)
cust_3752,63,Urban,High,678,18368.73,85616.05,4975.78,12453996,131,151,714,33,263.49,Daily,Wallet Balance,2,71.45,1,1250995,Dewasa (45-65)
cust_3753,45,Suburban,High,27,15785.08,74221.1,1596.78,426197,52,93,3989,45,1647.35,Weekly,Wallet Balance,6,12.71,5,59274,Dewasa Muda (25-45)
cust_3754,27,Suburban,Middle,246,5749.29,22473.67,1982.5,1414325,102,365,241,26,3227.21,Weekly,Credit Card,5,15.04,6,148900,Dewasa Muda (25-45)
cust_3755,50,Rural,Middle,487,16908.79,77799.61,8134.23,8234580,219,96,4274,26,4333.99,Weekly,Debit Card,4,28.03,4,836439,Dewasa (45-65)
cust_3756,26,Suburban,Middle,647,2343.33,9560.66,475.19,1516134,244,142,2227,34,4051.83,Weekly,UPI,15,54.07,9,166441,Dewasa Muda (25-45)
cust_3757,61,Rural,High,897,731.99,2278.83,312.18,656594,333,80,3005,11,1473.45,Weekly,Credit Card,2,22.48,6,78032,Dewasa (45-65)
cust_3758,65,Suburban,High,202,12174.68,41430.44,3435.65,2459284,303,359,4846,28,229.98,Monthly,Credit Card,4,34.36,3,261305,Dewasa (45-65)
cust_3759,36,Suburban,Low,21,6841.44,24033.29,2443.71,143670,339,240,1339,5,2013.39,Daily,UPI,2,67.69,7,23538,Dewasa Muda (25-45)
cust_3760,36,Suburban,High,591,6595.22,9942.78,3009.73,3897774,275,273,1743,36,1573.9,Monthly,Credit Card,14,62.97,5,401076,Dewasa Muda (25-45)
cust_3761,20,Urban,High,670,13747.29,24363.18,5614.47,9210685,70,20,2678,6,1856.32,Weekly,Debit Card,1,68.24,9,935096,Remaja (<25)
cust_3762,63,Rural,Middle,94,17003.58,52600.13,7716.72,1598336,47,12,1460,5,2795.49,Monthly,Credit Card,14,12.84,5,166855,Dewasa (45-65)
cust_3763,35,Urban,Low,8,6450.29,9423.31,669.59,51602,117,124,4444,18,152.07,Daily,UPI,12,35.23,7,22772,Dewasa Muda (25-45)
cust_3764,52,Suburban,Low,472,6507.03,31623.61,1138.25,3071316,78,122,4614,13,1854.03,Weekly,UPI,1,51.63,6,322732,Dewasa (45-65)
cust_3765,18,Urban,Low,339,10681.68,32349.57,2877.62,3621090,5,328,386,49,2793.17,Monthly,Debit Card,17,53.04,10,376384,Remaja (<25)
cust_3766,59,Rural,Middle,259,13067.14,32933.7,5738.26,3384389,254,229,1441,20,2154.85,Daily,Debit Card,9,40.06,3,345243,Dewasa (45-65)
cust_3767,48,Suburban,Low,55,4066.09,6628.37,1770.2,223634,320,85,800,13,3336.14,Monthly,Wallet Balance,3,59.27,10,33595,Dewasa (45-65)
cust_3768,68,Urban,Low,911,18254.46,48668.86,3177.3,16629809,107,274,606,39,930.66,Monthly,Wallet Balance,1,4.03,7,1674627,Senior (>65)
cust_3769,24,Urban,Middle,548,13091.79,28928.98,2054.06,7174298,244,29,4439,13,769.14,Daily,UPI,19,14.98,4,731223,Remaja (<25)
cust_3770,24,Rural,Low,6,12506.98,16905.8,5426.54,75041,173,135,1917,50,1539.37,Weekly,Debit Card,13,24.28,6,21568,Remaja (<25)
cust_3771,19,Urban,High,377,18084.87,88037.53,5725.19,6817996,36,40,3109,31,508.65,Monthly,UPI,2,52.75,6,696863,Remaja (<25)
cust_3772,50,Rural,High,554,18146.23,37379.64,6364.03,10053010,173,101,365,25,1181.31,Weekly,Debit Card,11,65.02,3,1010940,Dewasa (45-65)
cust_3773,32,Suburban,High,50,2719.65,10230.99,1152.27,135982,180,134,4476,2,434.52,Daily,UPI,4,38.55,2,24532,Dewasa Muda (25-45)
cust_3774,49,Suburban,High,112,2910.06,3973.07,537.48,325926,267,311,4041,14,2009.89,Weekly,Debit Card,1,51.28,3,44069,Dewasa (45-65)
cust_3775,39,Urban,High,146,15241.35,70913.08,2356.22,2225237,255,329,984,20,3557.28,Monthly,Debit Card,13,43.2,8,232713,Dewasa Muda (25-45)
cust_3776,47,Suburban,High,230,19138.03,64361.31,8489.97,4401746,320,181,1124,29,1432.69,Monthly,Wallet Balance,4,66.64,1,445606,Dewasa (45-65)
cust_3777,16,Suburban,High,723,13333.61,48367.5,1929.5,9640198,321,200,490,47,18.65,Daily,Wallet Balance,6,64.91,3,972690,Remaja (<25)
cust_3778,23,Urban,High,497,8232.23,33975.53,1113.59,4091416,73,209,4973,46,2785.34,Monthly,Wallet Balance,14,58.36,6,428295,Remaja (<25)
cust_3779,60,Suburban,High,306,13672.63,46810.45,2882.6,4183824,57,88,3644,13,3459.71,Monthly,Debit Card,18,20.85,7,432240,Dewasa (45-65)
cust_3780,38,Urban,Middle,542,4583.94,5884.09,1039.36,2484497,66,125,4224,46,1956.58,Daily,Debit Card,18,27.49,10,270519,Dewasa Muda (25-45)
cust_3781,62,Rural,Middle,461,19959.35,54256.08,3921.1,9201258,132,22,4070,38,1485.0,Weekly,Wallet Balance,16,30.57,4,935323,Dewasa (45-65)
cust_3782,55,Rural,High,807,8627.39,17669.94,3422.05,6962306,260,50,2026,36,2453.19,Weekly,Wallet Balance,15,1.31,8,710656,Dewasa (45-65)
cust_3783,27,Rural,Middle,628,18634.4,54913.13,9118.59,11702405,124,239,20,40,506.2,Weekly,Credit Card,7,17.41,8,1182027,Dewasa Muda (25-45)
cust_3784,69,Urban,Middle,908,8621.65,22565.46,1550.49,7828460,92,214,27,47,3219.63,Weekly,UPI,12,51.68,4,789990,Senior (>65)
cust_3785,27,Urban,High,226,18563.51,79936.95,7661.92,4195354,274,283,2497,27,3666.49,Monthly,Wallet Balance,20,39.65,4,429396,Dewasa Muda (25-45)
cust_3786,61,Suburban,High,59,6720.35,13361.34,790.96,396500,141,48,3563,1,3523.15,Weekly,UPI,10,69.0,5,50114,Dewasa (45-65)
cust_3787,62,Suburban,Middle,76,15213.25,27463.03,2244.88,1156207,232,66,4747,21,1643.33,Daily,Credit Card,0,3.07,3,129393,Dewasa (45-65)
cust_3788,30,Suburban,High,428,19020.53,91913.77,5821.18,8140786,70,130,4928,6,4213.55,Daily,Debit Card,17,27.86,6,828427,Dewasa Muda (25-45)
cust_3789,56,Suburban,High,728,12923.15,62006.15,6459.56,9408055,175,302,1453,43,4734.24,Weekly,Debit Card,6,51.22,9,954644,Dewasa (45-65)
cust_3790,34,Suburban,High,132,13554.53,67418.33,6502.73,1789197,359,327,2282,31,1485.37,Monthly,UPI,19,10.49,2,187841,Dewasa Muda (25-45)
cust_3791,41,Urban,High,932,2066.7,6765.38,299.21,1926160,86,267,2471,15,1313.6,Daily,UPI,2,36.47,3,201401,Dewasa Muda (25-45)
cust_3792,67,Urban,Middle,498,9489.66,13784.45,1858.78,4725849,253,239,2129,35,3520.53,Daily,UPI,19,2.13,10,488582,Senior (>65)
cust_3793,44,Rural,Low,816,17736.24,80179.71,8483.54,14472772,30,26,2412,1,3541.41,Monthly,Credit Card,20,13.79,1,1451430,Dewasa Muda (25-45)
cust_3794,37,Rural,Middle,910,4825.79,7626.96,773.52,4391466,155,191,4860,16,2552.09,Daily,UPI,15,67.61,6,455190,Dewasa Muda (25-45)
cust_3795,55,Rural,Low,593,15769.38,25583.88,6262.27,9351240,200,49,4835,48,4616.6,Weekly,Wallet Balance,3,43.55,3,950285,Dewasa (45-65)
cust_3796,36,Rural,Low,305,13517.44,23974.4,1357.74,4122819,363,319,4495,2,731.58,Weekly,Wallet Balance,12,54.91,1,422106,Dewasa Muda (25-45)
cust_3797,66,Urban,Low,67,4467.49,16144.06,1575.62,299321,156,21,1475,47,2386.84,Weekly,Credit Card,0,8.25,7,43388,Senior (>65)
cust_3798,53,Urban,Middle,230,5663.0,8091.27,1686.67,1302489,245,79,935,22,176.03,Monthly,Credit Card,0,17.66,6,140230,Dewasa (45-65)
cust_3799,35,Urban,Middle,983,8556.94,35195.79,2467.91,8411474,20,80,234,36,263.28,Daily,UPI,11,14.63,10,855083,Dewasa Muda (25-45)
cust_3800,44,Suburban,Middle,333,2511.33,3096.49,1084.08,836273,203,9,34,38,268.42,Daily,UPI,12,20.51,10,97361,Dewasa Muda (25-45)
cust_3801,66,Suburban,Middle,905,18268.29,26338.97,2416.78,16532804,334,149,4734,27,2458.94,Monthly,UPI,6,19.34,7,1671218,Senior (>65)
cust_3802,19,Rural,Middle,277,14789.76,40493.6,3711.24,4096763,152,55,338,44,2944.82,Weekly,Debit Card,2,41.01,7,420279,Remaja (<25)
cust_3803,22,Suburban,Low,873,7305.63,18385.98,2034.0,6377817,77,297,4027,40,17.44,Weekly,Debit Card,3,51.1,2,651826,Remaja (<25)
cust_3804,43,Urban,Middle,584,6000.31,29754.55,897.47,3504182,328,6,3525,7,3162.73,Monthly,Wallet Balance,0,39.94,4,360586,Dewasa Muda (25-45)
cust_3805,43,Rural,Low,721,13794.68,67145.0,1852.17,9945965,172,257,1502,32,2448.5,Daily,Debit Card,17,22.23,5,1004576,Dewasa Muda (25-45)
cust_3806,19,Rural,Middle,784,8490.18,14931.9,1459.0,6656298,329,351,3124,3,1119.01,Weekly,UPI,4,50.33,9,680618,Remaja (<25)
cust_3807,37,Suburban,Middle,144,4594.44,21992.02,902.44,661599,250,192,3683,6,75.5,Weekly,Credit Card,19,40.18,8,82088,Dewasa Muda (25-45)
cust_3808,27,Rural,High,251,8608.71,32446.65,4187.49,2160787,186,229,2490,10,780.52,Daily,Credit Card,10,46.34,8,229668,Dewasa Muda (25-45)
cust_3809,60,Suburban,Low,796,17427.23,45927.24,5058.17,13872072,362,247,4515,39,3001.66,Weekly,Wallet Balance,2,16.02,9,1407636,Dewasa (45-65)
cust_3810,18,Suburban,Middle,691,1381.45,5468.49,420.12,954579,128,282,705,7,3294.2,Daily,Debit Card,17,69.13,7,102920,Remaja (<25)
cust_3811,37,Rural,Middle,952,7373.48,33922.17,2822.56,7019554,363,257,4847,19,3235.31,Daily,Credit Card,16,24.27,6,717931,Dewasa Muda (25-45)
cust_3812,59,Suburban,Middle,80,19247.17,33116.02,7192.79,1539773,11,257,4344,42,765.81,Weekly,Debit Card,13,27.25,9,175482,Dewasa (45-65)
cust_3813,17,Suburban,High,57,306.49,546.76,92.29,17469,336,93,2340,38,4556.07,Weekly,Credit Card,0,39.38,5,12948,Remaja (<25)
cust_3814,39,Suburban,Low,366,17813.9,46937.54,4202.93,6519887,242,214,4302,27,2054.76,Daily,UPI,16,4.53,5,667265,Dewasa Muda (25-45)
cust_3815,49,Suburban,Middle,308,7502.93,12581.26,1743.84,2310901,181,294,1124,10,3840.04,Monthly,UPI,6,14.57,3,235418,Dewasa (45-65)
cust_3816,42,Rural,Middle,174,3798.47,9274.3,467.53,660933,265,41,1599,49,832.4,Monthly,Credit Card,15,58.7,9,82775,Dewasa Muda (25-45)
cust_3817,56,Urban,Middle,462,309.45,1108.67,142.3,142963,195,156,4530,21,2352.84,Weekly,Debit Card,0,57.37,2,26279,Dewasa (45-65)
cust_3818,16,Urban,High,750,1419.75,6035.75,578.91,1064813,246,133,238,35,2607.61,Daily,UPI,14,11.07,10,119153,Remaja (<25)
cust_3819,23,Suburban,Middle,678,3445.15,7605.99,1203.52,2335810,100,319,1147,5,3851.78,Daily,Credit Card,1,42.87,3,237449,Remaja (<25)
cust_3820,38,Suburban,Low,596,517.93,1101.6,133.85,308686,52,86,4613,6,3107.59,Daily,Debit Card,1,5.7,4,43140,Dewasa Muda (25-45)
cust_3821,53,Suburban,Low,493,6723.64,27694.48,2238.88,3314753,75,84,3908,9,1996.51,Monthly,Credit Card,4,6.3,1,340193,Dewasa (45-65)
cust_3822,21,Urban,Low,560,907.41,2290.41,266.81,508151,133,365,4244,39,1412.57,Weekly,Debit Card,3,57.77,2,64496,Remaja (<25)
cust_3823,37,Suburban,Low,639,13847.4,59182.42,2902.05,8848488,256,248,2104,3,4864.78,Weekly,Credit Card,2,34.41,5,891924,Dewasa Muda (25-45)
cust_3824,40,Rural,Middle,681,16379.95,81466.05,3594.24,11154748,209,360,2203,8,1422.65,Monthly,Credit Card,7,66.78,6,1125969,Dewasa Muda (25-45)
cust_3825,33,Rural,High,866,17750.4,87308.46,7983.99,15371849,143,35,3668,37,647.37,Daily,UPI,13,34.95,6,1553897,Dewasa Muda (25-45)
cust_3826,32,Rural,High,374,10987.07,40111.03,3889.02,4109165,68,249,4631,48,1502.08,Monthly,Wallet Balance,5,58.29,3,427227,Dewasa Muda (25-45)
cust_3827,27,Urban,High,955,18930.73,47342.96,1903.84,18078843,54,331,2162,18,1634.68,Monthly,Debit Card,10,46.35,4,1817190,Dewasa Muda (25-45)
cust_3828,21,Suburban,Middle,349,122.85,155.03,28.35,42875,267,125,3605,45,639.3,Weekly,UPI,4,31.57,9,24677,Remaja (<25)
cust_3829,41,Suburban,High,67,2689.03,10627.47,634.55,180164,242,52,4461,32,3540.73,Monthly,UPI,4,40.4,1,29368,Dewasa Muda (25-45)
cust_3830,42,Suburban,Low,330,5870.39,28834.58,2245.62,1937228,47,289,3565,37,3095.83,Daily,Wallet Balance,13,67.33,9,212004,Dewasa Muda (25-45)
cust_3831,23,Urban,Middle,852,15782.6,20074.48,6000.25,13446774,115,270,3617,21,1583.08,Monthly,UPI,16,6.39,8,1361219,Remaja (<25)
cust_3832,34,Urban,High,194,17708.93,18145.82,5058.77,3435532,196,221,2933,38,4965.0,Daily,Credit Card,18,38.59,4,354736,Dewasa Muda (25-45)
cust_3833,57,Urban,Low,155,12366.51,53511.17,5940.77,1916808,294,309,3108,0,3275.06,Monthly,Wallet Balance,10,4.68,4,200259,Dewasa (45-65)
cust_3834,16,Urban,Low,160,7670.89,10808.57,3443.4,1227343,130,61,464,48,3515.93,Daily,Credit Card,6,40.44,5,131704,Remaja (<25)
cust_3835,44,Rural,Middle,696,13320.25,17669.21,5947.28,9270896,45,269,2034,20,2785.91,Weekly,UPI,12,44.09,10,941764,Dewasa Muda (25-45)
cust_3836,60,Urban,Middle,266,3626.18,16830.34,867.77,964563,155,15,2894,48,2757.87,Weekly,Debit Card,18,58.33,2,107665,Dewasa (45-65)
cust_3837,64,Urban,High,168,9162.9,12078.93,2495.97,1539367,317,311,2785,6,100.11,Monthly,Credit Card,17,57.67,7,167056,Dewasa (45-65)
cust_3838,50,Urban,High,145,10155.81,14787.57,2717.54,1472591,82,181,2920,45,3854.53,Weekly,UPI,15,1.72,2,157671,Dewasa (45-65)
cust_3839,55,Suburban,High,186,2106.38,6905.32,581.58,391785,267,200,810,6,4553.7,Monthly,Wallet Balance,11,6.05,7,46121,Dewasa (45-65)
cust_3840,29,Suburban,Middle,886,687.11,2767.19,313.11,608783,157,303,398,21,611.32,Daily,Credit Card,14,49.6,5,68468,Dewasa Muda (25-45)
cust_3841,50,Suburban,High,865,15004.61,38986.31,2995.64,12978986,25,353,1075,12,3978.15,Daily,UPI,0,13.98,7,1306259,Dewasa (45-65)
cust_3842,63,Rural,High,774,10698.78,28697.94,4502.88,8280855,334,75,2819,22,2671.54,Weekly,Credit Card,10,38.5,1,835587,Dewasa (45-65)
cust_3843,60,Rural,Low,423,6651.45,23482.98,2032.79,2813564,182,244,1862,21,1426.55,Monthly,UPI,6,17.45,9,295467,Dewasa (45-65)
cust_3844,35,Urban,Low,786,8750.2,26440.49,1746.83,6877657,174,271,3279,25,4604.42,Daily,Wallet Balance,15,60.26,4,698521,Dewasa Muda (25-45)
cust_3845,64,Suburban,Low,457,19154.49,20581.75,5955.47,8753602,297,21,885,17,86.85,Monthly,Debit Card,8,49.34,10,888786,Dewasa (45-65)
cust_3846,28,Rural,High,840,7704.43,11204.8,1372.75,6471718,41,36,2566,6,1370.29,Weekly,Debit Card,19,31.92,8,660218,Dewasa Muda (25-45)
cust_3847,53,Suburban,Middle,345,2078.55,6914.09,297.8,717099,357,198,3240,1,4431.25,Monthly,Debit Card,8,16.95,6,82074,Dewasa (45-65)
cust_3848,64,Rural,Low,735,9277.41,38729.93,4038.19,6818894,288,153,1673,18,2405.07,Weekly,Wallet Balance,11,47.81,4,689832,Dewasa (45-65)
cust_3849,61,Rural,Middle,554,12964.49,52537.45,4922.99,7182325,49,44,2749,13,2994.61,Monthly,Debit Card,18,25.94,10,733533,Dewasa (45-65)
cust_3850,64,Urban,High,516,252.14,998.54,45.89,130104,262,129,1984,24,3748.84,Weekly,Wallet Balance,13,42.83,8,25504,Dewasa (45-65)
cust_3851,23,Urban,High,788,6653.49,27180.1,3173.17,5242948,244,42,1691,32,739.87,Monthly,Debit Card,11,48.44,9,539506,Remaja (<25)
cust_3852,58,Rural,Low,796,7876.35,9276.56,864.5,6269577,57,33,4153,47,1075.88,Monthly,UPI,8,10.77,5,644425,Dewasa (45-65)
cust_3853,35,Urban,Middle,936,9279.66,42504.61,2165.06,8685761,6,359,3767,38,4993.14,Monthly,Wallet Balance,20,4.5,10,887413,Dewasa Muda (25-45)
cust_3854,48,Rural,Low,705,6040.67,27528.12,656.39,4258670,47,296,657,47,1187.26,Weekly,Credit Card,11,36.03,8,439287,Dewasa (45-65)
cust_3855,41,Rural,High,104,13341.78,41729.02,2093.58,1387544,63,353,3256,19,2696.01,Monthly,Wallet Balance,12,12.24,4,149818,Dewasa Muda (25-45)
cust_3856,54,Suburban,Middle,247,18894.74,37683.24,3250.49,4667000,67,115,4054,43,1493.54,Weekly,UPI,4,7.37,10,488361,Dewasa (45-65)
cust_3857,36,Urban,Low,812,18280.82,61582.86,7753.52,14844028,183,358,1510,4,4257.1,Daily,Debit Card,4,7.32,4,1489694,Dewasa Muda (25-45)
cust_3858,68,Urban,High,23,13291.22,42951.17,6608.61,305698,162,203,1068,48,4808.78,Monthly,UPI,8,50.85,9,44101,Senior (>65)
cust_3859,64,Urban,Low,953,10142.61,19188.09,4533.02,9665909,297,64,1385,20,706.46,Monthly,UPI,18,65.27,7,978007,Dewasa (45-65)
cust_3860,57,Suburban,Middle,815,16518.04,56368.17,5848.27,13462206,105,284,2614,12,3002.87,Weekly,UPI,19,67.16,5,1356147,Dewasa (45-65)
cust_3861,58,Suburban,Middle,525,16720.38,70044.64,6507.06,8778201,263,223,771,13,4057.88,Monthly,UPI,5,67.45,7,885633,Dewasa (45-65)
cust_3862,69,Suburban,Middle,144,16593.17,70096.62,5129.42,2389415,57,336,2574,15,4115.14,Monthly,Debit Card,7,48.64,1,244532,Senior (>65)
cust_3863,56,Urban,Middle,730,3165.34,3921.2,851.53,2310698,16,210,2196,44,2202.24,Daily,UPI,17,66.74,2,240760,Dewasa (45-65)
cust_3864,24,Urban,Middle,695,518.39,927.22,195.37,360282,59,86,4715,49,1126.88,Monthly,UPI,12,10.36,4,53794,Remaja (<25)
cust_3865,39,Urban,Low,863,19664.04,72223.91,9620.56,16970063,166,227,1997,49,1935.7,Monthly,Wallet Balance,15,43.71,10,1714932,Dewasa Muda (25-45)
cust_3866,52,Suburban,Low,754,19193.49,85206.18,2141.18,14471889,250,362,2082,40,3755.76,Daily,UPI,19,54.96,2,1455475,Dewasa (45-65)
cust_3867,64,Suburban,Low,193,11291.93,34834.1,2547.84,2179341,34,304,2428,27,4968.89,Weekly,Debit Card,4,67.96,6,229005,Dewasa (45-65)
cust_3868,56,Rural,Low,465,19861.34,76070.99,4608.31,9235524,46,185,771,0,2771.45,Daily,Wallet Balance,10,24.31,2,925708,Dewasa (45-65)
cust_3869,32,Suburban,High,784,15413.24,16712.39,4095.3,12083976,299,265,2274,1,975.62,Daily,Wallet Balance,16,42.52,8,1220557,Dewasa Muda (25-45)
cust_3870,39,Rural,High,375,10352.43,35546.97,3631.19,3882161,47,173,1163,7,209.67,Monthly,UPI,9,29.65,7,398137,Dewasa Muda (25-45)
cust_3871,36,Urban,Low,677,7792.73,37776.31,2380.69,5275676,252,216,3637,12,4718.45,Monthly,Credit Card,6,39.22,5,538682,Dewasa Muda (25-45)
cust_3872,66,Suburban,High,692,11861.34,43223.4,1274.99,8208044,166,83,4882,37,2415.17,Weekly,Debit Card,10,36.75,10,843060,Senior (>65)
cust_3873,54,Urban,High,629,10320.88,48395.69,2731.36,6491836,317,78,4431,18,3582.96,Weekly,Debit Card,7,61.33,1,659054,Dewasa (45-65)
cust_3874,56,Urban,Middle,266,19876.11,64876.38,6912.5,5287045,132,322,3693,50,3300.91,Weekly,Wallet Balance,18,59.51,8,547440,Dewasa (45-65)
cust_3875,54,Urban,Low,378,9814.3,42923.0,2963.23,3709806,70,346,3350,1,4454.36,Daily,UPI,4,29.04,4,379553,Dewasa (45-65)
cust_3876,28,Urban,High,550,16720.06,25024.08,7504.38,9196034,60,72,2379,30,1330.45,Daily,Debit Card,15,20.95,4,930696,Dewasa Muda (25-45)
cust_3877,26,Suburban,High,556,16274.34,24314.73,4222.19,9048533,205,271,772,9,2208.6,Daily,Credit Card,0,61.41,4,910193,Dewasa Muda (25-45)
cust_3878,61,Urban,Low,863,1437.41,2128.4,150.96,1240486,238,365,723,4,4568.1,Weekly,Credit Card,18,68.78,1,124610,Dewasa (45-65)
cust_3879,34,Rural,Middle,74,1749.27,5169.78,374.27,129445,344,296,1218,22,2927.88,Weekly,Credit Card,9,2.32,10,26116,Dewasa Muda (25-45)
cust_3880,26,Suburban,Low,438,13199.6,30637.0,2036.29,5781426,348,141,4726,29,356.81,Monthly,Wallet Balance,13,36.57,10,600316,Dewasa Muda (25-45)
cust_3881,28,Urban,Middle,881,5189.57,20118.63,1038.39,4572010,333,208,705,31,972.42,Daily,Wallet Balance,16,55.78,2,463224,Dewasa Muda (25-45)
cust_3882,61,Suburban,High,226,13153.97,60646.2,3220.55,2972796,106,342,1281,0,1186.08,Monthly,Debit Card,12,71.0,7,306248,Dewasa (45-65)
cust_3883,60,Rural,Middle,819,2901.07,10088.47,1075.32,2375977,184,33,2735,44,4968.93,Weekly,Debit Card,15,38.67,1,245983,Dewasa (45-65)
cust_3884,16,Urban,Middle,308,7947.39,14725.27,1825.26,2447797,338,109,4537,43,1120.69,Monthly,Credit Card,18,52.05,5,262593,Remaja (<25)
cust_3885,55,Rural,Low,966,2058.38,9722.78,933.77,1988395,7,162,610,41,4348.42,Daily,Debit Card,11,67.27,9,210985,Dewasa (45-65)
cust_3886,59,Urban,High,348,5649.04,17576.59,1241.81,1965866,31,16,1731,2,390.48,Weekly,Debit Card,15,27.64,8,208053,Dewasa (45-65)
cust_3887,34,Rural,Low,476,1775.09,6886.96,274.74,844942,216,14,1652,46,908.6,Daily,Debit Card,16,63.82,8,99943,Dewasa Muda (25-45)
cust_3888,27,Urban,Low,315,19411.87,88557.39,3252.38,6114738,341,231,901,29,4360.28,Weekly,Debit Card,14,19.9,5,618995,Dewasa Muda (25-45)
cust_3889,23,Suburban,High,525,7907.22,39214.49,3746.69,4151289,304,246,4046,36,4494.68,Daily,Debit Card,6,52.51,4,428573,Remaja (<25)
cust_3890,23,Urban,Low,425,18024.76,54511.5,5081.65,7660524,298,46,3196,27,880.98,Monthly,UPI,18,68.87,10,784703,Remaja (<25)
cust_3891,68,Suburban,Low,524,19423.72,82206.07,5074.46,10178031,346,306,4896,50,1149.26,Weekly,Wallet Balance,20,47.03,2,1034020,Senior (>65)
cust_3892,60,Urban,Middle,562,18192.16,59442.3,2320.6,10223992,286,113,3531,50,2652.84,Daily,Wallet Balance,4,27.71,1,1034134,Dewasa (45-65)
cust_3893,27,Urban,Low,1000,9104.64,26820.6,3581.12,9104643,126,43,170,20,263.41,Weekly,Debit Card,14,6.53,2,914672,Dewasa Muda (25-45)
cust_3894,63,Rural,High,825,15580.16,49090.74,5887.13,12853629,51,48,4405,12,4726.42,Weekly,UPI,14,15.25,7,1300009,Dewasa (45-65)
cust_3895,48,Rural,Low,946,3082.45,9053.47,771.53,2916000,190,192,2399,39,1810.38,Daily,UPI,0,52.78,6,305392,Dewasa (45-65)
cust_3896,60,Rural,Middle,249,1905.7,5115.12,717.89,474520,51,202,4955,25,2446.44,Monthly,Credit Card,14,71.27,7,65638,Dewasa (45-65)
cust_3897,41,Urban,Low,631,17539.26,68313.36,4331.86,11067273,365,142,3963,39,525.24,Weekly,Debit Card,2,61.33,10,1128290,Dewasa Muda (25-45)
cust_3898,54,Urban,Low,569,632.09,1263.36,81.71,359660,232,189,1374,29,162.72,Daily,Debit Card,19,57.2,3,44532,Dewasa (45-65)
cust_3899,43,Urban,Low,182,19446.82,67393.47,7686.16,3539321,178,219,1596,23,2339.08,Weekly,UPI,19,2.33,5,363254,Dewasa Muda (25-45)
cust_3900,20,Suburban,Middle,962,13445.96,51791.68,6535.82,12935009,158,252,995,37,608.34,Monthly,UPI,14,53.09,3,1301886,Remaja (<25)
cust_3901,23,Suburban,High,776,8398.06,38365.41,3017.56,6516897,147,277,3296,40,3151.59,Monthly,Credit Card,7,59.76,9,669705,Remaja (<25)
cust_3902,40,Urban,High,106,2836.09,6601.03,597.24,300625,306,311,745,45,3972.41,Daily,Wallet Balance,19,24.07,8,42066,Dewasa Muda (25-45)
cust_3903,42,Rural,Middle,191,14467.39,64269.88,3008.76,2763271,251,116,1809,4,158.36,Monthly,UPI,9,71.98,7,287265,Dewasa Muda (25-45)
cust_3904,61,Rural,Middle,137,11266.6,53867.49,5313.23,1543524,339,364,742,15,3061.11,Weekly,UPI,13,3.55,6,161805,Dewasa (45-65)
cust_3905,38,Rural,Low,700,14225.43,51136.4,3148.32,9957800,342,2,3320,45,4078.13,Monthly,Debit Card,2,28.77,4,1008880,Dewasa Muda (25-45)
cust_3906,45,Urban,High,120,8364.26,34174.14,3406.57,1003711,132,13,1493,41,2197.14,Monthly,Debit Card,8,16.1,4,110358,Dewasa Muda (25-45)
cust_3907,60,Rural,Middle,754,1334.54,3500.27,476.65,1006242,237,277,3520,48,4798.52,Monthly,UPI,19,70.05,2,112064,Dewasa (45-65)
cust_3908,62,Urban,High,831,6306.29,30324.08,2125.48,5240530,12,252,3422,15,555.97,Weekly,Wallet Balance,9,48.72,6,538119,Dewasa (45-65)
cust_3909,38,Suburban,Low,72,6307.26,23232.47,1087.56,454123,143,228,3155,48,1614.92,Monthly,Credit Card,20,30.59,6,61714,Dewasa Muda (25-45)
cust_3910,64,Rural,Middle,755,183.5,411.15,20.88,138539,118,146,2723,47,1150.38,Weekly,Credit Card,1,70.06,10,33424,Dewasa (45-65)
cust_3911,62,Suburban,High,131,201.52,527.4,59.54,26399,61,217,2000,9,4980.96,Daily,Wallet Balance,17,5.37,2,7049,Dewasa (45-65)
cust_3912,35,Rural,High,457,6621.86,22984.62,3279.56,3026189,181,237,4268,17,1470.88,Weekly,Debit Card,0,16.58,7,319119,Dewasa Muda (25-45)
cust_3913,33,Urban,Low,781,14555.19,28186.72,2595.25,11367604,313,294,1928,37,1939.63,Weekly,Wallet Balance,10,31.0,10,1153346,Dewasa Muda (25-45)
cust_3914,33,Urban,Middle,905,12484.63,50134.02,3929.52,11298593,265,256,4240,16,4238.08,Daily,Credit Card,4,9.82,4,1141820,Dewasa Muda (25-45)
cust_3915,17,Urban,High,479,4787.96,9091.22,1763.85,2293434,29,281,4857,40,4649.82,Monthly,UPI,3,71.78,6,246732,Remaja (<25)
cust_3916,19,Urban,Low,985,12059.23,40605.3,3539.03,11878337,263,166,3522,39,4688.74,Monthly,Debit Card,0,41.71,6,1202433,Remaja (<25)
cust_3917,45,Rural,High,52,12951.08,49059.02,3921.24,673456,200,143,2368,30,2790.84,Daily,Debit Card,3,12.51,7,80686,Dewasa Muda (25-45)
cust_3918,48,Suburban,Low,574,10456.17,46414.86,3811.18,6001843,105,238,1171,25,3316.51,Monthly,Wallet Balance,0,18.64,3,606368,Dewasa (45-65)
cust_3919,51,Urban,High,119,10431.87,41055.67,4443.58,1241392,79,97,2753,25,1745.86,Monthly,UPI,14,29.13,5,136272,Dewasa (45-65)
cust_3920,33,Rural,High,877,7401.26,31050.51,1726.83,6490905,144,192,2959,39,3035.79,Daily,Wallet Balance,18,52.57,5,662390,Dewasa Muda (25-45)
cust_3921,52,Suburban,Low,264,2476.65,11520.72,1138.54,653836,199,288,1664,11,1513.74,Monthly,Wallet Balance,1,22.59,4,73054,Dewasa (45-65)
cust_3922,34,Urban,Middle,239,7715.82,26165.02,2268.15,1844081,106,43,2722,17,3730.14,Daily,Debit Card,13,22.15,10,199687,Dewasa Muda (25-45)
cust_3923,62,Suburban,Low,351,6913.23,30315.36,2521.61,2426544,339,269,3200,33,1536.05,Monthly,Debit Card,2,45.44,10,261586,Dewasa (45-65)
cust_3924,43,Urban,Middle,893,11843.53,22828.28,1688.95,10576274,89,209,682,34,4397.05,Monthly,Wallet Balance,3,4.25,10,1070192,Dewasa Muda (25-45)
cust_3925,55,Suburban,High,255,17126.64,72941.21,5086.47,4367293,332,334,3908,10,717.42,Monthly,Credit Card,0,51.55,7,452186,Dewasa (45-65)
cust_3926,35,Suburban,High,685,7513.75,14176.54,799.78,5146918,266,25,1509,29,2859.03,Monthly,Debit Card,10,39.88,5,524180,Dewasa Muda (25-45)
cust_3927,64,Urban,Low,309,14197.61,67275.61,3640.41,4387060,251,305,2263,44,2603.38,Daily,Wallet Balance,19,31.81,3,449330,Dewasa (45-65)
cust_3928,48,Rural,Low,749,16238.49,37671.56,1977.75,12162628,152,88,2284,49,1318.59,Weekly,Credit Card,17,28.9,4,1229071,Dewasa (45-65)
cust_3929,27,Suburban,Middle,831,4242.91,7159.29,1946.62,3525860,306,120,2143,10,140.01,Weekly,Wallet Balance,20,16.7,2,359802,Dewasa Muda (25-45)
cust_3930,66,Urban,Middle,607,18033.99,28722.28,6656.74,10946630,196,225,2959,45,742.67,Daily,Credit Card,15,18.06,3,1107709,Senior (>65)
cust_3931,30,Suburban,Middle,849,1418.19,2480.55,591.03,1204046,126,136,1656,3,4839.76,Daily,Wallet Balance,14,36.49,5,126596,Dewasa Muda (25-45)
cust_3932,56,Suburban,Low,495,18035.37,50321.59,5177.45,8927507,43,251,3266,35,4706.52,Monthly,Debit Card,16,15.08,1,901429,Dewasa (45-65)
cust_3933,54,Rural,High,57,3281.02,10133.76,1446.14,187018,173,211,1273,9,596.5,Monthly,Wallet Balance,1,41.31,4,25849,Dewasa (45-65)
cust_3934,17,Suburban,Low,950,6750.02,31422.31,3032.22,6412519,54,11,3518,33,1874.3,Weekly,Debit Card,0,47.13,5,655650,Remaja (<25)
cust_3935,44,Suburban,High,403,12108.65,30562.95,2939.1,4879786,253,10,2015,30,2325.63,Weekly,Wallet Balance,13,33.51,5,498845,Dewasa Muda (25-45)
cust_3936,56,Urban,Low,67,18114.61,33873.04,4542.09,1213678,299,315,917,31,2390.36,Daily,UPI,13,8.6,8,133106,Dewasa (45-65)
cust_3937,25,Urban,Low,46,5121.47,20359.31,1553.32,235587,196,65,951,49,1494.1,Daily,Wallet Balance,17,67.57,3,32613,Remaja (<25)
cust_3938,17,Rural,Middle,606,15273.84,23500.6,1785.47,9255948,293,80,3024,27,4564.76,Monthly,Wallet Balance,18,60.16,9,941060,Remaja (<25)
cust_3939,66,Suburban,High,650,14211.61,64934.75,7081.75,9237547,217,92,154,42,4542.45,Monthly,Debit Card,5,68.7,4,929991,Senior (>65)
cust_3940,26,Suburban,Low,369,3202.58,8447.12,780.38,1181751,169,133,4415,36,94.64,Monthly,Debit Card,3,27.14,10,140557,Dewasa Muda (25-45)
cust_3941,28,Suburban,Low,605,9594.48,33152.45,2766.45,5804662,222,112,300,31,3250.01,Weekly,Wallet Balance,7,3.29,5,587541,Dewasa Muda (25-45)
cust_3942,25,Rural,High,232,9635.29,16811.04,3872.45,2235386,128,195,194,31,371.81,Weekly,Debit Card,12,31.98,2,228840,Remaja (<25)
cust_3943,29,Suburban,Low,402,6099.19,9649.63,1335.76,2451874,349,87,1437,16,2987.49,Daily,Debit Card,19,34.02,2,250167,Dewasa Muda (25-45)
cust_3944,33,Urban,High,908,15600.63,65450.21,2818.29,14165369,16,162,732,33,4334.46,Weekly,UPI,6,51.16,9,1428133,Dewasa Muda (25-45)
cust_3945,66,Rural,Middle,561,18519.42,50350.76,2796.06,10389393,37,348,4941,34,3247.65,Monthly,Debit Card,9,53.16,9,1059597,Senior (>65)
cust_3946,69,Urban,Middle,23,14334.28,70911.29,4460.93,329688,296,1,3044,38,2344.64,Daily,Debit Card,17,31.16,2,43684,Senior (>65)
cust_3947,24,Urban,High,574,19459.37,60269.39,1988.73,11169675,320,119,1451,20,4789.48,Weekly,Wallet Balance,20,70.38,1,1120474,Remaja (<25)
cust_3948,54,Rural,Middle,267,1018.86,4465.29,391.05,272036,225,254,4709,31,3732.99,Monthly,Wallet Balance,0,8.97,1,38855,Dewasa (45-65)
cust_3949,43,Urban,High,841,754.08,3709.97,214.58,634182,114,191,1288,33,1246.55,Daily,Debit Card,4,65.07,9,77670,Dewasa Muda (25-45)
cust_3950,18,Suburban,Low,118,17878.23,37984.11,5591.04,2109631,22,290,3247,33,1934.68,Weekly,Wallet Balance,1,55.66,5,224789,Remaja (<25)
cust_3951,35,Rural,Low,952,17957.03,75482.86,3686.25,17095091,299,351,1375,7,3799.38,Daily,Credit Card,10,38.86,3,1714059,Dewasa Muda (25-45)
cust_3952,21,Urban,High,600,2151.34,2340.72,368.53,1290806,62,288,4279,15,96.57,Daily,UPI,15,55.14,1,140090,Remaja (<25)
cust_3953,42,Suburban,Low,601,7155.35,26610.85,2719.0,4300363,182,116,3973,34,319.82,Weekly,Wallet Balance,6,54.55,4,445222,Dewasa Muda (25-45)
cust_3954,68,Suburban,Middle,55,16709.54,66517.4,3076.38,919024,285,199,4594,22,4297.12,Monthly,Credit Card,13,12.84,3,104141,Senior (>65)
cust_3955,17,Urban,Low,153,2579.53,7505.02,1062.85,394667,16,235,3264,21,214.73,Weekly,Debit Card,0,38.81,5,52987,Remaja (<25)
cust_3956,44,Suburban,Low,239,5355.89,8828.76,971.93,1280057,277,230,999,30,3392.57,Monthly,Debit Card,11,34.44,10,141307,Dewasa Muda (25-45)
cust_3957,53,Rural,High,265,13623.11,47229.72,4700.97,3610124,137,226,2042,28,1594.53,Daily,Wallet Balance,10,36.08,8,375099,Dewasa (45-65)
cust_3958,18,Urban,Middle,268,19638.16,90141.42,7021.6,5263027,283,196,1044,37,4129.46,Monthly,Wallet Balance,16,12.95,7,537026,Remaja (<25)
cust_3959,31,Suburban,Low,907,15944.81,75343.62,4819.45,14461938,127,278,3405,18,4236.73,Monthly,UPI,11,28.33,5,1457685,Dewasa Muda (25-45)
cust_3960,45,Suburban,Low,113,15548.58,61951.91,7754.33,1756989,86,157,4893,44,4766.7,Daily,Credit Card,16,37.83,10,197501,Dewasa Muda (25-45)
cust_3961,55,Urban,High,166,6859.83,14095.94,1717.27,1138731,207,354,1078,35,477.75,Weekly,Wallet Balance,17,49.58,3,122290,Dewasa (45-65)
cust_3962,17,Urban,High,668,13230.25,59288.81,5997.65,8837805,363,301,4399,48,2114.24,Daily,Credit Card,15,31.04,5,901321,Remaja (<25)
cust_3963,32,Urban,Middle,8,2270.63,10343.41,380.77,18165,151,173,1557,8,2869.79,Monthly,Debit Card,0,46.93,1,5295,Dewasa Muda (25-45)
cust_3964,56,Urban,Low,714,19845.42,48997.72,4661.38,14169628,51,323,2136,34,4580.28,Weekly,Credit Card,4,44.85,3,1425344,Dewasa (45-65)
cust_3965,27,Rural,High,217,9616.88,16655.73,1520.88,2086863,231,21,2927,0,1332.57,Weekly,Credit Card,4,58.72,2,215874,Dewasa Muda (25-45)
cust_3966,50,Urban,High,431,12779.77,57491.55,4363.65,5508080,80,188,1834,32,358.14,Daily,Wallet Balance,15,30.46,1,558496,Dewasa (45-65)
cust_3967,58,Rural,High,292,17524.68,79568.85,6226.57,5117205,131,285,4400,16,1008.82,Daily,Debit Card,18,62.96,5,526616,Dewasa (45-65)
cust_3968,16,Rural,Middle,893,29.29,41.11,8.24,26155,136,289,3819,25,2477.89,Monthly,Debit Card,1,2.87,1,12514,Remaja (<25)
cust_3969,60,Urban,High,50,19519.89,95021.59,7574.97,975994,346,167,4379,12,3405.26,Weekly,Credit Card,6,64.96,2,107854,Dewasa (45-65)
cust_3970,30,Rural,Middle,107,7189.59,22520.13,3214.19,769286,170,190,2043,4,3453.37,Weekly,Debit Card,15,68.54,1,80687,Dewasa Muda (25-45)
cust_3971,41,Urban,Middle,9,6798.42,33821.6,2791.59,61185,163,90,440,18,373.32,Daily,UPI,2,30.29,10,18611,Dewasa Muda (25-45)
cust_3972,52,Urban,Low,745,2909.82,8089.38,572.26,2167812,199,301,3954,41,3807.05,Daily,Debit Card,17,68.4,8,234885,Dewasa (45-65)
cust_3973,36,Suburban,Low,700,17165.11,53780.57,3916.39,12015574,227,73,1468,8,3301.2,Monthly,Credit Card,9,62.38,8,1211642,Dewasa Muda (25-45)
cust_3974,64,Urban,Middle,456,17418.08,35956.69,4391.28,7942645,48,82,1962,5,2037.72,Monthly,Credit Card,1,5.05,1,798669,Dewasa (45-65)
cust_3975,46,Suburban,Low,323,409.58,1882.34,74.34,132294,310,11,3448,20,2855.43,Weekly,Debit Card,18,47.25,7,27697,Dewasa (45-65)
cust_3976,40,Rural,Low,309,1123.95,3118.78,274.8,347299,253,249,3567,48,3838.7,Daily,UPI,14,66.15,3,47744,Dewasa Muda (25-45)
cust_3977,38,Suburban,High,850,18367.65,78217.83,3585.7,15612502,103,160,2894,21,1310.46,Monthly,Debit Card,15,15.63,3,1571483,Dewasa Muda (25-45)
cust_3978,39,Rural,Low,622,2466.13,3252.68,1228.85,1533935,36,107,3935,38,4700.17,Weekly,UPI,7,66.37,2,164713,Dewasa Muda (25-45)
cust_3979,53,Urban,Middle,995,12422.34,51589.81,5134.15,12360228,6,91,3010,47,688.84,Monthly,Wallet Balance,7,15.69,2,1248398,Dewasa (45-65)
cust_3980,43,Rural,Low,145,12396.81,36706.62,5504.27,1797537,199,241,3863,50,4511.11,Weekly,UPI,16,45.82,10,200224,Dewasa Muda (25-45)
cust_3981,36,Rural,High,740,17395.91,17772.21,8156.22,12872972,12,204,3455,4,3704.29,Monthly,Wallet Balance,20,28.02,6,1298755,Dewasa Muda (25-45)
cust_3982,69,Urban,Middle,821,11457.36,21826.86,4193.4,9406488,103,316,744,21,3302.59,Daily,UPI,13,39.91,5,947585,Senior (>65)
cust_3983,58,Rural,Low,412,8685.89,15416.76,1479.99,3578585,187,358,556,49,414.54,Weekly,UPI,20,20.98,6,369663,Dewasa (45-65)
cust_3984,33,Urban,Middle,114,19487.87,78089.04,7861.61,2221617,321,149,3800,6,4595.02,Daily,UPI,17,29.93,10,238064,Dewasa Muda (25-45)
cust_3985,51,Suburban,Low,575,4584.02,13334.04,487.03,2635812,178,262,4725,25,1476.65,Daily,Wallet Balance,20,36.74,3,277792,Dewasa (45-65)
cust_3986,50,Urban,High,399,5261.73,8623.32,764.49,2099431,171,166,1851,24,3728.06,Weekly,UPI,15,36.63,7,221181,Dewasa (45-65)
cust_3987,60,Urban,Low,275,1704.55,3455.47,190.63,468749,177,116,2419,4,4424.01,Monthly,Credit Card,5,71.58,10,59900,Dewasa (45-65)
cust_3988,24,Rural,Middle,124,19506.58,58837.85,3007.49,2418816,89,8,2356,31,1221.42,Monthly,UPI,16,61.69,4,253082,Remaja (<25)
cust_3989,68,Suburban,Middle,86,14130.14,15240.1,5663.38,1215192,204,229,3864,7,4573.0,Weekly,UPI,18,11.45,2,129660,Senior (>65)
cust_3990,53,Urban,Middle,582,251.82,679.04,114.38,146559,347,70,4197,8,3059.71,Weekly,Credit Card,3,69.2,7,29320,Dewasa (45-65)
cust_3991,45,Suburban,Low,47,14089.24,52302.71,2980.38,662194,343,191,1883,27,3295.16,Daily,UPI,20,41.34,4,75037,Dewasa Muda (25-45)
cust_3992,59,Suburban,Low,711,8088.68,24840.49,1194.3,5751052,211,162,4297,19,4572.56,Weekly,Credit Card,6,44.3,1,584312,Dewasa (45-65)
cust_3993,49,Rural,Low,876,19351.32,65647.38,4047.98,16951754,213,177,3843,3,2633.67,Weekly,UPI,17,20.6,9,1710844,Dewasa (45-65)
cust_3994,47,Urban,High,944,5554.98,12812.4,1993.38,5243897,21,40,4128,2,2203.24,Weekly,Wallet Balance,7,22.51,1,532744,Dewasa (45-65)
cust_3995,18,Rural,High,201,14208.62,24613.64,3411.22,2855933,88,342,17,43,3166.16,Daily,Wallet Balance,17,10.79,1,289344,Remaja (<25)
cust_3996,18,Urban,High,276,12552.41,53209.22,6081.12,3464464,13,29,4967,40,2770.12,Daily,Credit Card,18,59.9,7,365995,Remaja (<25)
cust_3997,43,Suburban,Middle,549,250.88,1159.7,38.23,137732,120,9,671,41,307.38,Daily,Wallet Balance,18,35.32,7,26061,Dewasa Muda (25-45)
cust_3998,59,Urban,Middle,715,17705.49,53877.13,8784.35,12659422,178,277,1138,10,902.46,Daily,Debit Card,5,7.93,9,1277767,Dewasa (45-65)
cust_3999,30,Urban,Middle,130,2800.86,6218.36,294.04,364111,129,288,207,47,67.83,Weekly,Wallet Balance,11,32.55,5,46491,Dewasa Muda (25-45)
cust_4000,56,Suburban,Middle,448,13275.14,40420.4,3726.03,5947262,51,72,160,28,540.81,Daily,Wallet Balance,5,25.18,2,599575,Dewasa (45-65)
cust_4001,38,Suburban,Middle,982,15513.21,70056.77,3113.89,15233975,42,183,3361,42,3649.25,Weekly,Credit Card,13,49.99,8,1540494,Dewasa Muda (25-45)
cust_4002,55,Urban,Low,804,12622.24,47530.64,4121.34,10148283,318,10,4414,21,23.56,Daily,Debit Card,16,14.25,3,1028744,Dewasa (45-65)
cust_4003,26,Rural,Middle,389,1951.31,8653.0,270.49,759058,95,177,4557,7,1522.03,Weekly,Credit Card,11,67.41,5,89958,Dewasa Muda (25-45)
cust_4004,63,Urban,Low,576,19503.83,45122.46,8783.14,11234206,242,87,1582,45,2246.61,Monthly,Debit Card,1,56.46,6,1135961,Dewasa (45-65)
cust_4005,47,Suburban,High,263,4743.99,18254.48,733.47,1247669,356,84,1985,33,4689.06,Daily,Debit Card,12,28.8,3,132692,Dewasa (45-65)
cust_4006,69,Rural,High,966,12561.02,45372.85,4207.38,12133942,61,86,2956,30,1635.04,Weekly,Credit Card,4,14.36,6,1227488,Senior (>65)
cust_4007,51,Suburban,High,632,15945.59,52404.63,1807.25,10077612,349,297,51,3,3915.65,Weekly,Wallet Balance,5,55.49,5,1011205,Dewasa (45-65)
cust_4008,48,Suburban,High,278,18785.33,58476.84,4215.37,5222321,228,207,2665,14,2043.83,Daily,UPI,0,9.42,7,534940,Dewasa (45-65)
cust_4009,39,Rural,High,714,12084.17,38716.61,1932.13,8628097,277,287,4705,17,492.46,Daily,Debit Card,7,7.2,10,883673,Dewasa Muda (25-45)
cust_4010,54,Suburban,Middle,46,5188.49,22822.54,2548.27,238670,18,109,1744,10,494.22,Weekly,Credit Card,8,49.27,2,30107,Dewasa (45-65)
cust_4011,49,Suburban,Middle,168,16734.41,78048.94,1753.91,2811381,244,32,963,26,2162.17,Monthly,Wallet Balance,11,15.22,8,292583,Dewasa (45-65)
cust_4012,43,Suburban,Middle,445,3272.77,4750.23,788.6,1456381,311,13,4318,18,289.42,Daily,Debit Card,20,46.66,6,161929,Dewasa Muda (25-45)
cust_4013,52,Suburban,High,622,455.43,1491.56,100.7,283274,324,213,3710,49,2858.1,Monthly,Credit Card,9,26.23,1,40218,Dewasa (45-65)
cust_4014,22,Suburban,High,46,18163.9,84891.39,6592.58,835539,47,118,4932,8,2468.25,Weekly,Debit Card,2,7.81,2,94983,Remaja (<25)
cust_4015,19,Suburban,Low,724,11512.03,17716.55,1410.81,8334706,310,106,1149,24,3512.68,Weekly,Credit Card,9,45.34,3,839412,Remaja (<25)
cust_4016,52,Suburban,Middle,540,1402.13,3717.67,594.85,757152,18,15,2559,21,928.11,Monthly,UPI,13,46.89,3,85469,Dewasa (45-65)
cust_4017,16,Suburban,High,87,11598.79,15731.68,3324.32,1009094,201,320,2177,22,2964.65,Daily,Debit Card,4,39.35,10,115981,Remaja (<25)
cust_4018,16,Suburban,High,803,2908.83,4229.17,817.7,2335793,253,213,2755,36,872.61,Weekly,UPI,4,25.77,3,245253,Remaja (<25)
cust_4019,62,Urban,High,385,637.41,2942.55,121.56,245401,192,188,1067,9,3611.17,Daily,Credit Card,12,65.88,5,30768,Dewasa (45-65)
cust_4020,35,Urban,Low,669,2339.32,6514.34,692.48,1565002,49,234,1829,16,1535.79,Daily,UPI,16,49.3,9,169990,Dewasa Muda (25-45)
cust_4021,34,Suburban,High,265,15504.4,58218.37,3807.22,4108665,94,264,4283,12,3072.08,Monthly,UPI,9,40.36,6,425096,Dewasa Muda (25-45)
cust_4022,44,Urban,Low,777,15115.66,23514.8,2993.73,11744868,237,223,4339,3,4413.39,Weekly,Credit Card,1,35.15,9,1190258,Dewasa Muda (25-45)
cust_4023,25,Rural,Low,22,12090.32,13151.73,2024.73,265987,222,213,922,31,2441.17,Daily,Credit Card,14,60.85,3,33322,Remaja (<25)
cust_4024,33,Urban,Middle,768,4194.47,19134.91,1641.44,3221354,167,145,1550,27,961.46,Daily,UPI,12,69.25,9,336454,Dewasa Muda (25-45)
cust_4025,43,Suburban,High,703,14781.95,48753.58,2318.06,10391712,254,5,2982,29,4430.61,Daily,Credit Card,4,40.56,4,1049819,Dewasa Muda (25-45)
cust_4026,50,Suburban,Low,450,8166.82,8819.77,1365.43,3675071,57,141,2044,45,1792.9,Weekly,Wallet Balance,16,4.51,7,382198,Dewasa (45-65)
cust_4027,58,Urban,High,976,10219.96,50786.66,3381.06,9974685,6,21,2981,39,3651.26,Monthly,Credit Card,4,35.88,1,1006504,Dewasa (45-65)
cust_4028,62,Suburban,Middle,232,17953.84,53300.81,3418.97,4165290,238,117,4414,20,1600.48,Monthly,Credit Card,13,46.83,10,436556,Dewasa (45-65)
cust_4029,46,Rural,Middle,186,9162.57,26603.58,2599.89,1704238,221,115,1597,14,1491.08,Weekly,UPI,9,59.04,3,177272,Dewasa (45-65)
cust_4030,42,Rural,Low,326,12531.06,43653.91,4024.56,4085125,224,44,2321,2,3210.14,Monthly,Wallet Balance,14,23.05,4,415749,Dewasa Muda (25-45)
cust_4031,26,Suburban,Middle,183,19235.41,19843.6,4035.05,3520080,78,204,4858,16,781.56,Monthly,Debit Card,1,49.03,8,370933,Dewasa Muda (25-45)
cust_4032,64,Rural,Middle,397,9033.28,29598.04,2144.7,3586213,20,309,2021,14,4334.87,Monthly,UPI,18,4.29,1,362895,Dewasa (45-65)
cust_4033,64,Rural,Middle,481,11218.95,39467.55,2065.22,5396315,306,322,1317,32,1938.12,Monthly,Wallet Balance,4,25.95,7,551496,Dewasa (45-65)
cust_4034,53,Urban,High,403,11692.45,25580.91,3322.64,4712056,265,361,3475,4,96.39,Monthly,Debit Card,5,22.23,4,482507,Dewasa (45-65)
cust_4035,20,Rural,High,463,4821.82,18840.84,2396.25,2232504,204,126,3555,7,1527.18,Daily,Debit Card,12,7.08,3,233296,Remaja (<25)
cust_4036,23,Urban,Low,417,14741.07,36996.07,3612.81,6147027,142,120,4297,8,3924.83,Weekly,Wallet Balance,7,50.84,8,630134,Remaja (<25)
cust_4037,49,Suburban,Low,202,14535.47,56268.17,5252.13,2936165,304,214,1557,25,4296.79,Daily,Debit Card,12,27.16,5,302082,Dewasa (45-65)
cust_4038,63,Urban,Middle,65,4279.0,6740.71,1516.3,278134,80,313,3798,1,2839.4,Daily,Debit Card,13,16.47,6,40089,Dewasa (45-65)
cust_4039,67,Suburban,Middle,956,276.63,1287.64,114.69,264455,210,311,1069,36,1470.55,Weekly,Wallet Balance,15,11.45,2,33448,Senior (>65)
cust_4040,27,Suburban,Low,908,19978.84,90261.0,7687.21,18140788,256,130,497,35,2639.27,Daily,Wallet Balance,0,65.16,1,1818253,Dewasa Muda (25-45)
cust_4041,53,Suburban,Middle,555,11635.94,18646.66,1218.42,6457946,312,94,104,11,4181.88,Monthly,Wallet Balance,4,10.85,7,652011,Dewasa (45-65)
cust_4042,16,Suburban,Low,733,3628.83,17250.79,811.72,2659932,40,65,3753,18,1580.19,Daily,UPI,20,62.46,8,282509,Remaja (<25)
cust_4043,46,Suburban,High,17,5678.47,18347.84,2544.49,96534,353,205,4035,26,1927.18,Weekly,Wallet Balance,7,37.9,3,22359,Dewasa (45-65)
cust_4044,19,Urban,Middle,836,12359.66,47048.28,3903.43,10332678,202,187,1847,23,2698.47,Daily,UPI,1,3.21,6,1043912,Remaja (<25)
cust_4045,64,Suburban,Middle,797,2760.94,12040.92,391.2,2200465,86,212,3148,1,4435.69,Monthly,UPI,20,69.04,1,225224,Dewasa (45-65)
cust_4046,60,Rural,Middle,183,755.24,1007.7,158.94,138208,43,191,1577,15,2910.74,Weekly,Wallet Balance,19,40.27,4,21019,Dewasa (45-65)
cust_4047,65,Rural,High,391,15971.61,26786.59,3407.61,6244900,236,261,2572,1,1038.08,Daily,Debit Card,2,23.55,2,631214,Dewasa (45-65)
cust_4048,20,Suburban,High,44,14319.77,30953.09,6433.45,630069,70,322,983,20,445.52,Monthly,UPI,1,20.04,1,67750,Remaja (<25)
cust_4049,45,Rural,Middle,973,6198.94,18031.58,1992.09,6031565,356,90,2060,9,475.07,Weekly,UPI,10,23.52,3,610939,Dewasa Muda (25-45)
cust_4050,39,Urban,Low,901,1179.24,2811.57,404.87,1062497,131,245,4629,41,4751.25,Weekly,Debit Card,3,16.25,2,119232,Dewasa Muda (25-45)
cust_4051,18,Urban,High,700,9730.56,29419.22,2401.75,6811388,132,150,4647,16,4112.06,Monthly,Debit Card,13,18.43,5,694976,Remaja (<25)
cust_4052,26,Suburban,Middle,902,5530.96,9644.17,686.53,4988929,248,140,1499,11,3829.27,Weekly,Credit Card,13,27.92,9,510076,Dewasa Muda (25-45)
cust_4053,60,Suburban,Middle,482,7961.61,29685.78,1035.8,3837494,155,293,126,6,2481.82,Weekly,Credit Card,9,37.97,8,391360,Dewasa (45-65)
cust_4054,19,Suburban,High,263,5486.65,6709.84,1471.26,1442988,230,119,1757,8,3362.7,Daily,UPI,19,52.52,2,148931,Remaja (<25)
cust_4055,41,Rural,Low,174,3513.6,8593.56,600.82,611366,89,247,4918,45,636.65,Monthly,Wallet Balance,3,22.52,7,82154,Dewasa Muda (25-45)
cust_4056,42,Rural,Middle,441,7745.93,13293.04,1097.64,3415953,229,98,2269,49,3104.48,Daily,UPI,6,10.6,3,352481,Dewasa Muda (25-45)
cust_4057,61,Urban,Low,566,19298.23,75643.92,3954.16,10922800,27,170,1614,9,4053.9,Daily,UPI,9,2.46,6,1100381,Dewasa (45-65)
cust_4058,69,Rural,Low,220,5331.9,24178.08,2115.79,1173016,361,310,2444,15,310.69,Daily,UPI,2,27.42,9,132534,Senior (>65)
cust_4059,58,Urban,High,558,6725.97,8845.63,869.04,3753093,356,67,98,0,1480.75,Monthly,Debit Card,4,57.16,3,377764,Dewasa (45-65)
cust_4060,42,Rural,Middle,394,6591.55,27290.01,1840.96,2597070,238,56,1506,8,551.39,Weekly,Debit Card,3,24.35,10,273243,Dewasa Muda (25-45)
cust_4061,57,Urban,Middle,772,9610.97,44046.03,4136.9,7419671,175,46,3475,12,1301.14,Monthly,Wallet Balance,16,16.42,10,759466,Dewasa (45-65)
cust_4062,66,Suburban,Low,195,16871.68,82601.71,3495.3,3289976,316,5,3257,47,3862.62,Weekly,Credit Card,19,65.73,2,340280,Senior (>65)
cust_4063,65,Rural,High,409,8048.43,26701.03,1776.69,3291808,292,56,4374,15,1660.25,Monthly,Wallet Balance,10,48.02,2,340598,Dewasa (45-65)
cust_4064,21,Urban,High,471,16124.9,37241.54,7315.59,7594826,61,151,375,33,3448.42,Weekly,Debit Card,4,70.27,5,766808,Remaja (<25)
cust_4065,30,Rural,High,347,2309.09,5282.96,831.28,801254,170,318,3474,40,3866.51,Daily,Wallet Balance,11,40.82,6,95140,Dewasa Muda (25-45)
cust_4066,68,Suburban,Low,462,17899.2,45032.23,7501.28,8269428,263,141,235,29,4083.19,Daily,Debit Card,13,39.4,4,832271,Senior (>65)
cust_4067,45,Urban,Low,61,3714.23,12816.58,801.09,226567,306,315,4753,12,4366.88,Weekly,UPI,12,70.01,6,37179,Dewasa Muda (25-45)
cust_4068,57,Rural,Middle,166,793.64,2349.9,395.8,131743,116,284,4163,7,2988.18,Daily,Credit Card,10,44.36,4,24706,Dewasa (45-65)
cust_4069,52,Rural,High,672,3175.51,11477.99,496.52,2133940,175,6,1980,10,1403.2,Monthly,Debit Card,11,37.55,5,222652,Dewasa (45-65)
cust_4070,52,Suburban,Low,151,3823.09,4424.29,1853.34,577286,221,189,1199,48,752.79,Monthly,Debit Card,6,17.95,7,71550,Dewasa (45-65)
cust_4071,57,Suburban,High,111,10175.0,14484.38,4689.04,1129424,128,317,616,30,2518.54,Monthly,Credit Card,0,28.19,6,121915,Dewasa (45-65)
cust_4072,52,Urban,Low,488,9004.27,44176.35,2888.19,4394082,5,219,1953,42,517.79,Weekly,UPI,8,40.91,2,449255,Dewasa (45-65)
cust_4073,50,Rural,Middle,549,14320.33,71337.32,4784.69,7861860,326,173,817,10,4553.62,Weekly,UPI,20,41.06,9,795543,Dewasa (45-65)
cust_4074,38,Rural,High,3,1028.51,4100.3,421.71,3085,186,93,52,47,2212.4,Monthly,Wallet Balance,18,33.34,10,14006,Dewasa Muda (25-45)
cust_4075,21,Suburban,Low,483,9959.15,20173.14,2218.03,4810268,172,12,3029,6,4364.92,Weekly,UPI,3,49.95,5,490502,Remaja (<25)
cust_4076,19,Suburban,High,13,6656.1,32039.32,2069.97,86529,199,163,4811,0,3546.35,Monthly,Debit Card,3,12.14,9,25501,Remaja (<25)
cust_4077,33,Urban,Low,162,12617.82,23403.67,5816.19,2044086,231,318,4487,22,4286.09,Daily,Debit Card,10,62.59,5,218439,Dewasa Muda (25-45)
cust_4078,24,Rural,Low,344,883.56,3468.6,112.48,303943,288,5,3103,31,4419.79,Daily,Wallet Balance,5,53.35,3,40490,Remaja (<25)
cust_4079,64,Rural,Low,449,708.35,1034.92,327.41,318047,335,66,190,14,266.47,Daily,Credit Card,18,59.51,7,40451,Dewasa (45-65)
cust_4080,44,Urban,High,332,8550.76,30745.26,3347.72,2838852,115,203,1718,17,3626.29,Monthly,Debit Card,18,3.51,8,295208,Dewasa Muda (25-45)
cust_4081,28,Urban,Low,264,16228.68,65532.37,6620.29,4284370,333,324,830,27,1132.74,Weekly,UPI,20,56.53,5,437230,Dewasa Muda (25-45)
cust_4082,62,Suburban,Middle,83,13425.17,59588.43,1690.06,1114289,330,342,3472,13,4946.48,Monthly,UPI,10,53.52,9,126199,Dewasa (45-65)
cust_4083,67,Suburban,High,777,343.95,1354.23,60.23,267252,313,193,2098,12,3892.01,Monthly,Debit Card,17,2.44,3,33175,Senior (>65)
cust_4084,32,Urban,Middle,924,3577.66,16793.31,1681.87,3305755,11,365,3360,33,18.83,Monthly,Debit Card,16,33.01,8,348586,Dewasa Muda (25-45)
cust_4085,60,Urban,Middle,334,4542.36,14007.25,679.63,1517148,104,336,2585,19,4637.08,Daily,UPI,13,22.64,2,158466,Dewasa (45-65)
cust_4086,47,Rural,High,380,8466.95,31409.96,2984.37,3217440,175,66,2325,23,1461.53,Daily,Wallet Balance,17,19.15,10,337963,Dewasa (45-65)
cust_4087,63,Urban,Low,219,11738.45,29090.22,4848.88,2570719,120,169,450,27,2083.27,Daily,Debit Card,13,12.15,1,260630,Dewasa (45-65)
cust_4088,37,Urban,Middle,658,4337.04,4517.28,834.94,2853771,237,155,4429,10,3061.43,Monthly,Debit Card,12,18.99,7,300704,Dewasa Muda (25-45)
cust_4089,19,Rural,High,810,7656.46,30830.81,2905.75,6201732,236,76,764,50,4581.55,Weekly,Credit Card,8,55.11,10,634410,Remaja (<25)
cust_4090,20,Urban,Low,809,11683.03,52333.46,1474.76,9451570,305,261,2553,27,4636.63,Weekly,Wallet Balance,18,65.46,5,955644,Remaja (<25)
cust_4091,52,Suburban,High,454,7674.87,13014.26,2298.68,3484391,38,133,481,21,2817.36,Weekly,Credit Card,10,25.93,7,357092,Dewasa (45-65)
cust_4092,56,Suburban,High,673,2871.96,3200.98,671.39,1932826,272,342,2407,29,1583.62,Weekly,Debit Card,18,21.26,3,203204,Dewasa (45-65)
cust_4093,64,Rural,High,741,9838.31,16311.98,3525.03,7290184,344,141,4648,37,1395.95,Weekly,UPI,16,21.82,3,744316,Dewasa (45-65)
cust_4094,28,Urban,Low,746,6486.64,29716.34,2955.33,4839036,251,336,75,16,1821.99,Weekly,UPI,15,38.94,1,485742,Dewasa Muda (25-45)
cust_4095,49,Suburban,Middle,89,17285.13,37716.86,2596.16,1538376,334,346,4768,21,902.57,Monthly,Debit Card,17,4.24,3,168022,Dewasa (45-65)
cust_4096,60,Suburban,Middle,333,15514.74,30018.18,4346.04,5166409,27,137,2335,0,3349.17,Daily,Debit Card,14,41.8,1,520636,Dewasa (45-65)
cust_4097,37,Suburban,High,310,3813.6,4036.16,1026.92,1182215,330,176,1460,19,2639.01,Weekly,Credit Card,13,66.33,4,125722,Dewasa Muda (25-45)
cust_4098,68,Suburban,High,727,3061.19,6698.56,702.6,2225484,123,288,3248,4,3867.32,Daily,UPI,14,35.96,10,237510,Senior (>65)
cust_4099,38,Urban,Low,420,6960.06,26883.61,2032.8,2923223,156,339,1998,32,470.56,Monthly,UPI,17,29.29,5,304283,Dewasa Muda (25-45)
cust_4100,66,Urban,High,609,8249.37,39896.89,3731.12,5023865,217,36,2590,44,1999.53,Weekly,Credit Card,11,3.82,10,520966,Senior (>65)
cust_4101,18,Urban,High,725,18641.04,41960.33,9124.13,13514756,194,143,1883,0,1199.31,Daily,Wallet Balance,9,39.89,9,1363641,Remaja (<25)
cust_4102,57,Urban,High,354,6039.4,11853.78,610.81,2137947,301,137,198,43,2675.93,Monthly,UPI,7,10.68,1,218152,Dewasa (45-65)
cust_4103,49,Suburban,Middle,824,17353.01,78995.7,6865.07,14298881,161,16,2467,8,2341.22,Monthly,Credit Card,17,33.77,8,1442451,Dewasa (45-65)
cust_4104,47,Rural,High,100,10111.13,44590.29,3498.78,1011113,128,250,1097,31,2247.83,Weekly,Wallet Balance,13,22.93,4,109281,Dewasa (45-65)
cust_4105,60,Rural,Middle,145,17713.62,40965.25,8817.93,2568474,316,6,3494,25,1578.27,Daily,UPI,17,19.52,4,269546,Dewasa (45-65)
cust_4106,66,Suburban,Low,10,14042.06,17906.72,1909.33,140420,178,72,4206,44,3634.23,Weekly,Debit Card,0,68.98,1,26036,Senior (>65)
cust_4107,64,Suburban,Low,983,14170.7,70399.42,6016.01,13929793,126,161,3965,41,2407.84,Weekly,Credit Card,15,56.93,8,1411805,Dewasa (45-65)
cust_4108,36,Rural,Middle,44,10380.76,38645.68,4916.03,456753,174,224,2141,47,1011.22,Weekly,Wallet Balance,4,9.49,5,59151,Dewasa Muda (25-45)
cust_4109,61,Rural,Middle,763,16807.68,79102.34,7812.99,12824258,35,356,296,5,2737.24,Weekly,Credit Card,20,23.45,3,1285149,Dewasa (45-65)
cust_4110,59,Suburban,Middle,386,5095.95,12064.66,1652.26,1967037,239,315,2308,29,2983.36,Monthly,Wallet Balance,7,50.94,5,207728,Dewasa (45-65)
cust_4111,36,Suburban,Middle,739,18147.95,65164.61,4192.58,13411336,41,36,2772,39,106.9,Monthly,Wallet Balance,19,59.47,7,1357524,Dewasa Muda (25-45)
cust_4112,59,Urban,High,910,12739.15,47109.23,4534.65,11592625,186,34,3845,22,1018.89,Monthly,UPI,1,38.38,9,1177643,Dewasa (45-65)
cust_4113,26,Urban,Middle,761,8779.79,39435.5,1952.88,6681420,183,13,317,38,1212.02,Daily,Wallet Balance,18,64.92,9,680970,Dewasa Muda (25-45)
cust_4114,54,Rural,Middle,495,19643.98,97674.41,5203.84,9723768,261,202,271,24,1240.38,Weekly,Credit Card,2,26.67,7,981698,Dewasa (45-65)
cust_4115,19,Suburban,Middle,493,17241.66,24736.0,4798.18,8500139,34,57,1367,24,1194.23,Monthly,Credit Card,7,6.41,9,863550,Remaja (<25)
cust_4116,66,Rural,High,169,15442.7,54427.29,3409.44,2609816,187,7,2450,12,1358.21,Monthly,UPI,2,67.85,9,275402,Senior (>65)
cust_4117,16,Urban,High,642,5485.31,12867.22,1298.54,3521569,307,315,3311,24,1313.64,Monthly,Debit Card,17,30.38,3,363522,Remaja (<25)
cust_4118,43,Urban,High,531,19475.08,82703.52,2004.48,10341265,137,111,1658,16,4420.34,Monthly,Wallet Balance,7,2.64,5,1041832,Dewasa Muda (25-45)
cust_4119,39,Rural,Low,336,14862.32,59695.88,3252.34,4993739,202,116,442,43,1598.24,Monthly,Wallet Balance,17,52.06,2,505758,Dewasa Muda (25-45)
cust_4120,50,Urban,High,747,12108.29,55335.8,3498.35,9044895,143,307,608,26,1748.81,Daily,UPI,4,18.88,10,917431,Dewasa (45-65)
cust_4121,28,Suburban,Middle,857,18436.77,43783.85,3119.56,15800308,109,259,1092,10,1330.89,Daily,UPI,9,7.46,5,1587549,Dewasa Muda (25-45)
cust_4122,62,Rural,High,513,3252.01,5652.39,1373.11,1668282,157,155,3784,5,4837.87,Daily,UPI,10,60.93,7,179477,Dewasa (45-65)
cust_4123,49,Suburban,High,130,2788.93,3032.14,878.67,362561,255,206,2857,14,2677.45,Weekly,Wallet Balance,3,18.22,5,47031,Dewasa (45-65)
cust_4124,26,Suburban,Middle,539,11278.63,22805.69,4709.42,6079182,181,310,1944,36,3052.73,Daily,Credit Card,9,39.58,8,621879,Dewasa Muda (25-45)
cust_4125,51,Urban,High,514,1143.7,2823.45,172.98,587864,341,94,2871,31,3677.44,Daily,Debit Card,4,44.47,10,75789,Dewasa (45-65)
cust_4126,66,Suburban,Low,250,13283.1,63549.9,5687.88,3320774,219,192,942,47,1668.57,Weekly,Credit Card,11,68.1,2,339827,Senior (>65)
cust_4127,32,Rural,High,734,4822.42,14300.83,2330.7,3539652,28,290,1457,23,4843.9,Daily,UPI,9,29.15,6,362757,Dewasa Muda (25-45)
cust_4128,50,Suburban,Low,947,2389.34,7707.44,575.79,2262706,151,279,1364,10,761.63,Daily,Wallet Balance,11,36.6,10,239617,Dewasa (45-65)
cust_4129,33,Suburban,Low,138,8195.82,37049.34,1750.47,1131023,359,48,2138,41,2289.07,Daily,Credit Card,4,22.42,6,126333,Dewasa Muda (25-45)
cust_4130,55,Suburban,Low,275,9324.33,42335.06,3344.94,2564191,100,55,288,28,727.2,Monthly,Debit Card,10,34.12,4,263431,Dewasa (45-65)
cust_4131,37,Suburban,Middle,464,3417.99,10635.64,1211.22,1585948,3,17,3344,7,3951.88,Monthly,UPI,0,1.5,1,165006,Dewasa Muda (25-45)
cust_4132,39,Suburban,High,141,840.29,1222.47,121.83,118480,33,335,4686,36,536.59,Weekly,Debit Card,4,61.97,6,30551,Dewasa Muda (25-45)
cust_4133,34,Urban,Low,944,8286.97,17254.01,3900.71,7822900,199,62,2630,9,2769.5,Weekly,Wallet Balance,13,5.68,9,796065,Dewasa Muda (25-45)
cust_4134,52,Rural,Low,256,15192.93,42958.82,4430.6,3889390,69,125,4643,9,524.03,Weekly,UPI,1,18.47,1,399863,Dewasa (45-65)
cust_4135,54,Urban,High,882,17485.25,70022.81,7094.93,15421993,90,237,4653,0,2263.31,Weekly,UPI,9,52.06,6,1556373,Dewasa (45-65)
cust_4136,36,Rural,Middle,824,1959.99,7539.55,477.7,1615032,17,61,223,44,1401.54,Weekly,UPI,0,46.55,4,169648,Dewasa Muda (25-45)
cust_4137,23,Rural,Middle,456,10498.26,37487.54,2148.1,4787207,337,44,3650,22,4516.48,Monthly,Debit Card,12,54.37,9,494962,Remaja (<25)
cust_4138,43,Rural,Low,952,5275.43,23850.11,762.35,5022205,323,327,2818,17,265.48,Monthly,Wallet Balance,3,36.87,9,518423,Dewasa Muda (25-45)
cust_4139,20,Rural,Middle,434,7498.93,31574.89,1573.33,3254536,323,128,1521,22,3249.69,Daily,UPI,2,66.93,7,336070,Remaja (<25)
cust_4140,32,Rural,High,607,18669.5,92011.84,9285.7,11332387,34,259,1654,4,3476.26,Daily,Credit Card,11,68.09,1,1136208,Dewasa Muda (25-45)
cust_4141,52,Suburban,Middle,173,7047.97,32115.04,2559.71,1219299,264,201,3628,47,4444.91,Monthly,UPI,11,54.81,3,134663,Dewasa (45-65)
cust_4142,51,Urban,High,473,7313.27,13036.81,3079.71,3459174,301,323,4772,37,4388.65,Monthly,UPI,15,23.84,1,357967,Dewasa (45-65)
cust_4143,69,Urban,Low,955,4195.82,5162.82,2028.28,4007010,60,112,3858,30,4885.28,Daily,UPI,13,3.92,5,413974,Senior (>65)
cust_4144,34,Suburban,High,423,19200.77,51036.48,2526.75,8121924,184,355,2092,41,1269.55,Daily,Credit Card,7,40.0,7,826841,Dewasa Muda (25-45)
cust_4145,42,Rural,Low,917,9135.18,31699.25,1515.32,8376962,326,143,4463,38,1374.13,Weekly,Credit Card,12,1.64,5,854735,Dewasa Muda (25-45)
cust_4146,68,Urban,High,439,11412.14,40768.88,5377.24,5009928,357,207,736,19,1986.46,Daily,Wallet Balance,15,58.47,3,506371,Senior (>65)
cust_4147,49,Suburban,High,57,9068.83,18772.94,2954.82,516923,365,359,145,28,2687.88,Monthly,Debit Card,14,42.75,5,58438,Dewasa (45-65)
cust_4148,26,Suburban,Middle,498,5065.85,22489.97,1793.01,2522794,199,140,2397,47,1835.71,Weekly,UPI,13,44.94,9,269855,Dewasa Muda (25-45)
cust_4149,69,Urban,High,614,16210.15,37558.68,4393.82,9953030,241,227,4894,32,3701.48,Weekly,Debit Card,4,5.29,3,1009440,Senior (>65)
cust_4150,60,Urban,Low,169,579.14,2708.32,246.58,97874,232,319,3477,38,42.73,Weekly,Debit Card,5,42.6,10,30520,Dewasa (45-65)
cust_4151,62,Rural,High,989,13807.97,39855.39,4237.63,13656078,211,136,1033,31,88.27,Weekly,UPI,16,13.76,6,1376729,Dewasa (45-65)
cust_4152,27,Rural,Low,582,11889.51,12383.67,5117.86,6919696,52,290,2281,24,3580.28,Monthly,UPI,8,29.59,2,699141,Dewasa Muda (25-45)
cust_4153,69,Urban,Low,850,2894.17,4770.07,1438.04,2460044,119,200,4619,43,4415.61,Monthly,Credit Card,17,23.66,4,261334,Senior (>65)
cust_4154,36,Rural,High,561,3326.44,4687.88,1193.16,1866133,330,278,1727,26,3882.74,Daily,Wallet Balance,11,18.49,7,197726,Dewasa Muda (25-45)
cust_4155,69,Suburban,Middle,428,13187.92,15510.35,4108.37,5644429,215,306,3000,22,585.46,Daily,Credit Card,12,32.74,9,581350,Senior (>65)
cust_4156,26,Rural,High,419,6249.65,24099.1,1537.81,2618605,322,140,385,46,4674.87,Monthly,Debit Card,16,55.1,4,268893,Dewasa Muda (25-45)
cust_4157,54,Rural,High,347,5322.1,9416.2,946.69,1846770,149,150,2320,1,2609.56,Monthly,UPI,6,17.56,10,198112,Dewasa (45-65)
cust_4158,43,Suburban,Middle,517,1192.53,5192.85,432.49,616538,176,91,4019,49,3711.48,Daily,Debit Card,20,37.24,3,75736,Dewasa Muda (25-45)
cust_4159,20,Rural,Low,455,15332.0,31551.34,1917.34,6976058,269,186,4939,3,1005.23,Monthly,Credit Card,19,26.32,7,714281,Remaja (<25)
cust_4160,32,Suburban,High,714,17654.61,19937.5,8518.62,12605392,320,82,2374,24,2743.98,Monthly,Debit Card,7,47.45,2,1268315,Dewasa Muda (25-45)
cust_4161,35,Rural,Middle,202,16398.69,70230.69,5887.49,3312535,5,19,513,44,1650.3,Weekly,UPI,0,41.26,4,339854,Dewasa Muda (25-45)
cust_4162,56,Urban,Middle,179,9326.02,26715.17,4511.42,1669357,116,133,26,22,4873.8,Monthly,Wallet Balance,11,47.15,5,171750,Dewasa (45-65)
cust_4163,61,Rural,Low,57,10683.79,36303.75,2231.95,608975,203,272,664,40,2370.98,Weekly,Debit Card,18,70.74,3,68040,Dewasa (45-65)
cust_4164,27,Urban,Middle,698,4853.1,11380.08,2322.72,3387464,37,169,2187,35,3777.88,Monthly,Wallet Balance,7,37.0,5,349731,Dewasa Muda (25-45)
cust_4165,21,Urban,Low,604,3465.37,4103.55,1195.03,2093081,54,19,3984,40,3016.16,Daily,Debit Card,11,8.3,2,221768,Remaja (<25)
cust_4166,32,Urban,High,804,16461.79,40836.91,6981.54,13235281,288,253,1540,22,471.49,Monthly,UPI,5,4.18,8,1336572,Dewasa Muda (25-45)
cust_4167,66,Urban,Middle,906,15968.9,49074.75,2739.77,14467823,284,364,1755,32,2714.64,Monthly,UPI,20,4.58,5,1457134,Senior (>65)
cust_4168,34,Urban,High,946,15549.42,16276.3,4665.51,14709754,86,193,4123,27,2701.08,Daily,Wallet Balance,5,26.0,8,1488570,Dewasa Muda (25-45)
cust_4169,41,Suburban,Middle,995,9272.55,30573.09,3037.54,9226189,45,278,3832,7,3578.55,Daily,UPI,6,52.45,3,932193,Dewasa Muda (25-45)
cust_4170,63,Suburban,Middle,501,17291.51,79059.7,4446.37,8663046,284,145,2631,32,1609.54,Daily,Wallet Balance,8,60.65,2,875961,Dewasa (45-65)
cust_4171,59,Suburban,High,739,18525.38,34667.69,3729.03,13690255,321,35,307,28,4303.26,Monthly,Credit Card,11,43.18,9,1379287,Dewasa (45-65)
cust_4172,59,Urban,Middle,933,6573.6,30942.46,3036.41,6133172,70,167,3469,47,3113.02,Daily,Wallet Balance,5,35.08,5,628398,Dewasa (45-65)
cust_4173,67,Rural,High,112,4501.64,6259.24,603.33,504184,42,244,4229,14,196.71,Monthly,Debit Card,5,61.11,8,68178,Senior (>65)
cust_4174,47,Suburban,High,148,9290.62,39965.87,1501.32,1375011,272,73,2833,14,3534.18,Daily,Wallet Balance,8,5.03,10,152800,Dewasa (45-65)
cust_4175,21,Rural,Low,781,3594.73,15677.7,820.33,2807487,141,311,3364,36,4534.83,Monthly,Wallet Balance,6,23.97,5,293809,Remaja (<25)
cust_4176,51,Rural,High,715,17681.22,35911.25,8273.18,12642070,59,133,1993,18,3415.74,Daily,Debit Card,3,5.07,6,1274285,Dewasa (45-65)
cust_4177,53,Urban,Low,378,6766.43,32691.15,2203.72,2557710,240,73,703,42,1899.99,Daily,UPI,20,67.11,2,262427,Dewasa (45-65)
cust_4178,26,Urban,High,877,11527.67,30737.33,2873.5,10109770,47,115,354,50,2953.24,Weekly,UPI,12,7.33,1,1016208,Dewasa Muda (25-45)
cust_4179,48,Urban,Middle,915,11898.44,18621.35,3106.34,10887075,167,267,546,20,856.99,Monthly,Credit Card,9,69.13,2,1093371,Dewasa (45-65)
cust_4180,39,Suburban,High,348,10304.61,34694.15,4483.65,3586003,110,334,109,34,3006.28,Daily,UPI,9,52.89,2,362715,Dewasa Muda (25-45)
cust_4181,38,Urban,Middle,358,3138.95,15652.24,347.52,1123743,126,110,1498,25,2504.96,Monthly,Credit Card,20,36.11,9,125617,Dewasa Muda (25-45)
cust_4182,30,Suburban,Low,56,19820.1,91116.31,2071.91,1109925,299,168,3671,27,130.79,Daily,Credit Card,3,23.19,7,127969,Dewasa Muda (25-45)
cust_4183,42,Suburban,Middle,813,3460.34,7316.58,409.82,2813255,109,216,562,21,1609.45,Monthly,Credit Card,20,39.13,5,288744,Dewasa Muda (25-45)
cust_4184,26,Suburban,High,316,15032.63,49727.14,4324.62,4750311,165,340,3183,35,956.24,Monthly,UPI,17,46.63,9,493419,Dewasa Muda (25-45)
cust_4185,66,Suburban,Middle,964,15829.34,23134.12,5263.25,15259487,259,97,1587,15,1953.26,Monthly,Debit Card,7,35.17,8,1537646,Senior (>65)
cust_4186,65,Urban,Low,185,2911.82,8291.06,1018.52,538687,76,80,465,11,1209.16,Weekly,UPI,14,66.14,10,65294,Dewasa (45-65)
cust_4187,32,Suburban,Middle,54,18663.94,57714.13,7324.75,1007852,7,217,176,27,4171.24,Monthly,Debit Card,8,10.89,7,108751,Dewasa Muda (25-45)
cust_4188,66,Urban,Middle,37,9760.3,22069.14,1716.73,361131,186,186,3198,6,3488.42,Daily,UPI,3,10.12,5,46364,Senior (>65)
cust_4189,68,Urban,High,723,12581.37,36948.32,2578.1,9096330,276,64,4080,32,3700.57,Weekly,Credit Card,6,56.35,8,927142,Senior (>65)
cust_4190,29,Suburban,High,805,12847.3,60122.2,2536.09,10342075,79,67,2927,23,1804.34,Monthly,Debit Card,0,40.81,10,1051459,Dewasa Muda (25-45)
cust_4191,42,Urban,Middle,270,10104.05,30317.72,1613.3,2728094,65,96,894,10,17.23,Daily,UPI,16,29.83,5,280588,Dewasa Muda (25-45)
cust_4192,33,Rural,Low,863,2849.02,12319.05,563.42,2458704,115,34,1482,14,1095.77,Monthly,UPI,2,59.25,5,254686,Dewasa Muda (25-45)
cust_4193,43,Urban,Middle,732,15037.55,34128.65,5194.89,11007486,202,345,4120,18,3776.49,Weekly,Wallet Balance,20,67.67,5,1113900,Dewasa Muda (25-45)
cust_4194,66,Urban,Low,508,11639.9,56868.09,2869.99,5913068,142,234,1208,14,3014.18,Daily,Debit Card,18,38.25,2,595615,Senior (>65)
cust_4195,62,Suburban,Low,228,2382.43,3273.1,970.04,543193,98,163,426,8,2692.89,Daily,Credit Card,17,41.37,9,63624,Dewasa (45-65)
cust_4196,62,Suburban,Low,428,14009.44,46824.39,4406.91,5996038,305,157,1527,12,1402.6,Daily,Credit Card,14,4.9,10,613156,Dewasa (45-65)
cust_4197,19,Urban,Middle,870,14058.24,58475.96,2598.18,12230666,217,281,2794,49,378.71,Weekly,Debit Card,9,36.39,6,1239365,Remaja (<25)
cust_4198,22,Suburban,Low,723,10974.24,46708.18,3149.09,7934378,74,28,3184,28,3924.33,Daily,UPI,14,2.4,2,802643,Remaja (<25)
cust_4199,60,Rural,Middle,810,1820.07,3263.61,614.0,1474257,293,69,1906,25,193.28,Monthly,Credit Card,6,29.82,1,154641,Dewasa (45-65)
cust_4200,50,Rural,Low,1,7059.35,18400.8,3151.85,7059,134,332,2619,22,295.68,Monthly,UPI,5,69.61,4,11996,Dewasa (45-65)
cust_4201,63,Suburban,Low,23,1027.97,3594.6,445.61,23643,262,338,2573,16,1474.68,Daily,Wallet Balance,13,55.14,4,12372,Dewasa (45-65)
cust_4202,24,Urban,Middle,503,9557.14,21632.89,2586.09,4807243,284,230,86,4,2864.67,Weekly,Credit Card,17,53.14,5,484864,Remaja (<25)
cust_4203,23,Rural,High,448,18129.88,65869.18,6509.9,8122185,102,350,3567,15,4961.13,Daily,UPI,17,56.73,4,822371,Remaja (<25)
cust_4204,67,Rural,High,796,55.04,138.43,12.06,43809,206,137,392,38,453.21,Daily,Credit Card,5,61.33,1,9738,Senior (>65)
cust_4205,60,Urban,Middle,496,5340.11,12834.76,1886.13,2648692,141,112,755,29,2365.85,Daily,UPI,12,4.03,2,270096,Dewasa (45-65)
cust_4206,32,Suburban,Middle,900,15999.18,22915.19,7441.49,14399265,13,299,4313,20,3008.77,Monthly,Wallet Balance,10,63.44,6,1455048,Dewasa Muda (25-45)
cust_4207,32,Rural,High,425,207.12,239.64,72.45,88025,249,25,1444,4,4115.53,Monthly,Wallet Balance,8,56.0,10,20032,Dewasa Muda (25-45)
cust_4208,64,Urban,High,700,213.37,926.25,47.26,149356,123,94,782,25,3448.07,Weekly,Wallet Balance,11,49.56,9,26275,Dewasa (45-65)
cust_4209,48,Urban,High,18,12220.26,36149.71,4369.89,219964,10,66,4641,42,4038.71,Weekly,UPI,18,29.81,8,41459,Dewasa (45-65)
cust_4210,47,Rural,Middle,959,15786.1,51328.4,7279.0,15138872,80,17,2073,47,2612.35,Weekly,Credit Card,18,22.34,7,1528427,Dewasa (45-65)
cust_4211,23,Suburban,Low,445,15532.34,38658.2,2404.7,6911892,167,109,490,29,2169.85,Monthly,Credit Card,20,14.63,7,700984,Remaja (<25)
cust_4212,34,Rural,Middle,561,15593.76,24123.06,4568.64,8748101,99,278,3989,21,3093.64,Monthly,UPI,15,25.25,1,884341,Dewasa Muda (25-45)
cust_4213,53,Urban,High,559,7226.52,20221.88,1650.68,4039622,207,10,3468,44,4504.35,Monthly,Wallet Balance,2,63.36,5,418046,Dewasa (45-65)
cust_4214,18,Rural,Low,627,17655.66,33825.2,3470.87,11070096,151,346,1048,1,2754.24,Monthly,Wallet Balance,6,5.01,4,1111828,Remaja (<25)
cust_4215,20,Suburban,Middle,39,266.58,1159.83,68.91,10396,37,141,198,43,3027.97,Weekly,Debit Card,9,52.56,5,9221,Remaja (<25)
cust_4216,28,Urban,High,729,6250.65,30922.94,1610.09,4556725,264,298,370,11,1689.88,Monthly,UPI,18,7.05,6,462667,Dewasa Muda (25-45)
cust_4217,62,Suburban,Middle,210,6750.38,30757.34,1243.24,1417580,342,28,4186,41,2980.61,Weekly,Wallet Balance,5,9.29,6,158739,Dewasa (45-65)
cust_4218,61,Rural,Low,774,3319.77,10334.76,867.95,2569499,5,100,398,26,3138.82,Monthly,Debit Card,8,15.18,10,268776,Dewasa (45-65)
cust_4219,46,Rural,High,211,6731.16,23643.37,2379.42,1420274,226,187,459,25,3767.13,Daily,Wallet Balance,17,48.84,5,148561,Dewasa (45-65)
cust_4220,31,Suburban,Middle,565,11721.82,56176.73,1292.83,6622830,27,267,2604,44,2860.88,Weekly,Credit Card,11,61.45,3,673460,Dewasa Muda (25-45)
cust_4221,65,Rural,Low,972,10410.38,32841.93,5160.32,10118892,124,208,3246,43,987.75,Weekly,Debit Card,4,11.07,3,1025187,Dewasa (45-65)
cust_4222,47,Suburban,Low,281,6395.35,22731.36,1396.6,1797094,299,337,4668,24,2909.63,Monthly,UPI,4,17.61,8,197990,Dewasa (45-65)
cust_4223,37,Rural,Middle,867,14989.06,52715.28,5238.05,12995512,35,311,1293,18,1489.36,Weekly,Credit Card,5,46.06,8,1311192,Dewasa Muda (25-45)
cust_4224,44,Suburban,Low,833,14298.66,54799.41,3051.61,11910786,237,261,2759,48,436.62,Daily,Credit Card,17,33.39,8,1209178,Dewasa Muda (25-45)
cust_4225,37,Suburban,High,133,5621.12,20017.61,1446.96,747609,311,69,2391,26,4127.17,Weekly,Debit Card,5,45.98,7,87079,Dewasa Muda (25-45)
cust_4226,58,Urban,Low,449,6471.34,23832.77,2068.85,2905629,317,38,3659,47,330.36,Weekly,Credit Card,0,12.24,5,307415,Dewasa (45-65)
cust_4227,18,Urban,Middle,264,5757.53,22474.96,1984.86,1519987,303,66,1198,16,3158.52,Daily,Debit Card,10,33.63,6,160415,Remaja (<25)
cust_4228,69,Suburban,High,807,2585.73,10954.2,1055.45,2086687,102,235,469,5,4942.47,Monthly,UPI,15,25.17,6,213635,Senior (>65)
cust_4229,25,Rural,Low,111,15058.11,39335.08,6274.31,1671449,77,64,4934,22,438.1,Monthly,Wallet Balance,6,32.01,9,187993,Remaja (<25)
cust_4230,57,Rural,Low,555,935.07,3724.69,287.52,518962,312,235,1964,17,1100.66,Daily,Credit Card,16,22.04,5,61973,Dewasa (45-65)
cust_4231,36,Rural,High,850,3020.1,4230.61,393.49,2567088,82,153,2585,42,3804.02,Weekly,UPI,17,11.17,7,271176,Dewasa Muda (25-45)
cust_4232,31,Suburban,High,238,2115.04,9527.72,683.4,503378,146,180,2277,43,484.47,Monthly,Wallet Balance,3,48.34,9,67949,Dewasa Muda (25-45)
cust_4233,27,Suburban,Low,891,16508.53,35661.34,4804.51,14709096,193,166,1729,48,4163.63,Monthly,Debit Card,4,48.5,9,1486085,Dewasa Muda (25-45)
cust_4234,17,Suburban,High,457,889.73,2325.61,165.63,406606,224,333,1173,1,1.35,Monthly,Debit Card,0,19.77,1,44105,Remaja (<25)
cust_4235,56,Suburban,Middle,901,13295.9,56034.79,1383.64,11979605,53,275,2674,44,4449.74,Daily,UPI,0,41.98,7,1212483,Dewasa (45-65)
cust_4236,39,Urban,Low,759,899.05,3189.77,203.53,682376,345,99,165,18,334.12,Daily,Wallet Balance,4,69.28,9,79200,Dewasa Muda (25-45)
cust_4237,50,Suburban,Middle,516,15731.0,35151.12,3205.91,8117197,85,25,2729,50,4609.9,Weekly,Debit Card,18,39.14,4,823872,Dewasa (45-65)
cust_4238,45,Rural,Low,876,18255.15,34713.94,5351.76,15991515,129,304,1691,3,4322.76,Daily,Wallet Balance,12,23.29,3,1603672,Dewasa Muda (25-45)
cust_4239,45,Urban,Middle,861,9741.99,47062.19,3942.01,8387857,211,73,2622,32,2697.82,Daily,Debit Card,4,22.91,1,846880,Dewasa Muda (25-45)
cust_4240,62,Rural,Middle,897,16092.79,21743.06,4435.43,14435233,352,35,4338,33,3889.74,Daily,Wallet Balance,17,60.02,7,1460554,Dewasa (45-65)
cust_4241,50,Suburban,High,862,14131.15,14376.19,6791.82,12181048,264,143,2415,31,374.38,Monthly,UPI,2,35.68,8,1233847,Dewasa (45-65)
cust_4242,34,Urban,Low,824,15914.75,58753.11,3000.33,13113753,183,214,626,17,675.74,Daily,UPI,2,19.69,9,1322989,Dewasa Muda (25-45)
cust_4243,65,Suburban,High,173,15337.84,53036.67,2889.35,2653445,272,205,2305,43,1846.44,Daily,Credit Card,8,45.79,3,276331,Dewasa (45-65)
cust_4244,23,Urban,High,193,4115.3,16257.33,1406.53,794253,227,305,3406,8,2687.29,Monthly,Credit Card,19,62.4,3,88693,Remaja (<25)
cust_4245,41,Rural,Low,515,9996.18,39250.37,4583.3,5148035,322,217,1131,36,4341.07,Daily,UPI,13,52.65,1,519494,Dewasa Muda (25-45)
cust_4246,64,Suburban,Middle,790,19208.68,85536.95,7083.07,15174856,12,345,3955,47,2713.4,Daily,Credit Card,2,7.13,5,1533738,Dewasa (45-65)
cust_4247,55,Suburban,Low,968,6877.22,32243.41,2540.94,6657152,93,232,1644,35,3326.03,Monthly,Debit Card,20,25.26,8,678840,Dewasa (45-65)
cust_4248,22,Urban,Low,568,19410.04,79583.06,8201.02,11024900,330,86,2294,2,3399.42,Weekly,Credit Card,13,58.7,7,1112578,Remaja (<25)
cust_4249,45,Urban,Low,786,11667.4,22508.42,4287.44,9170578,190,169,4273,17,4387.84,Daily,Credit Card,16,30.7,7,932109,Dewasa Muda (25-45)
cust_4250,22,Suburban,High,409,9237.61,26364.0,3729.59,3778183,86,125,3217,39,3883.77,Weekly,Wallet Balance,3,71.9,4,390210,Remaja (<25)
cust_4251,18,Urban,Low,688,13158.57,46934.8,5874.66,9053097,354,329,2085,24,4885.15,Weekly,Debit Card,17,25.28,1,910437,Remaja (<25)
cust_4252,16,Suburban,Low,628,16318.63,51525.42,1683.5,10248096,277,236,4487,1,100.06,Weekly,UPI,15,65.43,7,1040833,Remaja (<25)
cust_4253,51,Urban,Low,84,7890.22,12905.17,3584.13,662778,293,145,4687,43,1039.14,Monthly,Debit Card,1,33.62,3,82432,Dewasa (45-65)
cust_4254,40,Rural,Middle,671,668.75,2245.07,124.46,448733,261,105,2841,0,4652.23,Weekly,Wallet Balance,1,67.46,5,53229,Dewasa Muda (25-45)
cust_4255,52,Urban,Middle,798,14179.04,64459.53,6591.02,11314872,198,344,930,23,3961.1,Monthly,Credit Card,11,30.91,9,1142666,Dewasa (45-65)
cust_4256,16,Rural,Middle,80,19123.77,51138.29,3948.55,1529901,323,264,4216,23,1336.81,Daily,Debit Card,15,34.26,3,166053,Remaja (<25)
cust_4257,30,Urban,Middle,578,12503.48,45959.44,3527.18,7227013,10,134,336,49,4871.23,Weekly,Wallet Balance,9,39.4,2,727837,Dewasa Muda (25-45)
cust_4258,52,Urban,High,209,3776.41,13080.48,1788.33,789268,88,9,2731,41,4349.41,Weekly,UPI,1,3.83,10,96314,Dewasa (45-65)
cust_4259,28,Suburban,High,522,4972.37,12471.56,715.52,2595576,340,15,2182,39,323.29,Weekly,Credit Card,15,6.97,8,275659,Dewasa Muda (25-45)
cust_4260,55,Urban,Low,199,18195.92,59338.43,7244.04,3620987,318,64,1259,3,4056.55,Daily,Wallet Balance,3,61.68,2,364888,Dewasa (45-65)
cust_4261,23,Urban,High,571,281.11,517.47,72.24,160511,37,178,1058,49,3922.44,Daily,Wallet Balance,9,19.83,6,27105,Remaja (<25)
cust_4262,20,Rural,Middle,234,10979.45,34963.27,1203.79,2569190,223,124,3448,34,1105.77,Monthly,Wallet Balance,16,45.54,6,272662,Remaja (<25)
cust_4263,24,Urban,Low,819,3181.97,13349.36,1513.51,2606030,175,11,2416,34,3346.23,Monthly,UPI,3,19.46,2,269161,Remaja (<25)
cust_4264,16,Suburban,Low,244,5662.46,22852.51,833.13,1381640,209,95,53,11,4851.13,Monthly,UPI,5,26.0,5,141944,Remaja (<25)
cust_4265,51,Rural,Middle,891,6146.56,14947.32,2517.98,5476587,49,120,1152,50,3379.34,Monthly,Wallet Balance,2,43.91,1,554273,Dewasa (45-65)
cust_4266,50,Suburban,Middle,393,4393.46,6363.23,1114.66,1726630,24,301,4376,48,4068.83,Monthly,Debit Card,8,25.04,7,191180,Dewasa (45-65)
cust_4267,17,Suburban,Middle,566,15849.12,66562.65,6723.72,8970600,338,246,4344,22,496.93,Monthly,UPI,4,52.53,2,909699,Remaja (<25)
cust_4268,55,Suburban,High,446,6650.86,13701.81,2661.11,2966284,106,77,1806,48,3637.29,Daily,Debit Card,8,37.67,9,312221,Dewasa (45-65)
cust_4269,38,Suburban,Low,849,6916.24,8383.7,2443.42,5871891,311,94,586,21,1023.77,Weekly,Debit Card,12,54.73,1,590949,Dewasa Muda (25-45)
cust_4270,24,Rural,Middle,393,9065.61,25209.38,4312.41,3562783,263,315,4452,25,359.27,Weekly,Wallet Balance,1,16.19,4,371502,Remaja (<25)
cust_4271,49,Urban,Low,9,18046.88,71427.43,2518.79,162421,206,153,486,3,2760.39,Weekly,Wallet Balance,2,46.79,6,22134,Dewasa (45-65)
cust_4272,61,Suburban,Low,613,13766.58,58287.33,5774.14,8438912,169,240,1708,6,3753.06,Daily,Credit Card,6,23.25,3,849030,Dewasa (45-65)
cust_4273,29,Rural,High,920,1244.38,6133.29,458.32,1144826,158,140,4006,22,2733.72,Daily,UPI,20,26.07,6,129327,Dewasa Muda (25-45)
cust_4274,19,Suburban,Low,807,794.85,1397.05,179.55,641440,241,85,4627,30,4657.98,Monthly,UPI,11,14.25,4,78069,Remaja (<25)
cust_4275,45,Urban,Middle,715,11332.12,24649.4,3608.02,8102466,123,216,3030,6,3478.33,Monthly,UPI,17,10.13,2,817167,Dewasa Muda (25-45)
cust_4276,46,Rural,Middle,904,17742.34,60997.49,6349.12,16039075,20,282,4302,21,587.87,Weekly,Wallet Balance,8,63.58,10,1624317,Dewasa (45-65)
cust_4277,53,Rural,Low,153,6471.8,27475.2,2553.18,990184,56,293,1890,38,4672.59,Weekly,UPI,12,68.19,5,109262,Dewasa (45-65)
cust_4278,26,Urban,Low,110,4962.96,9609.78,867.64,545925,280,241,4380,39,764.44,Daily,Wallet Balance,10,28.94,10,76870,Dewasa Muda (25-45)
cust_4279,50,Rural,High,834,14966.34,39506.01,2107.94,12481926,108,23,1811,18,3791.28,Daily,UPI,12,55.21,8,1259719,Dewasa (45-65)
cust_4280,23,Urban,Middle,266,12045.81,31723.87,1696.32,3204184,140,321,937,29,742.72,Weekly,Debit Card,7,58.05,2,326821,Remaja (<25)
cust_4281,18,Rural,Middle,373,11304.9,46256.78,2459.35,4216726,91,45,1870,25,4992.9,Daily,Wallet Balance,20,11.07,6,431416,Remaja (<25)
cust_4282,29,Rural,Low,152,2994.53,5880.45,484.12,455168,271,74,2031,40,1660.94,Weekly,Credit Card,14,67.68,8,60748,Dewasa Muda (25-45)
cust_4283,28,Urban,Low,976,3527.47,17196.52,1108.53,3442807,329,102,2871,21,2479.65,Weekly,Credit Card,13,58.38,6,356882,Dewasa Muda (25-45)
cust_4284,60,Urban,Low,595,5642.94,17165.0,1550.77,3357547,210,284,882,8,2334.19,Weekly,UPI,16,57.06,5,342151,Dewasa (45-65)
cust_4285,47,Rural,Middle,955,4144.71,8821.05,1895.07,3958198,176,72,2008,45,509.49,Weekly,Debit Card,12,66.64,3,407081,Dewasa (45-65)
cust_4286,49,Rural,Low,415,19429.18,41522.81,7518.33,8063109,61,41,3636,28,2470.07,Weekly,Debit Card,10,26.05,8,823147,Dewasa (45-65)
cust_4287,60,Urban,High,907,382.03,410.0,69.65,346505,284,279,2557,31,747.53,Weekly,UPI,9,63.95,10,52490,Dewasa (45-65)
cust_4288,34,Urban,High,646,12524.87,47215.28,1481.58,8091063,3,212,4921,17,4009.9,Weekly,Credit Card,16,71.86,2,820643,Dewasa Muda (25-45)
cust_4289,53,Rural,Low,326,10356.8,42502.17,3973.51,3376316,272,160,3863,30,4791.57,Monthly,UPI,11,17.43,10,355961,Dewasa (45-65)
cust_4290,31,Rural,High,672,6471.79,7311.26,2836.79,4349044,164,87,60,31,4040.29,Daily,Debit Card,1,9.62,9,445104,Dewasa Muda (25-45)
cust_4291,17,Rural,High,551,17752.9,59361.04,6753.16,9781846,9,7,2136,8,2155.32,Daily,UPI,0,8.72,8,990179,Remaja (<25)
cust_4292,55,Urban,High,176,13406.55,55324.68,4793.08,2359552,12,183,2017,29,11.86,Weekly,UPI,14,27.8,6,248883,Dewasa (45-65)
cust_4293,32,Rural,High,525,19967.1,50016.8,3987.95,10482729,74,328,3149,36,183.22,Daily,UPI,18,58.42,9,1067079,Dewasa Muda (25-45)
cust_4294,49,Suburban,High,315,3381.43,9234.58,1007.13,1065151,238,299,3811,31,2475.18,Monthly,Debit Card,17,54.31,6,121999,Dewasa (45-65)
cust_4295,57,Urban,Middle,67,1766.48,4321.69,688.9,118354,300,14,69,7,3397.44,Daily,Credit Card,2,15.01,8,18974,Dewasa (45-65)
cust_4296,31,Rural,Low,952,2796.55,6327.49,495.97,2662316,108,100,4780,23,4097.57,Monthly,Wallet Balance,8,38.97,5,281042,Dewasa Muda (25-45)
cust_4297,53,Urban,High,760,5393.13,15988.28,1567.34,4098776,13,244,2671,3,2997.66,Monthly,UPI,12,26.67,7,421020,Dewasa (45-65)
cust_4298,17,Suburban,Low,553,8341.57,13883.73,1224.64,4612889,234,169,1595,45,4891.57,Weekly,Wallet Balance,10,60.06,2,468533,Remaja (<25)
cust_4299,17,Urban,High,184,17253.44,47666.95,5388.04,3174632,245,232,1254,16,2468.89,Daily,Wallet Balance,18,58.1,1,321336,Remaja (<25)
cust_4300,41,Rural,Middle,35,5679.0,27073.5,1870.75,198764,321,111,2513,20,3000.14,Daily,Credit Card,15,58.52,8,33402,Dewasa Muda (25-45)
cust_4301,28,Suburban,Middle,934,18305.71,20312.17,5750.82,17097536,92,347,1021,47,1150.51,Monthly,Credit Card,18,38.29,5,1720920,Dewasa Muda (25-45)
cust_4302,62,Suburban,High,505,9263.52,15367.94,2665.91,4678079,360,340,4527,8,1698.3,Weekly,Debit Card,7,58.33,9,485812,Dewasa (45-65)
cust_4303,46,Rural,High,849,12944.93,53214.14,4336.31,10990245,198,102,4369,4,3415.66,Weekly,Wallet Balance,11,53.07,7,1113454,Dewasa (45-65)
cust_4304,49,Rural,High,963,5295.51,8092.75,2640.98,5099576,116,217,3176,4,3008.21,Monthly,Wallet Balance,20,38.26,4,519205,Dewasa (45-65)
cust_4305,54,Rural,Middle,802,3128.72,6523.76,1091.97,2509230,131,240,232,29,1848.24,Daily,UPI,1,55.87,5,258362,Dewasa (45-65)
cust_4306,18,Urban,Middle,76,17390.44,49029.85,6974.04,1321673,365,240,1187,5,559.91,Weekly,UPI,4,27.76,3,137761,Remaja (<25)
cust_4307,23,Urban,Low,472,2199.03,10495.19,388.89,1037941,153,221,4980,37,1713.08,Monthly,Credit Card,13,56.37,5,121597,Remaja (<25)
cust_4308,38,Urban,Middle,582,15482.69,26847.05,4830.74,9010923,121,270,4898,7,220.78,Weekly,Credit Card,15,45.26,10,921477,Dewasa Muda (25-45)
cust_4309,29,Rural,High,746,11623.88,54543.16,1197.28,8671411,108,28,4805,47,2903.84,Monthly,Credit Card,18,62.19,4,883999,Dewasa Muda (25-45)
cust_4310,42,Rural,Low,523,17224.14,66728.02,1939.15,9008227,16,286,848,45,1615.08,Weekly,Debit Card,1,64.36,3,909211,Dewasa Muda (25-45)
cust_4311,69,Urban,Middle,880,14359.19,52907.58,3288.14,12636087,299,335,1629,32,1899.24,Weekly,Wallet Balance,9,28.6,8,1277117,Senior (>65)
cust_4312,44,Suburban,Middle,283,5640.47,21964.93,1616.78,1596251,56,54,1650,47,2875.44,Weekly,Debit Card,9,21.44,4,170187,Dewasa Muda (25-45)
cust_4313,54,Urban,High,816,11492.81,12929.25,3795.55,9378131,103,213,1871,14,2906.44,Weekly,Wallet Balance,7,20.89,10,951501,Dewasa (45-65)
cust_4314,68,Suburban,Low,536,271.34,378.68,123.52,145439,208,120,2301,36,2941.72,Monthly,Credit Card,11,24.15,4,25275,Senior (>65)
cust_4315,54,Rural,Middle,274,9509.61,22246.47,3886.6,2605634,151,75,691,8,2457.96,Weekly,Debit Card,18,4.6,8,269516,Dewasa (45-65)
cust_4316,16,Rural,Middle,539,1729.41,2241.09,380.45,932153,262,70,7,2,2440.61,Daily,Debit Card,9,67.12,5,97209,Remaja (<25)
cust_4317,32,Urban,High,54,8584.61,42496.9,3411.47,463568,43,323,2082,30,4106.1,Daily,Wallet Balance,3,9.8,5,56467,Dewasa Muda (25-45)
cust_4318,56,Urban,Low,55,2201.14,7311.41,703.83,121062,300,233,4897,38,2337.77,Daily,Wallet Balance,6,63.33,5,29531,Dewasa (45-65)
cust_4319,45,Rural,Low,888,19110.04,56362.67,7867.08,16969716,118,271,1161,6,2680.15,Weekly,Debit Card,6,35.62,6,1704553,Dewasa Muda (25-45)
cust_4320,68,Urban,Low,745,10466.13,43351.2,2767.45,7797265,336,132,1703,15,4941.15,Daily,UPI,14,64.92,5,787161,Senior (>65)
cust_4321,28,Rural,Low,277,18265.23,89642.76,2497.9,5059468,279,98,3379,27,905.25,Weekly,Wallet Balance,17,67.21,1,515952,Dewasa Muda (25-45)
cust_4322,36,Rural,High,443,457.1,2203.46,158.79,202495,144,102,139,34,3632.1,Weekly,Wallet Balance,12,59.31,1,23111,Dewasa Muda (25-45)
cust_4323,34,Suburban,Middle,883,12756.69,53224.22,4118.05,11264156,228,167,3432,14,2365.94,Monthly,Debit Card,0,29.89,6,1139496,Dewasa Muda (25-45)
cust_4324,68,Urban,Middle,418,6146.02,15418.5,2958.95,2569036,204,105,2202,6,4152.71,Daily,Credit Card,2,30.29,2,261831,Senior (>65)
cust_4325,34,Rural,Low,632,8642.26,10922.42,1424.69,5461909,229,86,658,34,2020.16,Monthly,UPI,1,69.62,3,552896,Dewasa Muda (25-45)
cust_4326,40,Urban,Low,225,17463.02,24334.85,6329.53,3929178,265,37,4408,47,1514.95,Weekly,Credit Card,7,24.91,6,411676,Dewasa Muda (25-45)
cust_4327,37,Suburban,Low,570,19600.62,19690.97,5676.92,11172354,137,160,4661,30,1038.93,Weekly,Debit Card,10,30.19,2,1131037,Dewasa Muda (25-45)
cust_4328,46,Suburban,Middle,255,4937.37,4974.95,1242.09,1259030,240,123,3437,37,4361.19,Monthly,Credit Card,20,21.65,6,140296,Dewasa (45-65)
cust_4329,32,Urban,Middle,176,18965.58,90004.73,7924.33,3337942,186,132,2748,7,3591.64,Weekly,Credit Card,13,37.47,6,344194,Dewasa Muda (25-45)
cust_4330,38,Urban,Low,566,13777.65,64866.12,5845.31,7798150,315,266,401,47,384.5,Monthly,Debit Card,11,44.34,2,787124,Dewasa Muda (25-45)
cust_4331,47,Rural,High,146,19028.76,69839.66,7342.06,2778199,151,283,851,37,3567.45,Daily,Wallet Balance,0,48.08,10,291438,Dewasa (45-65)
cust_4332,25,Suburban,Middle,771,11251.72,43957.16,1501.44,8675073,325,340,2708,15,175.08,Weekly,Credit Card,5,12.25,2,876335,Remaja (<25)
cust_4333,25,Suburban,Middle,664,19215.52,58661.78,4574.14,12759104,291,261,3868,33,908.13,Weekly,Debit Card,3,25.61,7,1293492,Remaja (<25)
cust_4334,51,Suburban,Low,385,17850.18,34832.3,2118.82,6872321,353,355,3178,0,2963.99,Monthly,Debit Card,16,71.71,9,701106,Dewasa (45-65)
cust_4335,23,Urban,High,262,2580.55,12019.01,612.81,676103,110,189,782,18,2317.55,Weekly,Debit Card,17,6.08,1,70815,Remaja (<25)
cust_4336,69,Rural,Low,531,6222.69,13134.64,2234.99,3304248,40,31,342,13,4202.42,Daily,Credit Card,16,27.43,8,338307,Senior (>65)
cust_4337,67,Urban,Low,854,4868.83,19274.18,1497.08,4157983,142,275,1786,18,3039.45,Daily,Wallet Balance,9,16.04,4,423650,Senior (>65)
cust_4338,35,Urban,High,371,11446.27,22683.55,4363.03,4246564,340,310,2903,22,4824.87,Daily,Credit Card,4,21.0,6,436250,Dewasa Muda (25-45)
cust_4339,47,Urban,High,683,16057.96,71949.2,5147.94,10967587,13,132,4671,3,4275.92,Weekly,Credit Card,4,34.17,3,1107262,Dewasa (45-65)
cust_4340,65,Rural,High,891,15190.63,54761.6,4896.33,13534855,53,176,781,33,1701.08,Monthly,UPI,19,71.05,10,1367497,Dewasa (45-65)
cust_4341,29,Urban,Middle,904,14537.72,51910.98,4425.08,13142094,80,304,3748,1,4170.75,Daily,Credit Card,0,58.68,1,1320720,Dewasa Muda (25-45)
cust_4342,65,Suburban,Low,197,7511.54,10437.06,1845.81,1479774,233,49,1338,11,4349.68,Daily,Debit Card,0,18.09,1,150578,Dewasa (45-65)
cust_4343,43,Suburban,Middle,948,2801.34,7501.64,780.53,2655671,351,172,3796,22,4848.62,Weekly,Debit Card,15,10.76,5,277934,Dewasa Muda (25-45)
cust_4344,61,Suburban,High,585,4219.57,13079.11,611.73,2468445,39,312,2870,42,62.81,Monthly,UPI,13,44.04,4,260753,Dewasa (45-65)
cust_4345,67,Rural,Middle,815,14836.13,32285.58,6435.96,12091447,227,330,691,17,4373.72,Monthly,UPI,9,63.22,8,1218039,Senior (>65)
cust_4346,68,Urban,High,597,2959.21,13387.17,1348.47,1766649,340,6,3878,31,349.48,Daily,UPI,6,15.22,3,190346,Senior (>65)
cust_4347,39,Rural,High,284,4466.7,19433.2,1815.75,1268544,121,76,3916,50,2640.58,Monthly,UPI,19,14.86,3,141366,Dewasa Muda (25-45)
cust_4348,30,Urban,Low,302,8496.81,25273.62,2833.13,2566035,65,204,658,16,2073.32,Daily,Credit Card,19,49.57,2,260482,Dewasa Muda (25-45)
cust_4349,37,Suburban,Low,132,1451.53,3425.79,475.62,191601,296,210,183,30,4599.41,Weekly,Credit Card,8,22.1,9,29226,Dewasa Muda (25-45)
cust_4350,45,Urban,Low,120,4261.71,17925.49,1227.93,511405,205,36,1203,35,2025.76,Daily,Debit Card,10,3.95,5,61033,Dewasa Muda (25-45)
cust_4351,19,Urban,Middle,728,3003.86,5369.61,578.36,2186813,135,281,2144,25,2980.21,Weekly,Credit Card,5,22.48,9,232979,Remaja (<25)
cust_4352,28,Urban,Low,136,19026.92,24469.86,4823.73,2587661,45,177,1703,11,3459.39,Daily,UPI,10,15.96,7,268542,Dewasa Muda (25-45)
cust_4353,38,Rural,High,628,3838.6,4540.46,1903.8,2410642,278,55,4431,34,95.15,Weekly,Wallet Balance,13,24.26,8,261278,Dewasa Muda (25-45)
cust_4354,23,Urban,Low,573,17236.78,19903.88,2728.95,9876672,135,169,3252,15,2954.66,Weekly,UPI,17,58.83,7,1001193,Remaja (<25)
cust_4355,33,Urban,Middle,529,2304.82,6812.01,730.8,1219247,52,313,402,3,2589.96,Monthly,UPI,0,48.81,5,126733,Dewasa Muda (25-45)
cust_4356,27,Urban,Low,34,17394.77,35159.25,7768.68,591422,229,327,235,27,2970.04,Daily,Wallet Balance,11,20.86,2,62827,Dewasa Muda (25-45)
cust_4357,46,Rural,Low,532,11992.68,45110.48,3372.35,6380106,356,48,605,37,378.72,Weekly,Wallet Balance,0,30.01,8,650731,Dewasa (45-65)
cust_4358,29,Rural,Low,208,16995.62,61448.8,5816.65,3535089,68,104,222,32,277.79,Daily,UPI,2,16.19,5,362014,Dewasa Muda (25-45)
cust_4359,49,Rural,Middle,970,17348.3,54960.8,7479.15,16827851,198,3,4010,36,887.72,Weekly,Credit Card,5,40.31,8,1701961,Dewasa (45-65)
cust_4360,33,Urban,High,674,11931.51,28771.32,3806.44,8041835,67,85,622,9,4347.5,Daily,Debit Card,12,17.06,5,809153,Dewasa Muda (25-45)
cust_4361,49,Suburban,High,299,18354.71,80794.2,7205.83,5488057,3,173,3334,30,1782.36,Monthly,Wallet Balance,4,66.84,1,558582,Dewasa (45-65)
cust_4362,26,Suburban,High,522,11713.11,44964.42,2798.37,6114244,58,276,1833,13,2170.16,Daily,Debit Card,8,20.16,10,625305,Dewasa Muda (25-45)
cust_4363,56,Suburban,Low,94,14254.18,29735.7,5604.87,1339892,256,329,2109,4,1950.83,Daily,Credit Card,15,51.55,9,146631,Dewasa (45-65)
cust_4364,27,Urban,Low,414,8327.45,25038.6,969.39,3447563,356,233,1252,9,3571.85,Daily,UPI,5,28.97,5,351374,Dewasa Muda (25-45)
cust_4365,64,Suburban,Middle,371,18282.21,29710.15,2946.36,6782701,265,164,238,24,1297.38,Daily,Credit Card,2,64.44,2,682497,Dewasa (45-65)
cust_4366,30,Suburban,High,409,16485.01,38164.53,5850.83,6742368,16,60,3841,40,341.97,Weekly,Credit Card,3,23.4,4,689747,Dewasa Muda (25-45)
cust_4367,46,Suburban,Low,383,3342.6,16674.74,934.53,1280213,268,78,1573,44,1890.87,Monthly,Debit Card,20,2.13,1,135621,Dewasa (45-65)
cust_4368,64,Urban,Low,441,11531.99,21857.47,4974.21,5085608,102,18,4702,16,3639.18,Weekly,Credit Card,3,8.53,4,521745,Dewasa (45-65)
cust_4369,44,Suburban,Low,878,17937.58,68040.99,4247.44,15749193,287,97,2432,50,4574.84,Daily,Wallet Balance,18,5.82,5,1587495,Dewasa Muda (25-45)
cust_4370,41,Suburban,Middle,447,15863.36,30991.84,6454.54,7090921,222,66,1164,19,254.11,Daily,UPI,8,23.01,2,715193,Dewasa Muda (25-45)
cust_4371,33,Urban,High,619,19251.43,91493.16,2996.39,11916635,21,31,4667,32,4052.48,Weekly,Wallet Balance,14,48.74,6,1208171,Dewasa Muda (25-45)
cust_4372,47,Rural,Middle,617,4633.72,10382.0,2187.39,2859005,21,238,976,8,330.9,Daily,Credit Card,8,37.65,4,292487,Dewasa (45-65)
cust_4373,37,Suburban,High,71,7355.52,17555.83,1966.69,522241,92,265,959,49,1653.3,Monthly,Debit Card,11,18.68,5,63215,Dewasa Muda (25-45)
cust_4374,53,Rural,High,943,10148.77,34256.54,1952.22,9570286,284,148,3178,30,111.51,Daily,Debit Card,4,71.91,10,976328,Dewasa (45-65)
cust_4375,32,Suburban,Low,84,4661.06,15625.95,1937.42,391528,133,148,2334,4,4557.71,Monthly,Wallet Balance,16,5.66,10,51942,Dewasa Muda (25-45)
cust_4376,38,Urban,Low,209,7886.96,26155.58,3779.07,1648375,327,47,4086,45,3533.94,Daily,Wallet Balance,16,45.25,5,180742,Dewasa Muda (25-45)
cust_4377,39,Rural,Low,259,10755.41,35417.76,5025.28,2785650,329,244,3424,28,1845.68,Monthly,Debit Card,13,57.92,4,291290,Dewasa Muda (25-45)
cust_4378,65,Rural,Low,239,3834.87,8623.66,748.47,916534,175,257,3284,50,1887.28,Weekly,Wallet Balance,6,69.02,1,103277,Dewasa (45-65)
cust_4379,23,Rural,Low,302,5141.19,14074.73,1896.09,1552639,213,83,886,46,3199.21,Weekly,Credit Card,18,26.16,5,165036,Remaja (<25)
cust_4380,56,Rural,High,232,2505.6,8453.23,798.64,581299,148,356,693,3,448.24,Daily,UPI,7,41.48,4,63591,Dewasa (45-65)
cust_4381,21,Suburban,Low,932,14270.49,52587.92,5566.09,13300100,232,142,180,30,725.24,Daily,UPI,5,18.87,6,1339007,Remaja (<25)
cust_4382,20,Suburban,Low,282,7237.42,14565.43,2133.4,2040953,165,129,1188,3,4236.12,Weekly,UPI,5,3.39,7,211653,Remaja (<25)
cust_4383,59,Rural,Middle,394,4413.12,16795.9,1270.56,1738769,314,10,3167,17,1011.57,Monthly,Debit Card,5,37.76,4,185405,Dewasa (45-65)
cust_4384,44,Suburban,Middle,418,10151.41,47641.63,4599.43,4243289,145,177,3074,17,3633.33,Weekly,Debit Card,18,42.94,3,433360,Dewasa Muda (25-45)
cust_4385,43,Rural,High,206,1374.3,5540.79,616.38,283106,298,210,1512,39,1129.01,Daily,Debit Card,18,20.54,1,35670,Dewasa Muda (25-45)
cust_4386,26,Rural,High,264,18468.9,24691.65,7665.3,4875789,223,42,3276,33,440.73,Weekly,UPI,20,17.5,2,499210,Dewasa Muda (25-45)
cust_4387,16,Urban,Middle,311,5896.41,16961.04,2252.18,1833782,353,124,2442,47,4500.16,Weekly,Wallet Balance,16,20.95,1,191712,Remaja (<25)
cust_4388,58,Rural,Middle,859,17730.42,48600.07,6584.13,15230432,62,187,4393,13,4508.36,Daily,Debit Card,1,38.23,9,1539875,Dewasa (45-65)
cust_4389,34,Suburban,Low,906,9957.43,23360.25,1219.51,9021427,96,25,1189,25,3026.56,Daily,Debit Card,1,49.31,4,909507,Dewasa Muda (25-45)
cust_4390,24,Rural,Low,697,17004.51,50423.14,6798.65,11852142,112,164,3735,22,2310.17,Daily,Credit Card,11,52.17,7,1200729,Remaja (<25)
cust_4391,42,Urban,High,626,4948.82,13651.49,1758.03,3097960,87,351,3976,32,2763.8,Weekly,Debit Card,8,20.67,6,325566,Dewasa Muda (25-45)
cust_4392,49,Suburban,Middle,79,3513.66,3600.38,776.39,277579,255,35,3473,16,2040.64,Monthly,Debit Card,4,61.79,1,36283,Dewasa (45-65)
cust_4393,59,Urban,High,869,16989.74,33065.79,7272.3,14764085,113,253,4078,41,3785.87,Weekly,UPI,16,35.45,2,1488771,Dewasa (45-65)
cust_4394,19,Urban,Low,342,4266.35,7914.62,1847.24,1459091,254,247,2187,31,3772.8,Monthly,UPI,17,39.92,4,155496,Remaja (<25)
cust_4395,51,Rural,High,813,14926.45,35779.26,7058.36,12135199,348,10,3374,47,4094.9,Monthly,Credit Card,5,17.21,6,1228920,Dewasa (45-65)
cust_4396,33,Urban,High,562,6898.23,11712.0,1844.19,3876805,322,264,2797,34,2614.63,Monthly,UPI,17,28.21,5,400367,Dewasa Muda (25-45)
cust_4397,30,Urban,High,832,14966.39,19025.36,4796.73,12452038,32,105,1234,50,4006.71,Daily,Wallet Balance,18,4.67,3,1253668,Dewasa Muda (25-45)
cust_4398,66,Suburban,Low,95,18153.85,32430.97,8394.01,1724615,64,220,1652,42,778.59,Daily,Wallet Balance,19,41.99,9,188576,Senior (>65)
cust_4399,28,Urban,High,770,19632.95,86713.79,4451.19,15117373,154,255,9,29,150.67,Daily,UPI,15,54.17,7,1521579,Dewasa Muda (25-45)
cust_4400,34,Rural,Low,941,7202.59,30165.59,3015.42,6777638,5,134,3571,14,3240.27,Monthly,Debit Card,12,39.59,6,690685,Dewasa Muda (25-45)
cust_4401,64,Rural,Middle,351,7356.84,20366.57,3654.78,2582251,330,206,4166,49,527.38,Monthly,Credit Card,16,24.18,5,276193,Dewasa (45-65)
cust_4402,21,Rural,High,62,19627.94,88546.75,7081.26,1216932,210,124,3702,50,2753.35,Monthly,Debit Card,9,60.27,8,140720,Remaja (<25)
cust_4403,63,Urban,High,142,17231.95,33269.07,8503.65,2446936,92,216,2307,6,3605.62,Weekly,Debit Card,14,5.09,8,256104,Dewasa (45-65)
cust_4404,27,Suburban,Low,842,911.39,3041.15,279.18,767389,222,64,4323,5,2035.43,Monthly,Credit Card,17,18.66,10,94867,Dewasa Muda (25-45)
cust_4405,66,Rural,High,734,11473.27,18032.53,1849.74,8421376,190,302,777,8,219.36,Daily,UPI,6,4.55,10,854381,Senior (>65)
cust_4406,52,Urban,Low,868,3633.08,15744.34,618.49,3153516,60,360,4475,12,4435.66,Weekly,Credit Card,5,28.9,10,333283,Dewasa (45-65)
cust_4407,32,Rural,High,111,19880.31,30264.32,7804.01,2206714,205,38,2379,39,216.23,Monthly,Wallet Balance,15,18.78,10,239221,Dewasa Muda (25-45)
cust_4408,38,Rural,Middle,616,2787.07,3142.26,279.72,1716835,212,248,925,17,4523.76,Daily,Debit Card,20,49.46,5,177971,Dewasa Muda (25-45)
cust_4409,41,Suburban,Middle,527,11191.36,23432.21,4082.11,5897846,258,153,3640,34,263.15,Monthly,Wallet Balance,7,6.58,1,601333,Dewasa Muda (25-45)
cust_4410,44,Rural,Middle,782,13307.32,61263.43,2135.94,10406320,89,222,2464,0,3675.8,Daily,Credit Card,2,3.39,3,1046722,Dewasa Muda (25-45)
cust_4411,48,Suburban,High,671,18741.92,28447.02,9253.78,12575829,236,342,164,23,4624.23,Daily,UPI,14,40.26,4,1261898,Dewasa (45-65)
cust_4412,42,Urban,High,157,16946.69,39361.76,2800.46,2660630,363,258,2897,49,4534.9,Daily,Credit Card,15,54.01,1,275489,Dewasa Muda (25-45)
cust_4413,40,Rural,Middle,539,4922.64,11153.02,1580.1,2653301,332,24,3267,35,4466.92,Monthly,Wallet Balance,12,34.25,1,274130,Dewasa Muda (25-45)
cust_4414,25,Urban,Middle,597,11456.75,48193.81,4213.55,6839681,196,357,4334,49,4415.39,Daily,Wallet Balance,7,20.97,4,699328,Remaja (<25)
cust_4415,62,Urban,Low,9,19071.94,51229.18,8158.95,171647,332,67,2326,15,2552.05,Monthly,Debit Card,4,36.4,4,26040,Dewasa (45-65)
cust_4416,38,Urban,Low,276,14716.98,50718.66,4175.29,4061886,183,249,4089,17,2788.45,Daily,Debit Card,10,25.02,7,421672,Dewasa Muda (25-45)
cust_4417,36,Rural,Middle,227,13769.84,36043.01,6520.29,3125754,251,235,2117,2,3098.59,Monthly,Debit Card,8,22.03,6,321460,Dewasa Muda (25-45)
cust_4418,36,Suburban,Middle,186,15100.47,48409.52,4410.83,2808687,224,90,1798,45,4479.74,Weekly,Debit Card,8,32.75,1,287724,Dewasa Muda (25-45)
cust_4419,58,Rural,High,591,6456.9,8069.59,1296.7,3816027,171,94,4114,41,4190.8,Daily,UPI,11,44.6,1,392835,Dewasa (45-65)
cust_4420,28,Urban,Middle,216,14587.75,36412.75,4919.2,3150954,198,349,2285,36,3914.89,Monthly,Credit Card,6,42.08,6,327308,Dewasa Muda (25-45)
cust_4421,52,Suburban,Low,433,4664.77,20620.24,1694.25,2019843,249,327,3444,7,3378.62,Monthly,Credit Card,2,8.68,7,214883,Dewasa (45-65)
cust_4422,48,Urban,Low,569,8567.77,32251.42,2595.66,4875063,181,189,3386,17,3091.92,Monthly,Credit Card,3,16.5,2,496432,Dewasa (45-65)
cust_4423,39,Suburban,Low,656,17799.68,87704.64,7000.13,11676588,277,137,2117,28,4612.33,Daily,UPI,14,1.5,3,1175386,Dewasa Muda (25-45)
cust_4424,59,Rural,Low,356,389.23,1615.97,104.42,138567,275,173,197,36,963.22,Weekly,Credit Card,5,32.11,2,19369,Dewasa (45-65)
cust_4425,26,Suburban,Low,843,8292.23,23268.32,843.61,6990349,161,16,3333,26,963.63,Daily,Credit Card,0,55.68,6,713819,Dewasa Muda (25-45)
cust_4426,32,Rural,Low,392,5343.77,19799.31,1099.83,2094756,248,364,2891,43,4912.35,Daily,UPI,1,30.41,1,218101,Dewasa Muda (25-45)
cust_4427,19,Urban,Middle,579,3979.81,16331.75,1903.79,2304307,319,232,193,28,2765.8,Weekly,Debit Card,19,71.95,7,239233,Remaja (<25)
cust_4428,62,Suburban,Low,275,16773.12,34866.87,6797.97,4612608,188,174,131,3,2416.87,Weekly,Debit Card,18,54.27,10,470614,Dewasa (45-65)
cust_4429,40,Urban,Low,494,13933.01,17277.93,2449.61,6882905,19,101,1093,11,4252.98,Weekly,UPI,7,27.62,2,691450,Dewasa Muda (25-45)
cust_4430,45,Suburban,Low,617,2261.53,5932.87,286.45,1395362,244,186,766,12,4248.84,Daily,UPI,12,70.1,5,145143,Dewasa Muda (25-45)
cust_4431,24,Rural,Low,451,9894.32,15620.09,2377.79,4462339,113,30,3768,13,882.99,Weekly,Debit Card,6,46.49,1,455628,Remaja (<25)
cust_4432,36,Suburban,Middle,420,9343.45,19705.0,4059.92,3924247,278,312,2793,13,867.86,Weekly,UPI,1,66.28,10,408876,Dewasa Muda (25-45)
cust_4433,35,Suburban,High,985,2859.13,13687.75,407.12,2816243,51,350,1468,50,3976.32,Weekly,Credit Card,11,7.2,10,297572,Dewasa Muda (25-45)
cust_4434,34,Rural,High,700,15997.26,70201.25,5076.59,11198079,344,288,2418,9,3928.16,Daily,Wallet Balance,3,40.59,7,1130579,Dewasa Muda (25-45)
cust_4435,34,Rural,High,164,7339.81,24734.11,1541.36,1203729,123,78,229,21,1125.93,Weekly,Wallet Balance,9,65.5,5,127367,Dewasa Muda (25-45)
cust_4436,27,Rural,High,779,15241.14,39703.57,5951.69,11872845,238,23,4850,8,4207.55,Daily,Credit Card,5,47.21,5,1200680,Dewasa Muda (25-45)
cust_4437,52,Suburban,Low,563,3849.33,7919.31,385.56,2167173,319,17,3644,23,2400.26,Weekly,UPI,1,71.16,8,233105,Dewasa (45-65)
cust_4438,57,Urban,High,638,6308.32,20728.08,1330.23,4024707,62,122,3399,49,2349.95,Weekly,Debit Card,5,71.7,8,420993,Dewasa (45-65)
cust_4439,32,Suburban,High,592,1912.47,5991.07,710.86,1132180,74,228,3284,16,4928.47,Monthly,Wallet Balance,10,57.23,8,126921,Dewasa Muda (25-45)
cust_4440,52,Suburban,Middle,183,2878.15,11866.97,917.27,526701,245,175,2230,23,2596.07,Monthly,Wallet Balance,19,20.79,3,61132,Dewasa (45-65)
cust_4441,69,Urban,Middle,310,17664.84,83238.14,7269.9,5476099,32,41,2402,4,685.23,Daily,Credit Card,10,61.6,8,560471,Senior (>65)
cust_4442,63,Rural,Middle,17,2191.16,5074.18,357.31,37249,153,15,4660,33,1400.78,Monthly,Debit Card,8,50.95,5,20644,Dewasa (45-65)
cust_4443,54,Suburban,Low,446,1923.67,3511.05,600.93,857955,144,214,1618,41,1668.41,Monthly,Wallet Balance,1,8.55,1,93297,Dewasa (45-65)
cust_4444,43,Urban,Low,170,18808.14,49111.79,3353.64,3197384,15,91,813,0,4792.33,Monthly,Credit Card,8,28.53,4,322968,Dewasa Muda (25-45)
cust_4445,56,Rural,Low,280,12921.61,35536.56,4596.06,3618050,304,52,3248,26,1320.19,Daily,Debit Card,20,63.09,5,375240,Dewasa (45-65)
cust_4446,50,Rural,Middle,913,2027.31,2350.63,309.24,1850934,274,316,4546,39,2152.01,Weekly,UPI,15,51.25,8,205009,Dewasa (45-65)
cust_4447,62,Suburban,High,816,19434.62,86421.59,3099.38,15858647,245,57,486,7,3748.18,Daily,Credit Card,14,31.34,10,1595662,Dewasa (45-65)
cust_4448,63,Rural,Middle,340,2950.53,14700.63,682.4,1003179,279,289,1690,5,1370.48,Monthly,Wallet Balance,5,44.52,2,105512,Dewasa (45-65)
cust_4449,33,Rural,Low,726,15329.25,71937.64,3997.29,11129036,55,149,3320,4,3508.21,Daily,Credit Card,15,67.51,6,1124189,Dewasa Muda (25-45)
cust_4450,29,Urban,Middle,710,706.68,3139.53,211.6,501741,42,20,2000,17,1037.59,Daily,Credit Card,10,43.43,4,59355,Dewasa Muda (25-45)
cust_4451,50,Urban,High,519,12494.59,62103.13,4151.74,6484692,359,324,4302,6,1212.59,Daily,Wallet Balance,12,17.16,3,660066,Dewasa (45-65)
cust_4452,59,Rural,Low,910,10938.61,50659.26,3145.13,9954135,52,101,1267,35,4931.66,Weekly,UPI,13,48.52,9,1007981,Dewasa (45-65)
cust_4453,56,Urban,High,11,4168.0,15644.45,492.89,45847,11,357,678,32,1844.72,Weekly,Wallet Balance,8,19.9,5,13218,Dewasa (45-65)
cust_4454,22,Rural,High,524,12866.49,21448.78,3054.3,6742041,311,188,2261,33,3648.43,Monthly,Wallet Balance,2,44.95,2,682201,Remaja (<25)
cust_4455,56,Suburban,Low,622,12344.89,20065.39,1537.59,7678521,88,33,1107,31,4200.32,Weekly,UPI,6,46.76,3,774065,Dewasa (45-65)
cust_4456,28,Urban,High,133,15969.05,19084.92,2351.18,2123883,227,31,3106,50,1734.26,Monthly,Wallet Balance,19,26.67,9,231733,Dewasa Muda (25-45)
cust_4457,33,Rural,Middle,901,17518.72,46377.73,2402.33,15784368,114,162,2862,2,1785.85,Weekly,Debit Card,19,53.59,8,1591467,Dewasa Muda (25-45)
cust_4458,52,Rural,High,640,10207.0,43229.66,1666.17,6532478,25,278,4164,0,3865.44,Monthly,Debit Card,3,21.8,6,665643,Dewasa (45-65)
cust_4459,28,Urban,High,148,9811.0,29052.18,4171.33,1452028,92,362,2241,20,3035.01,Daily,Wallet Balance,4,2.05,8,158167,Dewasa Muda (25-45)
cust_4460,51,Urban,High,566,12435.7,30657.57,4365.29,7038605,87,286,2344,12,1808.76,Monthly,Debit Card,3,25.9,1,709844,Dewasa (45-65)
cust_4461,46,Suburban,Middle,823,14586.86,20960.49,4415.62,12004985,81,5,556,7,3747.83,Weekly,Credit Card,7,62.22,2,1202436,Dewasa (45-65)
cust_4462,17,Rural,High,954,7129.86,8605.84,2801.34,6801888,250,169,3347,43,4318.53,Monthly,Debit Card,3,41.96,6,695023,Remaja (<25)
cust_4463,31,Suburban,High,79,10097.79,26221.1,4892.27,797725,250,173,1655,29,1175.19,Weekly,Debit Card,10,61.31,5,90394,Dewasa Muda (25-45)
cust_4464,24,Suburban,Middle,346,11706.23,16385.23,3126.38,4050356,210,215,966,7,121.78,Daily,Credit Card,12,10.13,1,408606,Remaja (<25)
cust_4465,24,Suburban,Low,609,19767.68,27955.31,4881.92,12038515,9,317,291,26,1370.74,Daily,Debit Card,14,14.7,4,1210348,Remaja (<25)
cust_4466,53,Urban,Low,249,11758.37,30352.97,5774.64,2927833,99,117,4698,38,3372.45,Weekly,Wallet Balance,15,12.69,8,312293,Dewasa (45-65)
cust_4467,26,Suburban,Low,639,4491.49,13525.55,1834.92,2870061,36,255,4421,22,4576.26,Monthly,Credit Card,9,56.74,9,304760,Dewasa Muda (25-45)
cust_4468,69,Urban,High,542,11763.92,20548.41,4833.14,6376043,57,269,1175,7,4315.32,Daily,Credit Card,19,44.47,1,639496,Senior (>65)
cust_4469,37,Urban,Low,24,16391.8,61281.43,5572.83,393403,63,252,675,14,1110.85,Monthly,Wallet Balance,9,24.88,2,43534,Dewasa Muda (25-45)
cust_4470,48,Suburban,Middle,471,17149.5,45870.93,5192.93,8077414,338,206,3283,6,4405.0,Daily,Wallet Balance,0,56.43,3,815704,Dewasa (45-65)
cust_4471,51,Suburban,High,201,16007.01,21892.63,5126.03,3217408,276,209,180,11,4053.66,Daily,Wallet Balance,5,31.91,7,328174,Dewasa (45-65)
cust_4472,60,Rural,High,131,17765.31,63033.73,6410.33,2327255,213,163,360,49,3672.0,Monthly,Debit Card,11,44.71,5,241509,Dewasa (45-65)
cust_4473,38,Suburban,High,634,6701.98,16270.93,1680.43,4249054,303,274,2471,35,3441.13,Weekly,Debit Card,0,61.68,2,433626,Dewasa Muda (25-45)
cust_4474,60,Rural,Low,356,10156.34,12281.91,4193.73,3615655,20,140,609,37,4035.46,Weekly,Debit Card,4,31.19,3,367465,Dewasa (45-65)
cust_4475,60,Suburban,Low,944,15594.03,74725.42,7230.77,14720760,247,169,329,42,4308.65,Weekly,Wallet Balance,17,54.41,8,1482779,Dewasa (45-65)
cust_4476,49,Suburban,Low,839,5296.35,17397.4,1739.92,4443641,6,144,1249,29,4095.56,Weekly,UPI,14,41.16,4,451714,Dewasa (45-65)
cust_4477,24,Suburban,High,150,7437.91,21650.88,1878.74,1115686,73,222,4258,9,609.24,Monthly,Debit Card,3,65.45,10,130680,Remaja (<25)
cust_4478,39,Suburban,Middle,526,16624.8,73756.76,6288.1,8744645,107,269,1855,18,3610.77,Monthly,UPI,2,33.34,9,887169,Dewasa Muda (25-45)
cust_4479,23,Rural,High,304,15404.01,73122.26,2662.83,4682819,93,76,812,17,4206.52,Daily,Credit Card,3,22.2,6,475502,Remaja (<25)
cust_4480,22,Rural,Middle,541,19424.28,36542.65,9467.96,10508535,285,118,492,43,928.53,Daily,Wallet Balance,9,20.13,8,1063673,Remaja (<25)
cust_4481,51,Suburban,High,50,19919.52,84470.28,7234.67,995976,356,98,1829,48,1068.99,Daily,Wallet Balance,19,14.55,10,117521,Dewasa (45-65)
cust_4482,33,Suburban,Middle,464,4822.48,20853.96,612.59,2237632,219,33,470,19,3929.88,Monthly,Credit Card,11,26.31,6,230638,Dewasa Muda (25-45)
cust_4483,18,Rural,High,240,18010.0,21929.17,5617.32,4322398,49,338,1380,1,1719.65,Daily,Debit Card,8,31.83,2,436240,Remaja (<25)
cust_4484,43,Urban,High,482,1899.36,7308.33,760.0,915493,364,67,4436,29,1998.51,Monthly,Debit Card,3,10.62,10,112322,Dewasa Muda (25-45)
cust_4485,21,Urban,Middle,906,14198.91,17775.21,2997.93,12864208,295,310,2202,50,1885.8,Monthly,Debit Card,1,53.24,8,1302882,Remaja (<25)
cust_4486,59,Urban,Middle,455,4409.79,14899.32,530.92,2006452,288,6,4855,43,1064.16,Monthly,UPI,6,67.59,7,221123,Dewasa (45-65)
cust_4487,59,Rural,Middle,985,6013.22,22110.29,1777.9,5923021,177,292,3264,42,4693.97,Daily,Credit Card,11,30.24,4,604683,Dewasa (45-65)
cust_4488,36,Rural,Middle,283,18926.96,46716.18,8203.89,5356329,299,241,2632,46,4029.3,Weekly,UPI,11,66.69,6,549482,Dewasa Muda (25-45)
cust_4489,43,Urban,Middle,335,5270.39,23838.78,1057.31,1765581,108,55,3330,42,1252.7,Monthly,Debit Card,20,30.96,9,195791,Dewasa Muda (25-45)
cust_4490,55,Urban,Middle,352,13466.83,56588.23,5209.04,4740322,284,71,3301,10,530.44,Daily,UPI,17,16.64,1,482369,Dewasa (45-65)
cust_4491,69,Suburban,Middle,668,3570.79,16796.42,939.53,2385286,301,94,4321,21,1863.05,Daily,Credit Card,0,62.0,9,257339,Senior (>65)
cust_4492,69,Rural,Middle,649,1876.87,4240.89,232.46,1218085,65,143,3293,41,2076.54,Weekly,Debit Card,6,65.01,10,141456,Senior (>65)
cust_4493,16,Rural,High,327,6792.95,7377.9,1505.22,2221293,306,22,1039,18,35.46,Monthly,UPI,18,46.35,4,229989,Remaja (<25)
cust_4494,51,Urban,Middle,336,12487.68,53020.75,2816.73,4195860,54,49,3868,2,4435.76,Monthly,Credit Card,12,66.5,1,426304,Dewasa (45-65)
cust_4495,36,Urban,Middle,666,4966.42,9396.02,2293.82,3307638,307,136,1989,3,4256.42,Daily,Debit Card,19,25.76,8,340913,Dewasa Muda (25-45)
cust_4496,58,Rural,High,995,6010.37,17241.5,2961.31,5980322,299,231,2765,34,4250.82,Monthly,Debit Card,4,23.63,8,612836,Dewasa (45-65)
cust_4497,50,Suburban,High,81,14177.51,60527.82,2607.34,1148378,320,100,2505,46,4029.02,Weekly,Wallet Balance,18,61.7,9,131433,Dewasa (45-65)
cust_4498,28,Urban,Low,87,2064.89,3850.08,562.07,179645,30,293,2263,37,3665.63,Monthly,Debit Card,6,20.94,10,34357,Dewasa Muda (25-45)
cust_4499,64,Rural,Low,776,8943.63,20102.02,4388.47,6940259,246,200,611,8,3172.6,Daily,Wallet Balance,19,62.5,1,695461,Dewasa (45-65)
cust_4500,69,Rural,Middle,258,18835.27,51916.04,4951.93,4859500,210,334,2583,7,4801.45,Monthly,Debit Card,14,17.92,2,491415,Senior (>65)
cust_4501,69,Suburban,Middle,991,7945.46,16584.56,1904.28,7873954,221,121,1798,33,3558.65,Monthly,UPI,16,50.34,6,798512,Senior (>65)
cust_4502,25,Suburban,Low,185,8689.68,24724.62,1250.9,1607590,170,227,4528,50,3151.23,Monthly,UPI,20,59.11,5,178239,Remaja (<25)
cust_4503,68,Urban,Low,692,14766.7,15333.55,5926.08,10218559,343,239,4335,46,3944.13,Monthly,Debit Card,1,62.63,3,1036153,Senior (>65)
cust_4504,59,Urban,Middle,698,15582.44,28808.07,4344.42,10876543,214,277,4071,30,1231.33,Daily,Debit Card,6,69.52,3,1101180,Dewasa (45-65)
cust_4505,62,Urban,Low,123,15394.43,66661.18,5472.18,1893515,322,101,4911,39,4835.73,Daily,Wallet Balance,10,22.33,9,209655,Dewasa (45-65)
cust_4506,68,Rural,Middle,889,19957.36,52965.4,6065.89,17742094,69,187,101,18,95.81,Monthly,UPI,17,39.64,1,1777163,Senior (>65)
cust_4507,25,Urban,High,96,1438.31,5099.7,244.25,138077,234,159,664,36,3242.02,Daily,UPI,19,68.91,4,21114,Remaja (<25)
cust_4508,61,Rural,High,605,19645.24,37898.65,3350.46,11885372,15,6,3114,31,385.47,Daily,Debit Card,1,1.73,7,1204672,Dewasa (45-65)
cust_4509,28,Urban,Low,515,19004.29,68406.22,9044.19,9787209,134,170,1590,43,4266.53,Daily,Wallet Balance,6,44.69,5,989067,Dewasa Muda (25-45)
cust_4510,52,Suburban,High,904,17044.26,85219.5,7768.9,15408007,206,180,2368,43,4838.2,Monthly,Debit Card,14,11.62,9,1556417,Dewasa (45-65)
cust_4511,53,Suburban,High,443,9087.97,30727.8,3128.57,4025970,24,212,4508,27,2043.05,Monthly,UPI,18,32.26,10,423291,Dewasa (45-65)
cust_4512,39,Rural,High,514,17419.34,61201.7,1750.6,8953539,85,164,927,40,4285.82,Monthly,UPI,1,6.97,8,907065,Dewasa Muda (25-45)
cust_4513,17,Suburban,High,991,4424.44,6398.09,1209.28,4384619,142,128,4036,17,1678.61,Monthly,UPI,1,24.89,1,448394,Remaja (<25)
cust_4514,37,Rural,Middle,958,15835.2,41385.71,4943.29,15170121,140,296,4129,24,797.02,Weekly,UPI,1,50.11,8,1535271,Dewasa Muda (25-45)
cust_4515,32,Rural,Middle,371,3712.91,16496.1,1038.78,1377490,324,218,1850,9,1383.25,Monthly,Debit Card,10,58.63,10,151657,Dewasa Muda (25-45)
cust_4516,51,Suburban,Low,305,16309.09,70733.94,7668.2,4974271,122,141,444,4,1509.21,Monthly,UPI,5,40.85,10,507960,Dewasa (45-65)
cust_4517,29,Rural,High,357,12294.44,37984.85,1430.41,4389114,300,132,4275,14,3153.34,Monthly,Debit Card,13,31.97,5,452284,Dewasa Muda (25-45)
cust_4518,25,Suburban,High,148,1969.65,9087.58,712.96,291507,341,354,1854,24,3980.74,Weekly,UPI,9,25.32,6,39268,Remaja (<25)
cust_4519,50,Urban,High,285,17907.44,28145.98,4038.75,5103619,179,251,1689,19,1026.08,Monthly,UPI,0,65.39,1,516126,Dewasa (45-65)
cust_4520,40,Urban,Low,657,11563.36,42006.9,3744.11,7597130,208,101,716,50,441.03,Weekly,Credit Card,18,15.03,5,770924,Dewasa Muda (25-45)
cust_4521,18,Suburban,Middle,842,13128.4,26198.18,4757.3,11054115,166,320,968,9,1108.26,Weekly,Wallet Balance,10,49.57,4,1111693,Remaja (<25)
cust_4522,62,Suburban,High,873,5677.37,20337.72,1568.82,4956340,41,98,4407,48,1482.69,Monthly,Credit Card,12,11.0,9,517506,Dewasa (45-65)
cust_4523,53,Suburban,Middle,918,17433.99,23528.9,2778.1,16004406,122,336,4101,37,1399.07,Monthly,Credit Card,11,64.88,4,1615643,Dewasa (45-65)
cust_4524,32,Suburban,Low,262,10908.56,52082.24,3355.64,2858043,44,279,2595,40,1099.75,Weekly,UPI,4,21.26,6,300444,Dewasa Muda (25-45)
cust_4525,27,Urban,Middle,574,8428.19,34937.63,3988.07,4837783,75,186,637,27,2330.0,Daily,Wallet Balance,18,27.36,10,496587,Dewasa Muda (25-45)
cust_4526,69,Rural,High,491,10690.29,19283.64,3360.52,5248933,348,343,4553,48,4279.91,Weekly,Credit Card,7,14.0,3,539659,Senior (>65)
cust_4527,67,Rural,Middle,738,14069.23,49933.19,2098.79,10383090,272,143,1764,49,501.74,Weekly,Credit Card,11,67.32,9,1055486,Senior (>65)
cust_4528,39,Urban,Middle,31,13904.01,56124.67,5974.07,431024,166,345,2618,45,4310.15,Monthly,Debit Card,4,64.03,8,58683,Dewasa Muda (25-45)
cust_4529,44,Rural,Low,702,7157.97,13154.79,1350.69,5024892,250,349,3551,5,2485.04,Monthly,Wallet Balance,11,34.6,9,517848,Dewasa Muda (25-45)
cust_4530,58,Urban,Low,887,7711.31,10590.11,1913.07,6839934,86,356,2115,10,3302.34,Daily,Credit Card,10,3.14,10,697572,Dewasa (45-65)
cust_4531,40,Rural,Low,268,11249.14,27078.02,3054.17,3014769,137,79,119,18,4076.84,Weekly,Credit Card,4,65.22,6,307476,Dewasa Muda (25-45)
cust_4532,51,Suburban,Low,12,18488.9,28528.69,4361.16,221866,333,357,847,15,1521.63,Weekly,Debit Card,7,69.35,8,32619,Dewasa (45-65)
cust_4533,41,Suburban,Middle,191,14911.15,48652.8,3903.45,2848029,39,355,874,31,4771.17,Daily,UPI,15,5.97,1,288265,Dewasa Muda (25-45)
cust_4534,53,Suburban,Middle,400,7814.4,21071.2,3267.92,3125758,87,39,2994,1,418.68,Daily,Credit Card,19,44.22,1,319454,Dewasa (45-65)
cust_4535,16,Urban,Low,537,6747.28,19227.71,1277.55,3623290,155,303,3057,38,2638.33,Weekly,Wallet Balance,2,68.86,10,380923,Remaja (<25)
cust_4536,35,Urban,Low,918,10477.5,33228.9,3019.27,9618342,160,37,3316,25,1274.02,Weekly,Debit Card,5,50.45,4,974329,Dewasa Muda (25-45)
cust_4537,43,Rural,High,91,17401.13,85756.39,1879.38,1583502,64,348,3651,20,2039.73,Daily,Wallet Balance,4,37.65,1,167632,Dewasa Muda (25-45)
cust_4538,31,Rural,High,600,183.5,765.29,55.61,110098,223,286,1864,37,2244.32,Monthly,Wallet Balance,9,25.29,7,24315,Dewasa Muda (25-45)
cust_4539,62,Rural,Low,844,14212.62,49998.36,2056.22,11995448,362,324,1320,14,4572.56,Weekly,Wallet Balance,20,53.54,4,1205298,Dewasa (45-65)
cust_4540,32,Urban,Middle,501,5897.3,14476.82,1255.5,2954547,346,7,1738,12,2207.91,Weekly,Debit Card,11,71.12,1,300026,Dewasa Muda (25-45)
cust_4541,55,Rural,Low,786,4175.87,4628.02,960.24,3282230,146,353,4020,6,3489.74,Weekly,Wallet Balance,20,46.39,1,336118,Dewasa (45-65)
cust_4542,43,Suburban,Middle,301,252.64,370.4,33.59,76044,204,303,933,2,4758.82,Weekly,Credit Card,14,36.84,6,13291,Dewasa Muda (25-45)
cust_4543,27,Rural,Middle,111,17932.85,70358.97,4379.68,1990545,67,303,2675,14,2472.66,Daily,Debit Card,2,12.92,6,210568,Dewasa Muda (25-45)
cust_4544,42,Suburban,High,80,18245.85,45191.6,5459.58,1459667,5,210,3676,19,2041.55,Daily,Credit Card,20,62.15,6,160198,Dewasa Muda (25-45)
cust_4545,69,Urban,Low,836,1237.73,2893.51,337.21,1034746,59,79,2661,2,4864.84,Daily,UPI,19,28.25,9,115564,Senior (>65)
cust_4546,68,Suburban,Low,652,10441.09,47568.69,2215.29,6807589,76,355,1371,26,4138.38,Daily,Credit Card,3,55.63,7,691031,Senior (>65)
cust_4547,57,Suburban,Middle,433,3059.96,8990.28,666.89,1324964,260,357,274,14,4698.86,Daily,Wallet Balance,6,25.69,7,139094,Dewasa (45-65)
cust_4548,62,Suburban,Low,417,15176.16,69784.68,5363.76,6328460,248,133,2677,2,1986.13,Monthly,UPI,0,9.58,1,638406,Dewasa (45-65)
cust_4549,45,Urban,High,214,13311.18,60519.98,5156.2,2848591,16,176,3136,27,3481.62,Monthly,Wallet Balance,7,48.48,8,300090,Dewasa Muda (25-45)
cust_4550,56,Urban,High,447,5949.64,7857.85,1967.03,2659491,75,87,68,46,1248.05,Monthly,Debit Card,16,39.74,6,276061,Dewasa (45-65)
cust_4551,49,Urban,Low,18,2348.04,11227.02,1151.65,42264,356,249,2774,0,4329.11,Monthly,Debit Card,19,11.71,5,12609,Dewasa (45-65)
cust_4552,52,Urban,Low,54,16626.1,21743.94,7946.44,897809,176,217,4404,19,4665.4,Daily,UPI,10,59.89,6,104156,Dewasa (45-65)
cust_4553,21,Rural,High,880,13488.31,65472.57,1880.1,11869710,322,351,2194,10,1339.33,Daily,Credit Card,6,22.48,9,1200689,Remaja (<25)
cust_4554,22,Urban,Low,609,146.33,411.26,29.93,89115,136,92,577,24,524.66,Monthly,Wallet Balance,10,32.44,4,16203,Remaja (<25)
cust_4555,47,Suburban,Middle,795,12561.16,50790.32,5619.33,9986119,277,207,4271,3,1003.67,Daily,Credit Card,10,36.27,7,1013952,Dewasa (45-65)
cust_4556,47,Urban,Low,746,16207.82,61988.05,1813.09,12091031,282,232,2248,18,3164.16,Daily,Wallet Balance,20,18.49,3,1216817,Dewasa (45-65)
cust_4557,68,Rural,Middle,979,11819.45,36332.76,3981.72,11571244,168,308,3407,27,1360.92,Weekly,Wallet Balance,20,36.65,2,1167958,Senior (>65)
cust_4558,40,Rural,Low,240,8500.03,29561.56,4095.31,2040006,30,199,3198,9,3193.05,Weekly,Credit Card,14,5.81,3,212700,Dewasa Muda (25-45)
cust_4559,48,Rural,Low,846,11682.53,56072.31,4339.91,9883419,322,38,1174,20,1750.94,Monthly,Debit Card,5,14.28,7,998814,Dewasa (45-65)
cust_4560,22,Suburban,High,921,12398.04,58387.42,1695.72,11418598,336,77,1184,35,4584.18,Daily,Debit Card,18,20.57,6,1151435,Remaja (<25)
cust_4561,67,Urban,Middle,418,12804.29,46317.02,5110.54,5352194,269,67,229,15,2262.99,Weekly,UPI,12,26.51,3,539045,Senior (>65)
cust_4562,27,Urban,High,856,19341.23,70225.59,4846.79,16556093,1,185,1945,32,2488.11,Daily,Credit Card,15,18.67,4,1665455,Dewasa Muda (25-45)
cust_4563,31,Urban,Low,486,3581.17,7118.49,1678.18,1740448,171,275,3984,44,1740.32,Weekly,Debit Card,11,34.42,1,186542,Dewasa Muda (25-45)
cust_4564,31,Suburban,High,444,12465.63,53782.89,2674.21,5534740,129,90,1204,50,365.19,Monthly,Debit Card,18,47.8,7,567699,Dewasa Muda (25-45)
cust_4565,58,Suburban,Low,566,3767.99,13302.55,1090.05,2132680,168,286,845,45,2468.18,Daily,Wallet Balance,18,25.51,5,223223,Dewasa (45-65)
cust_4566,68,Rural,Low,599,4207.03,18111.26,1677.1,2520013,61,348,3788,12,3871.82,Daily,Wallet Balance,6,3.66,1,259841,Senior (>65)
cust_4567,51,Rural,Low,773,13388.47,48619.0,2718.07,10349283,117,207,426,28,4765.07,Weekly,Debit Card,17,46.0,4,1040197,Dewasa (45-65)
cust_4568,28,Urban,Middle,748,18319.92,40254.0,3164.09,13703301,322,18,3153,3,382.88,Monthly,UPI,13,63.47,4,1380744,Dewasa Muda (25-45)
cust_4569,22,Suburban,Middle,123,3189.29,5606.54,322.38,392283,123,244,1427,41,3986.99,Weekly,Debit Card,13,9.84,7,51188,Remaja (<25)
cust_4570,51,Suburban,Middle,420,19249.69,25175.96,5682.21,8084868,260,319,477,26,1335.31,Monthly,UPI,15,14.14,6,817373,Dewasa (45-65)
cust_4571,62,Urban,High,566,6394.25,21382.25,3014.55,3619147,226,7,1954,7,4114.09,Monthly,UPI,17,3.1,10,374465,Dewasa (45-65)
cust_4572,66,Urban,Low,216,7832.37,16731.55,1665.12,1691791,292,188,1056,40,1710.07,Monthly,Wallet Balance,8,16.51,10,184436,Senior (>65)
cust_4573,24,Rural,High,420,3082.08,10855.2,361.69,1294473,352,88,4845,45,572.17,Daily,UPI,20,21.99,4,147351,Remaja (<25)
cust_4574,47,Rural,High,709,12320.56,15211.29,4289.68,8735279,186,116,2640,7,3060.1,Weekly,Credit Card,3,33.37,5,882977,Dewasa (45-65)
cust_4575,26,Rural,Low,551,11932.45,29862.76,1461.34,6574777,85,63,2914,24,4469.52,Daily,Credit Card,6,50.67,2,665470,Dewasa Muda (25-45)
cust_4576,23,Urban,High,966,8850.97,18075.57,2679.76,8550039,218,344,3531,25,907.94,Daily,Wallet Balance,10,31.74,7,871111,Remaja (<25)
cust_4577,48,Urban,Low,877,9527.07,23639.86,2406.65,8355237,143,75,513,0,109.03,Daily,Debit Card,5,26.9,9,845495,Dewasa (45-65)
cust_4578,38,Rural,Low,228,12463.29,15169.49,3616.47,2841629,90,295,3489,42,4419.21,Monthly,Credit Card,19,49.55,9,302131,Dewasa Muda (25-45)
cust_4579,40,Rural,Low,237,11674.1,45490.75,1926.88,2766760,341,171,4427,47,3489.15,Monthly,Credit Card,11,46.79,7,295485,Dewasa Muda (25-45)
cust_4580,23,Suburban,Low,644,7491.52,10988.49,1019.45,4824542,268,232,1439,32,4043.48,Monthly,Debit Card,11,31.1,7,493510,Remaja (<25)
cust_4581,60,Suburban,High,330,17683.45,18702.2,7066.24,5835537,76,248,532,18,299.19,Monthly,Wallet Balance,11,25.04,8,594268,Dewasa (45-65)
cust_4582,37,Rural,High,833,13356.53,63913.1,2648.16,11125992,69,363,2052,19,4452.28,Monthly,UPI,13,27.97,5,1121377,Dewasa Muda (25-45)
cust_4583,19,Rural,High,469,4116.07,7291.65,1729.45,1930438,298,225,3926,17,2095.78,Monthly,UPI,9,29.74,1,202547,Remaja (<25)
cust_4584,55,Suburban,Middle,680,6404.86,27619.33,2583.59,4355305,160,276,4399,25,4488.09,Daily,Debit Card,1,7.37,10,454584,Dewasa (45-65)
cust_4585,18,Rural,High,487,15759.68,76558.69,2826.52,7674965,8,362,2911,38,324.62,Monthly,Debit Card,19,13.91,10,786956,Remaja (<25)
cust_4586,44,Suburban,High,549,2099.46,6584.93,972.71,1152604,219,192,3268,8,4424.04,Weekly,Credit Card,11,47.61,10,130384,Dewasa Muda (25-45)
cust_4587,56,Suburban,Middle,579,15007.14,46589.25,2468.85,8689132,310,167,1277,26,3366.88,Monthly,UPI,16,67.12,3,875383,Dewasa (45-65)
cust_4588,44,Suburban,Low,623,7183.26,17740.28,3008.77,4475171,88,99,866,5,2771.34,Daily,Wallet Balance,7,7.0,3,451363,Dewasa Muda (25-45)
cust_4589,49,Urban,Low,415,11038.3,29829.69,2960.62,4580896,141,228,2885,19,308.9,Weekly,Credit Card,19,9.59,3,468605,Dewasa (45-65)
cust_4590,49,Urban,Low,219,5618.36,16452.24,973.14,1230420,29,314,2053,37,3442.09,Daily,UPI,1,8.0,5,134126,Dewasa (45-65)
cust_4591,43,Rural,Middle,721,19729.27,31732.11,9376.23,14224801,13,326,4237,0,2988.87,Daily,Wallet Balance,20,19.13,7,1436459,Dewasa Muda (25-45)
cust_4592,28,Suburban,High,381,18117.75,44550.58,8792.6,6902861,314,62,4470,37,3631.44,Weekly,UPI,11,57.27,9,710110,Dewasa Muda (25-45)
cust_4593,30,Urban,High,87,18569.71,79189.31,5655.39,1615564,63,129,1706,15,3583.58,Monthly,Credit Card,12,60.35,4,168676,Dewasa Muda (25-45)
cust_4594,38,Rural,High,461,3703.66,6405.83,1065.43,1707388,343,250,2156,3,2218.67,Daily,Wallet Balance,0,64.32,8,182241,Dewasa Muda (25-45)
cust_4595,59,Rural,High,815,16835.39,65984.83,7749.95,13720838,175,139,2257,2,1023.41,Daily,UPI,17,56.66,10,1386286,Dewasa (45-65)
cust_4596,41,Rural,Middle,411,10712.59,38633.3,3625.73,4402873,216,230,1225,21,4594.84,Weekly,UPI,13,33.58,6,448539,Dewasa Muda (25-45)
cust_4597,19,Rural,High,691,14160.11,17405.48,2922.86,9784632,235,59,1433,8,4627.95,Monthly,UPI,11,41.36,3,982815,Remaja (<25)
cust_4598,41,Rural,Low,916,4357.91,4748.88,1176.98,3991842,87,165,2049,7,1059.66,Weekly,Credit Card,19,49.62,10,413452,Dewasa Muda (25-45)
cust_4599,55,Suburban,Middle,525,14242.57,34326.22,6186.91,7477350,74,204,1821,6,3153.27,Weekly,Credit Card,3,18.58,5,755400,Dewasa (45-65)
cust_4600,24,Rural,Middle,447,18286.2,68914.86,8115.88,8173932,294,98,2790,11,1014.35,Daily,Wallet Balance,13,39.7,8,831566,Remaja (<25)
cust_4601,20,Suburban,Low,300,5356.95,12437.09,2548.31,1607085,69,338,2813,0,4306.12,Monthly,Debit Card,17,37.55,1,165181,Remaja (<25)
cust_4602,47,Urban,Low,408,4674.86,17161.11,1006.52,1907344,69,246,1134,11,491.07,Daily,UPI,3,55.44,3,196856,Dewasa (45-65)
cust_4603,35,Rural,High,637,2097.25,7679.77,780.14,1335946,223,137,1976,15,4950.99,Monthly,UPI,7,17.63,8,144571,Dewasa Muda (25-45)
cust_4604,65,Urban,Low,375,5343.47,22582.65,680.52,2003799,285,46,1256,13,3054.31,Weekly,UPI,17,66.33,7,209664,Dewasa (45-65)
cust_4605,26,Suburban,Middle,233,10720.49,14986.62,4184.86,2497873,122,204,2234,29,114.56,Monthly,Credit Card,3,28.47,1,258098,Dewasa Muda (25-45)
cust_4606,30,Suburban,Middle,763,16656.0,55106.63,5417.86,12708526,263,193,3013,42,4409.52,Daily,UPI,0,36.08,4,1282873,Dewasa Muda (25-45)
cust_4607,47,Urban,Middle,899,5583.22,6978.96,1116.12,5019312,221,327,4983,18,3422.29,Monthly,Wallet Balance,5,24.79,5,516986,Dewasa (45-65)
cust_4608,43,Rural,High,638,12426.68,21172.43,4496.63,7928219,311,359,4306,18,3486.61,Monthly,Credit Card,12,9.2,5,806490,Dewasa Muda (25-45)
cust_4609,37,Rural,High,747,9597.02,22092.37,1478.64,7168972,164,42,2369,12,1375.16,Daily,Credit Card,1,13.61,5,727147,Dewasa Muda (25-45)
cust_4610,56,Urban,Low,650,5778.7,22129.84,1349.46,3756151,263,162,206,43,1683.98,Daily,Credit Card,18,71.31,4,383485,Dewasa (45-65)
cust_4611,32,Urban,High,961,10212.08,49993.35,2658.87,9813806,92,224,3978,9,4572.09,Daily,Credit Card,11,25.84,9,996950,Dewasa Muda (25-45)
cust_4612,41,Urban,High,49,3367.57,7981.42,1383.58,165010,266,254,1113,46,3174.79,Weekly,Debit Card,13,9.2,1,22739,Dewasa Muda (25-45)
cust_4613,59,Rural,Middle,892,12795.16,39467.65,2859.89,11413278,336,284,4160,28,84.77,Daily,Credit Card,8,32.61,7,1159405,Dewasa (45-65)
cust_4614,22,Rural,Middle,186,2322.1,4728.31,277.76,431910,74,218,1022,27,1637.04,Weekly,Debit Card,9,10.75,1,48116,Remaja (<25)
cust_4615,57,Rural,Low,205,14622.3,54131.15,2519.37,2997571,314,100,2524,12,2992.72,Monthly,Credit Card,6,44.66,3,307508,Dewasa (45-65)
cust_4616,41,Urban,Middle,78,3562.48,8786.29,1222.77,277873,90,61,1464,44,740.03,Monthly,Credit Card,8,2.71,10,44745,Dewasa Muda (25-45)
cust_4617,40,Rural,High,481,19963.2,58420.01,2118.1,9602299,354,40,369,14,491.46,Daily,UPI,14,40.8,5,967122,Dewasa Muda (25-45)
cust_4618,25,Suburban,Low,386,16475.22,53894.57,6868.4,6359433,296,182,2720,16,296.92,Weekly,Credit Card,19,49.76,8,650834,Remaja (<25)
cust_4619,60,Urban,Low,194,6883.37,25778.0,3169.43,1335373,129,59,2701,22,3152.9,Weekly,Wallet Balance,14,6.73,7,146562,Dewasa (45-65)
cust_4620,34,Rural,Middle,103,8529.83,10578.76,2543.25,878572,49,223,4527,42,1602.99,Weekly,Wallet Balance,10,11.5,7,107309,Dewasa Muda (25-45)
cust_4621,26,Urban,Middle,617,5191.23,16713.7,1988.51,3202987,86,208,2286,9,1868.39,Daily,Wallet Balance,17,56.0,5,329836,Dewasa Muda (25-45)
cust_4622,28,Suburban,Middle,376,15344.62,41808.82,4374.3,5769577,144,170,4388,35,300.2,Daily,UPI,1,30.89,10,599083,Dewasa Muda (25-45)
cust_4623,68,Suburban,Low,287,7620.73,11698.28,1703.27,2187150,135,139,1841,48,3690.09,Weekly,Credit Card,19,7.55,7,232351,Senior (>65)
cust_4624,23,Urban,Middle,836,15106.16,27676.7,2506.81,12628748,115,203,4796,13,3833.78,Monthly,Wallet Balance,18,62.23,10,1281849,Remaja (<25)
cust_4625,55,Urban,High,482,377.85,1713.75,116.1,182122,277,254,324,31,4147.18,Monthly,Wallet Balance,1,53.32,3,22886,Dewasa (45-65)
cust_4626,19,Suburban,Low,723,2721.06,12209.69,1284.22,1967328,66,166,4525,33,3258.32,Daily,Wallet Balance,19,14.28,4,211453,Remaja (<25)
cust_4627,62,Urban,Middle,250,7305.84,8279.86,3331.38,1826459,187,57,4449,30,3866.44,Daily,Debit Card,12,25.65,4,196610,Dewasa (45-65)
cust_4628,46,Suburban,High,805,2187.08,8218.19,1023.23,1760600,345,123,1678,38,2886.13,Weekly,Debit Card,3,41.32,2,183773,Dewasa (45-65)
cust_4629,43,Suburban,High,201,12026.55,38686.39,5851.7,2417336,201,137,1519,31,2458.19,Weekly,Debit Card,2,2.53,5,251642,Dewasa Muda (25-45)
cust_4630,26,Rural,Middle,536,1026.13,4883.64,170.49,550007,138,250,4388,15,1299.06,Weekly,Wallet Balance,14,35.78,9,73627,Dewasa Muda (25-45)
cust_4631,58,Urban,High,461,17196.66,79655.33,2727.56,7927661,52,57,2842,25,266.89,Monthly,Wallet Balance,11,25.18,2,802816,Dewasa (45-65)
cust_4632,16,Urban,Low,300,15228.55,50532.09,4128.53,4568564,213,67,2671,16,1459.11,Weekly,Credit Card,0,66.73,1,464068,Remaja (<25)
cust_4633,64,Rural,Low,478,4332.97,6741.32,1628.0,2071158,158,231,1280,21,3418.13,Weekly,Wallet Balance,10,17.04,10,220066,Dewasa (45-65)
cust_4634,62,Suburban,High,83,9681.0,27486.88,2670.77,803523,290,244,4476,35,4634.17,Daily,Wallet Balance,16,29.29,8,98487,Dewasa (45-65)
cust_4635,67,Urban,Low,809,9041.74,35268.74,4131.55,7314770,350,286,224,34,1281.07,Daily,Wallet Balance,7,12.52,5,739684,Senior (>65)
cust_4636,53,Rural,Middle,458,14500.04,69700.93,5610.92,6641019,206,121,902,22,3349.25,Weekly,Wallet Balance,13,10.11,4,670431,Dewasa (45-65)
cust_4637,39,Rural,High,691,8036.16,19731.33,2841.49,5552988,342,54,4766,24,2391.22,Daily,UPI,4,20.87,3,569035,Dewasa Muda (25-45)
cust_4638,69,Urban,Low,298,668.38,2766.2,85.83,199176,321,288,606,4,3137.74,Weekly,Credit Card,14,58.96,7,26960,Senior (>65)
cust_4639,62,Rural,Middle,364,5481.98,20466.22,932.67,1995440,316,278,4538,5,8.11,Weekly,Wallet Balance,1,27.81,7,216116,Dewasa (45-65)
cust_4640,46,Suburban,Middle,718,9329.25,12250.91,2530.67,6698404,136,365,4277,25,613.27,Weekly,UPI,6,14.24,9,689587,Dewasa (45-65)
cust_4641,56,Rural,Low,40,19490.1,62990.2,9560.87,779603,75,66,3571,37,1085.11,Daily,Debit Card,12,2.2,4,92259,Dewasa (45-65)
cust_4642,61,Suburban,High,816,17624.36,30561.27,4119.93,14381479,69,270,441,5,4467.26,Weekly,UPI,19,39.92,3,1440296,Dewasa (45-65)
cust_4643,65,Suburban,Middle,625,3636.31,13578.69,1279.95,2272693,301,13,2655,18,202.64,Daily,Debit Card,10,36.15,6,240277,Dewasa (45-65)
cust_4644,41,Urban,Middle,340,14468.29,49775.81,7169.94,4919217,49,343,4362,42,2848.17,Monthly,UPI,13,15.95,6,509421,Dewasa Muda (25-45)
cust_4645,64,Rural,Middle,516,18737.14,91665.7,3852.54,9668364,202,124,3606,18,4643.2,Monthly,UPI,9,26.79,5,978526,Dewasa (45-65)
cust_4646,65,Suburban,Middle,998,185.76,880.81,30.96,185392,62,77,2977,45,3260.35,Daily,UPI,3,21.48,2,29363,Dewasa (45-65)
cust_4647,20,Suburban,High,108,14421.7,14962.39,4593.79,1557544,167,339,800,46,2422.02,Monthly,Debit Card,19,51.53,2,162743,Remaja (<25)
cust_4648,35,Rural,Low,316,9192.08,12134.62,2948.42,2904696,205,24,2512,30,1929.96,Monthly,Debit Card,14,27.1,5,302528,Dewasa Muda (25-45)
cust_4649,67,Suburban,Low,114,13607.92,55473.2,6378.78,1551303,149,35,992,36,3120.98,Monthly,Debit Card,2,34.35,3,162153,Senior (>65)
cust_4650,56,Rural,Low,167,12115.73,45343.99,1339.66,2023326,121,324,2179,22,2401.93,Weekly,Wallet Balance,10,71.25,3,210689,Dewasa (45-65)
cust_4651,26,Urban,Middle,261,19693.46,82787.03,5178.42,5139993,309,74,924,11,3527.06,Monthly,Debit Card,19,64.57,10,525183,Dewasa Muda (25-45)
cust_4652,69,Suburban,High,618,5783.42,11955.83,1300.92,3574153,97,290,2025,12,3088.87,Weekly,UPI,17,47.72,8,369120,Senior (>65)
cust_4653,48,Suburban,Low,224,15725.0,69147.39,5164.42,3522399,53,290,1774,21,2837.04,Daily,Debit Card,16,35.27,1,357469,Dewasa (45-65)
cust_4654,65,Rural,High,262,4700.45,13018.74,487.59,1231518,9,19,4970,49,4784.05,Daily,Credit Card,20,26.0,5,140599,Dewasa (45-65)
cust_4655,53,Rural,Low,251,8717.8,17850.87,3351.35,2188168,331,259,2150,2,4178.46,Monthly,Wallet Balance,13,67.96,5,226227,Dewasa (45-65)
cust_4656,42,Rural,Middle,526,19507.86,20335.6,5735.23,10261136,251,116,4777,11,3044.29,Weekly,UPI,14,65.79,9,1044245,Dewasa Muda (25-45)
cust_4657,49,Rural,Low,710,15325.06,68739.9,5827.75,10880795,360,292,3026,36,2693.25,Daily,Credit Card,17,12.72,1,1097384,Dewasa (45-65)
cust_4658,30,Suburban,Middle,126,6323.27,19863.76,1764.97,796731,349,260,3256,30,3619.72,Daily,Debit Card,2,18.9,1,88375,Dewasa Muda (25-45)
cust_4659,47,Urban,Middle,206,12391.19,60735.78,3589.44,2552585,124,154,2113,12,4019.58,Weekly,UPI,12,28.73,3,261674,Dewasa (45-65)
cust_4660,36,Urban,Low,140,1003.34,3871.63,459.75,140468,122,203,2182,22,1476.19,Monthly,Debit Card,2,33.47,6,25872,Dewasa Muda (25-45)
cust_4661,61,Urban,High,62,5335.23,7051.41,983.6,330784,199,131,4152,12,3334.74,Daily,UPI,6,39.5,9,49915,Dewasa (45-65)
cust_4662,20,Urban,Middle,283,14370.63,48181.33,2687.24,4066887,317,128,789,5,675.77,Monthly,Wallet Balance,18,3.74,10,418428,Remaja (<25)
cust_4663,21,Rural,High,54,11406.17,12187.47,3693.21,615933,95,265,693,47,2152.26,Monthly,UPI,17,5.84,7,73603,Remaja (<25)
cust_4664,53,Suburban,Low,346,9398.76,30368.59,3421.99,3251971,30,302,1683,2,4692.18,Weekly,Debit Card,16,34.33,10,336417,Dewasa (45-65)
cust_4665,37,Suburban,Middle,524,13820.61,33180.62,3342.86,7242000,92,270,3907,6,1631.5,Monthly,Debit Card,8,66.19,9,740798,Dewasa Muda (25-45)
cust_4666,33,Suburban,High,136,7975.19,28496.83,2454.8,1084626,84,3,2946,9,771.18,Daily,UPI,13,53.71,2,116869,Dewasa Muda (25-45)
cust_4667,29,Rural,Middle,330,532.86,1687.2,101.85,175844,15,258,4561,30,730.73,Weekly,Credit Card,7,39.55,5,34341,Dewasa Muda (25-45)
cust_4668,25,Suburban,Low,144,8826.12,18052.96,1362.44,1270961,143,342,1023,3,1968.64,Monthly,Wallet Balance,13,3.02,1,129457,Remaja (<25)
cust_4669,61,Rural,Middle,436,18043.56,29761.1,3524.0,7866993,309,100,1465,43,1125.88,Weekly,UPI,4,5.85,8,801366,Dewasa (45-65)
cust_4670,28,Suburban,Low,282,17133.74,44870.62,7993.73,4831713,209,53,26,5,2134.6,Weekly,Wallet Balance,19,45.73,3,485656,Dewasa Muda (25-45)
cust_4671,46,Urban,High,136,8185.85,40498.24,3444.01,1113276,23,166,771,17,3594.43,Weekly,Debit Card,13,14.61,7,119772,Dewasa (45-65)
cust_4672,45,Rural,Middle,489,454.21,1245.8,70.9,222107,326,149,4314,6,4440.8,Monthly,Wallet Balance,11,41.89,1,30218,Dewasa Muda (25-45)
cust_4673,18,Suburban,High,813,12729.78,50857.37,1510.06,10349313,365,163,3803,33,550.83,Weekly,Wallet Balance,7,33.2,6,1051561,Remaja (<25)
cust_4674,45,Urban,Low,733,14826.48,18205.34,2035.29,10867807,144,83,1877,22,3842.04,Monthly,Debit Card,0,14.1,9,1099813,Dewasa Muda (25-45)
cust_4675,21,Urban,Low,852,5891.93,14820.93,1280.75,5019923,87,22,1193,7,517.4,Weekly,Wallet Balance,15,34.05,5,509819,Remaja (<25)
cust_4676,44,Urban,High,721,9538.51,31680.19,4049.51,6877268,193,20,1436,49,1897.17,Monthly,Credit Card,7,63.96,7,701550,Dewasa Muda (25-45)
cust_4677,23,Rural,High,915,19837.22,79443.81,4533.79,18151053,173,356,1615,23,4982.74,Weekly,Credit Card,4,16.95,7,1825144,Remaja (<25)
cust_4678,59,Rural,Low,401,11531.1,35902.47,2009.43,4623969,263,211,2466,27,343.39,Monthly,UPI,2,68.94,8,477857,Dewasa (45-65)
cust_4679,60,Suburban,High,871,7027.99,21513.95,1815.59,6121376,295,324,3858,44,114.41,Daily,UPI,12,17.28,5,629196,Dewasa (45-65)
cust_4680,58,Urban,Low,892,12553.5,50912.33,1878.27,11197724,360,352,3187,2,1668.24,Daily,Credit Card,4,33.41,4,1129512,Dewasa (45-65)
cust_4681,59,Suburban,High,449,3608.65,8130.82,1039.6,1620282,50,8,1998,12,4755.6,Weekly,UPI,2,52.33,1,165846,Dewasa (45-65)
cust_4682,48,Suburban,Low,635,3993.05,5440.31,1478.32,2535589,48,307,3016,38,100.19,Daily,Wallet Balance,13,55.99,8,271340,Dewasa (45-65)
cust_4683,32,Urban,Low,628,18499.25,44187.33,4579.29,11617525,49,154,2508,32,1113.56,Monthly,Debit Card,5,23.03,6,1175411,Dewasa Muda (25-45)
cust_4684,63,Suburban,Middle,669,4791.61,7839.0,811.91,3205586,168,51,1002,49,3015.81,Daily,UPI,20,2.17,1,326954,Dewasa (45-65)
cust_4685,26,Rural,Low,270,6222.68,30265.73,1750.31,1680123,167,246,148,15,1168.77,Monthly,UPI,6,45.44,5,174223,Dewasa Muda (25-45)
cust_4686,28,Suburban,Low,17,10880.11,36013.66,4406.4,184961,82,154,1901,10,269.04,Monthly,Credit Card,5,23.88,10,33163,Dewasa Muda (25-45)
cust_4687,65,Urban,Middle,269,17994.86,50140.9,2350.81,4840616,63,246,2240,28,262.22,Daily,Debit Card,13,38.0,2,493210,Dewasa (45-65)
cust_4688,26,Rural,Middle,861,15631.16,72656.89,2006.65,13458431,228,303,3304,24,2795.8,Daily,UPI,3,5.59,6,1359453,Dewasa Muda (25-45)
cust_4689,46,Rural,High,482,885.24,4073.39,201.17,426685,214,43,1740,16,2809.47,Monthly,UPI,19,28.77,1,47343,Dewasa (45-65)
cust_4690,43,Suburban,High,219,13863.66,36916.01,3688.03,3036142,130,163,4257,36,3532.37,Daily,Debit Card,18,45.81,4,317962,Dewasa Muda (25-45)
cust_4691,59,Suburban,Low,319,10086.19,45376.85,1881.97,3217494,154,147,3023,5,658.71,Daily,Debit Card,9,6.91,3,330966,Dewasa (45-65)
cust_4692,21,Rural,High,238,9516.3,11953.46,1054.07,2264879,242,336,4648,45,2499.26,Weekly,Debit Card,12,34.59,6,245034,Remaja (<25)
cust_4693,56,Suburban,High,545,13834.25,62847.3,2598.4,7539667,96,156,4416,13,3004.75,Monthly,UPI,11,32.03,7,769596,Dewasa (45-65)
cust_4694,31,Urban,Low,285,3932.68,8818.38,1078.14,1120813,232,3,379,18,1111.88,Weekly,Credit Card,13,23.16,5,119083,Dewasa Muda (25-45)
cust_4695,19,Suburban,Middle,37,19629.96,64003.27,2586.66,726308,238,146,2810,36,2736.71,Monthly,Wallet Balance,12,70.98,8,88482,Remaja (<25)
cust_4696,50,Suburban,Middle,103,12909.68,26836.05,4987.74,1329696,18,269,1813,49,3541.19,Daily,UPI,18,70.18,3,142725,Dewasa (45-65)
cust_4697,63,Rural,Low,723,7319.47,36152.3,2348.38,5291974,344,244,700,42,4954.2,Monthly,UPI,8,35.76,3,535320,Dewasa (45-65)
cust_4698,41,Suburban,Low,430,12008.04,15455.79,3287.51,5163458,324,296,1149,11,2982.11,Daily,Debit Card,15,14.38,2,520252,Dewasa Muda (25-45)
cust_4699,27,Suburban,Low,792,4337.25,12091.48,1333.64,3435104,246,295,580,18,4305.95,Weekly,Debit Card,8,34.1,9,353317,Dewasa Muda (25-45)
cust_4700,26,Suburban,Low,654,12680.5,44178.26,4594.43,8293046,60,314,1545,20,4168.36,Monthly,Wallet Balance,5,61.2,4,836310,Dewasa Muda (25-45)
cust_4701,52,Urban,Low,239,574.06,1987.66,285.84,137200,130,57,4034,28,4701.33,Weekly,UPI,13,25.48,2,24237,Dewasa (45-65)
cust_4702,40,Suburban,Low,741,6830.23,27013.77,2800.72,5061197,350,280,1269,27,3615.28,Monthly,Debit Card,6,25.22,7,516550,Dewasa Muda (25-45)
cust_4703,33,Urban,High,645,14952.86,58281.19,4727.28,9644596,49,119,411,16,1065.5,Weekly,UPI,18,58.43,8,974348,Dewasa Muda (25-45)
cust_4704,34,Urban,High,125,16161.48,67434.91,6597.33,2020184,166,22,1796,48,1490.46,Daily,Debit Card,2,45.59,3,212665,Dewasa Muda (25-45)
cust_4705,38,Urban,High,565,5065.86,9813.33,1469.55,2862210,168,51,2603,1,3923.42,Monthly,Wallet Balance,14,29.78,9,298565,Dewasa Muda (25-45)
cust_4706,53,Urban,Middle,600,10792.8,26788.0,2421.51,6475677,253,212,4444,5,2604.11,Weekly,Credit Card,11,37.82,4,659653,Dewasa (45-65)
cust_4707,69,Rural,Low,610,10574.57,26733.92,2165.51,6450489,336,216,1820,24,1256.54,Daily,Wallet Balance,0,43.21,7,657460,Senior (>65)
cust_4708,33,Urban,Low,882,8434.91,40684.58,2191.32,7439587,309,76,1485,18,3283.35,Daily,UPI,10,12.45,9,756087,Dewasa Muda (25-45)
cust_4709,41,Suburban,High,607,4576.38,12069.03,461.82,2777859,64,204,1315,5,4532.68,Monthly,UPI,2,34.88,7,285649,Dewasa Muda (25-45)
cust_4710,21,Urban,Middle,926,14067.53,26552.14,2402.49,13026534,33,166,3362,0,1788.45,Monthly,Debit Card,16,38.14,5,1313483,Remaja (<25)
cust_4711,19,Suburban,High,188,5054.71,17839.98,761.31,950285,58,61,4464,45,2981.22,Monthly,UPI,12,71.67,10,116965,Remaja (<25)
cust_4712,59,Urban,Low,888,18221.4,49363.02,8821.65,16180607,306,305,1295,33,2907.5,Weekly,UPI,7,18.94,1,1623496,Dewasa (45-65)
cust_4713,66,Rural,Low,256,10574.74,21152.87,1331.77,2707133,64,279,2191,20,634.87,Daily,UPI,12,18.6,2,278777,Senior (>65)
cust_4714,44,Urban,High,585,17410.86,67215.36,5230.03,10185354,125,260,1576,20,451.22,Daily,Debit Card,7,55.02,7,1030461,Dewasa Muda (25-45)
cust_4715,49,Urban,High,987,5821.95,10291.46,2724.01,5746261,61,76,4615,43,4447.13,Monthly,Wallet Balance,7,24.79,5,590932,Dewasa (45-65)
cust_4716,32,Rural,Low,924,16143.51,57041.75,5537.36,14916605,249,209,1333,48,4667.68,Daily,Debit Card,12,4.99,9,1505792,Dewasa Muda (25-45)
cust_4717,58,Urban,High,874,2282.14,6212.25,680.32,1994586,138,37,2423,26,4521.21,Daily,UPI,11,69.01,3,207643,Dewasa (45-65)
cust_4718,58,Suburban,Low,794,15338.94,34921.68,6092.59,12179117,66,93,2824,22,1983.27,Monthly,Credit Card,4,3.95,9,1233768,Dewasa (45-65)
cust_4719,68,Urban,High,530,7745.05,37051.76,1869.27,4104875,179,134,3045,35,1438.1,Daily,Credit Card,12,66.27,10,429358,Senior (>65)
cust_4720,31,Urban,Middle,676,9405.1,21609.44,1669.27,6357848,286,239,3265,35,4710.86,Daily,Wallet Balance,11,58.71,6,649459,Dewasa Muda (25-45)
cust_4721,17,Urban,Low,392,3344.48,7993.4,1467.93,1311035,281,136,510,31,4414.01,Monthly,Wallet Balance,18,44.37,10,143016,Remaja (<25)
cust_4722,49,Rural,Middle,658,382.37,1713.98,46.89,251597,171,223,2368,38,4099.09,Weekly,Wallet Balance,9,63.59,10,41646,Dewasa (45-65)
cust_4723,23,Urban,High,468,13327.29,20206.48,5639.01,6237170,243,148,1499,44,1670.93,Monthly,Wallet Balance,14,14.9,3,633279,Remaja (<25)
cust_4724,28,Urban,Middle,826,11758.49,16841.39,1662.02,9712511,120,252,855,16,3193.71,Daily,Wallet Balance,1,14.31,1,973964,Dewasa Muda (25-45)
cust_4725,57,Suburban,High,253,12452.34,26533.83,4361.15,3150441,344,79,1950,13,3752.1,Monthly,UPI,5,32.51,10,328368,Dewasa (45-65)
cust_4726,23,Urban,Middle,672,5107.49,17194.57,1485.35,3432230,192,244,4027,21,2880.77,Monthly,Credit Card,15,71.75,9,360936,Remaja (<25)
cust_4727,45,Urban,Middle,861,4793.16,12161.2,2393.78,4126907,187,318,3316,16,3010.02,Daily,UPI,0,1.65,3,422417,Dewasa Muda (25-45)
cust_4728,47,Urban,Middle,561,16607.62,57034.2,4237.74,9316876,227,120,586,28,3783.44,Daily,Wallet Balance,1,11.09,2,935767,Dewasa (45-65)
cust_4729,51,Urban,Low,176,15227.44,24957.82,7353.56,2680029,266,309,361,47,3834.14,Weekly,Debit Card,14,52.04,1,272507,Dewasa (45-65)
cust_4730,62,Suburban,Middle,466,6742.43,13793.7,1763.23,3141974,192,122,1672,47,1199.74,Weekly,Credit Card,15,19.34,4,325641,Dewasa (45-65)
cust_4731,45,Suburban,High,839,12759.74,41605.03,4755.3,10705418,240,212,4811,37,1953.37,Daily,Credit Card,7,40.36,7,1089887,Dewasa Muda (25-45)
cust_4732,16,Rural,High,577,16564.72,30952.78,5921.3,9557842,94,284,1006,25,3905.92,Weekly,UPI,13,51.71,3,961343,Remaja (<25)
cust_4733,58,Urban,Low,988,17777.7,47843.68,2392.54,17564368,126,254,4668,30,1307.24,Weekly,UPI,9,60.68,10,1778119,Dewasa (45-65)
cust_4734,54,Rural,Low,289,126.07,414.84,50.09,36433,99,18,4047,33,4577.97,Monthly,Debit Card,14,40.53,6,18748,Dewasa (45-65)
cust_4735,32,Rural,High,50,16271.11,79640.65,2985.21,813555,344,263,3333,26,4194.47,Monthly,Credit Card,2,8.16,3,91524,Dewasa Muda (25-45)
cust_4736,35,Urban,Middle,4,7014.34,9255.75,1791.3,28057,243,277,4396,16,4477.28,Weekly,Credit Card,5,50.26,9,19959,Dewasa Muda (25-45)
cust_4737,39,Suburban,High,631,14370.38,40835.68,5933.25,9067710,20,41,2596,22,1486.5,Monthly,Credit Card,1,36.58,7,920419,Dewasa Muda (25-45)
cust_4738,65,Suburban,Low,852,7434.31,19218.32,3551.56,6334034,117,364,1881,33,525.59,Monthly,Wallet Balance,8,50.28,6,646202,Dewasa (45-65)
cust_4739,37,Urban,Low,885,12128.92,52117.54,3928.82,10734093,359,31,3272,17,502.95,Daily,Credit Card,6,5.06,4,1085401,Dewasa Muda (25-45)
cust_4740,44,Urban,High,500,12939.18,59535.61,3982.08,6469590,99,298,4709,20,2779.54,Weekly,UPI,18,1.25,4,660987,Dewasa Muda (25-45)
cust_4741,37,Suburban,Middle,676,8105.81,37514.09,2447.7,5479524,330,315,4066,19,1527.95,Weekly,Debit Card,5,65.4,4,561220,Dewasa Muda (25-45)
cust_4742,59,Urban,Middle,223,10260.58,25657.16,4377.43,2288109,155,118,3992,31,1317.61,Daily,Wallet Balance,0,41.36,5,244236,Dewasa (45-65)
cust_4743,24,Urban,Low,870,14529.0,32234.35,7224.5,12640233,307,360,2609,11,1112.03,Daily,Wallet Balance,13,13.69,1,1270785,Remaja (<25)
cust_4744,52,Urban,High,668,9531.34,26654.87,3368.72,6366936,185,234,4603,3,2810.49,Daily,Credit Card,20,51.03,7,651794,Dewasa (45-65)
cust_4745,25,Suburban,High,899,289.47,687.76,72.79,260233,335,43,890,8,2740.48,Monthly,Debit Card,7,51.22,9,36233,Remaja (<25)
cust_4746,51,Rural,Low,262,267.95,1038.43,50.23,70204,3,228,2846,10,2111.56,Daily,UPI,7,65.95,6,18656,Dewasa (45-65)
cust_4747,52,Rural,High,685,13229.6,24531.45,2375.09,9062278,157,134,1695,48,692.2,Daily,UPI,5,55.45,2,916071,Dewasa (45-65)
cust_4748,43,Urban,Low,535,16946.28,61595.25,7498.06,9066258,175,333,4978,29,4643.97,Daily,UPI,14,60.55,7,924159,Dewasa Muda (25-45)
cust_4749,43,Suburban,Middle,903,15707.62,73950.68,7805.76,14183979,336,157,815,44,2139.68,Daily,Debit Card,18,60.31,3,1426358,Dewasa Muda (25-45)
cust_4750,57,Urban,Middle,376,6214.9,13173.44,2356.67,2336803,69,206,498,25,618.21,Monthly,Debit Card,19,21.85,6,242867,Dewasa (45-65)
cust_4751,58,Suburban,High,61,9427.85,34954.33,4547.35,575098,21,89,1680,31,185.39,Weekly,Credit Card,16,38.05,9,72877,Dewasa (45-65)
cust_4752,36,Urban,Middle,356,4690.87,7384.58,1125.8,1669950,298,99,3260,27,762.97,Daily,Debit Card,5,3.51,10,185833,Dewasa Muda (25-45)
cust_4753,39,Suburban,Middle,833,19783.11,29388.51,6944.62,16479327,118,37,1336,50,1485.63,Daily,Debit Card,6,4.04,8,1662861,Dewasa Muda (25-45)
cust_4754,57,Suburban,Low,646,5217.52,7631.04,1589.64,3370520,277,199,4549,39,3150.47,Weekly,Credit Card,9,63.57,6,354474,Dewasa (45-65)
cust_4755,55,Rural,Low,24,8331.07,12947.42,2439.4,199945,130,356,248,36,4854.68,Weekly,Wallet Balance,8,4.63,10,31663,Dewasa (45-65)
cust_4756,17,Urban,High,293,13625.77,25407.42,4809.21,3992349,206,55,1696,41,1360.34,Daily,UPI,4,39.97,5,411046,Remaja (<25)
cust_4757,23,Rural,Low,557,17521.59,56968.34,3927.21,9759527,197,105,658,46,3949.02,Daily,Wallet Balance,1,66.93,4,983894,Remaja (<25)
cust_4758,63,Rural,High,691,1039.0,4226.59,370.14,717948,135,243,4770,50,4556.93,Weekly,UPI,12,15.59,8,92056,Dewasa (45-65)
cust_4759,42,Suburban,High,356,6027.38,9085.85,2224.98,2145748,203,74,688,40,1957.86,Daily,Wallet Balance,10,32.43,6,224971,Dewasa Muda (25-45)
cust_4760,37,Urban,Low,984,11384.03,51001.12,4945.74,11201882,35,314,2277,15,1266.37,Monthly,Debit Card,10,46.98,8,1133609,Dewasa Muda (25-45)
cust_4761,52,Suburban,Middle,870,12370.08,54067.94,4851.45,10761968,30,104,1699,47,2455.33,Daily,Wallet Balance,14,40.89,9,1092067,Dewasa (45-65)
cust_4762,42,Suburban,Middle,941,1409.85,5511.88,321.32,1326667,311,221,223,7,4483.56,Daily,Wallet Balance,13,26.82,4,135570,Dewasa Muda (25-45)
cust_4763,44,Suburban,Middle,575,13284.93,35920.64,3724.03,7638837,257,16,1759,2,54.91,Monthly,Credit Card,20,56.92,10,777574,Dewasa Muda (25-45)
cust_4764,18,Urban,Middle,29,10566.01,10631.82,1565.37,306414,182,29,3815,2,2433.16,Weekly,Debit Card,10,30.07,2,39254,Remaja (<25)
cust_4765,59,Urban,High,357,16554.27,65208.26,3359.15,5909874,208,264,53,9,3787.98,Weekly,Debit Card,12,28.41,7,597099,Dewasa (45-65)
cust_4766,28,Suburban,Middle,365,4451.56,20103.01,1372.76,1624819,129,356,699,11,3005.65,Weekly,UPI,17,2.53,8,171477,Dewasa Muda (25-45)
cust_4767,60,Urban,High,608,3908.59,9150.58,548.39,2376422,63,183,585,14,2486.7,Daily,Credit Card,6,62.38,4,242968,Dewasa (45-65)
cust_4768,25,Suburban,Low,409,15868.81,61443.25,5208.82,6490343,342,52,3371,46,2768.07,Weekly,Debit Card,16,71.96,2,660992,Remaja (<25)
cust_4769,51,Urban,Low,266,14080.34,17574.95,3606.14,3745371,77,347,4384,26,3096.16,Monthly,Wallet Balance,10,53.77,9,393357,Dewasa (45-65)
cust_4770,24,Urban,High,291,15835.55,60776.52,1803.77,4608145,15,333,1451,50,3410.38,Monthly,Wallet Balance,5,69.94,3,470011,Remaja (<25)
cust_4771,69,Rural,Middle,567,15640.86,19914.48,4282.14,8868369,325,106,310,45,1780.93,Daily,Wallet Balance,13,36.18,3,894066,Senior (>65)
cust_4772,42,Suburban,High,153,2088.97,6995.44,443.82,319612,59,25,2505,10,2586.87,Weekly,Debit Card,5,42.29,9,45677,Dewasa Muda (25-45)
cust_4773,49,Rural,Middle,219,5578.88,18913.58,707.35,1221773,151,92,1122,5,1367.85,Weekly,Debit Card,13,63.81,8,132237,Dewasa (45-65)
cust_4774,66,Rural,Middle,173,5209.1,11504.96,1132.19,901174,108,329,341,11,4919.95,Monthly,UPI,18,38.2,4,93439,Senior (>65)
cust_4775,16,Suburban,High,608,18692.4,24608.37,4068.18,11364979,107,26,4658,17,936.44,Weekly,UPI,2,6.08,10,1157045,Remaja (<25)
cust_4776,47,Suburban,High,635,9754.46,46795.44,2360.87,6194080,139,90,982,24,753.29,Monthly,Debit Card,16,53.43,4,627395,Dewasa (45-65)
cust_4777,40,Urban,Middle,12,2230.03,7007.45,549.9,26760,280,175,3718,33,1344.11,Daily,Wallet Balance,19,10.87,1,13739,Dewasa Muda (25-45)
cust_4778,44,Suburban,High,516,5798.66,19245.95,1576.71,2992109,72,342,3796,25,4600.27,Monthly,Credit Card,6,25.35,1,308002,Dewasa Muda (25-45)
cust_4779,22,Rural,Middle,362,17439.31,60341.48,2385.41,6313031,111,30,1408,23,3294.28,Weekly,UPI,16,60.96,9,643772,Remaja (<25)
cust_4780,64,Rural,High,858,16942.86,77330.45,1730.05,14536971,226,14,456,15,2279.64,Monthly,Debit Card,9,20.71,1,1455969,Dewasa (45-65)
cust_4781,18,Suburban,Low,579,18007.79,22348.07,7102.32,10426508,106,130,1649,35,4626.98,Weekly,Wallet Balance,17,67.35,2,1049135,Remaja (<25)
cust_4782,35,Rural,Middle,657,7776.69,35563.98,1827.04,5109285,159,131,1710,35,4500.74,Daily,UPI,17,58.88,7,522598,Dewasa Muda (25-45)
cust_4783,35,Urban,Low,969,12830.41,25130.99,4432.2,12432663,150,6,1582,20,2007.96,Monthly,UPI,20,69.74,2,1249426,Dewasa Muda (25-45)
cust_4784,68,Rural,High,477,5570.7,7307.65,1241.23,2657222,14,211,364,29,2818.2,Daily,Debit Card,12,8.44,4,271941,Senior (>65)
cust_4785,45,Urban,Low,577,3624.7,13154.26,1789.42,2091450,5,149,1168,48,4526.87,Daily,Wallet Balance,7,21.92,10,224017,Dewasa Muda (25-45)
cust_4786,50,Rural,High,82,447.8,2197.77,101.28,36719,127,276,144,19,1596.99,Monthly,UPI,4,57.17,2,7061,Dewasa (45-65)
cust_4787,50,Urban,Middle,617,4476.58,5501.58,1531.07,2762052,273,149,1066,41,2037.69,Monthly,UPI,0,48.81,3,284418,Dewasa (45-65)
cust_4788,64,Urban,High,693,12091.44,32701.14,2273.05,8379367,338,40,971,49,3965.07,Monthly,Debit Card,16,55.24,6,848796,Dewasa (45-65)
cust_4789,54,Suburban,High,340,18085.16,56410.12,5554.33,6148955,211,196,1576,18,3493.19,Daily,UPI,4,62.94,7,625100,Dewasa (45-65)
cust_4790,42,Urban,Middle,441,2677.08,5376.84,888.07,1180590,327,124,4224,10,243.25,Monthly,Debit Card,15,20.33,2,129385,Dewasa Muda (25-45)
cust_4791,41,Suburban,High,617,18361.05,90547.31,3178.84,11328768,346,71,4153,13,586.88,Weekly,Debit Card,17,70.04,9,1151189,Dewasa Muda (25-45)
cust_4792,29,Rural,Middle,226,6914.25,24641.37,1033.42,1562620,217,199,4149,35,4231.32,Weekly,Debit Card,2,54.92,2,167944,Dewasa Muda (25-45)
cust_4793,32,Rural,High,371,8542.3,37393.09,4180.95,3169193,79,33,1247,15,148.69,Weekly,UPI,17,68.3,4,324838,Dewasa Muda (25-45)
cust_4794,33,Rural,Middle,28,7305.92,19456.48,3341.05,204565,93,307,3786,2,4599.65,Weekly,Credit Card,8,8.73,5,30928,Dewasa Muda (25-45)
cust_4795,60,Urban,Low,995,8178.08,19756.79,2977.04,8137186,238,90,132,21,1358.76,Daily,Wallet Balance,20,40.61,8,823403,Dewasa (45-65)
cust_4796,67,Rural,High,16,5191.27,16677.64,2307.11,83060,234,90,3645,42,2991.9,Daily,Wallet Balance,13,58.96,4,22300,Senior (>65)
cust_4797,44,Rural,High,277,13975.11,38307.36,1931.7,3871104,177,335,1266,4,2822.9,Daily,Wallet Balance,16,7.34,1,389631,Dewasa Muda (25-45)
cust_4798,35,Suburban,High,333,15166.08,58537.92,5941.32,5050304,255,276,209,1,1981.27,Weekly,Credit Card,18,35.46,7,511557,Dewasa Muda (25-45)
cust_4799,68,Suburban,Middle,483,16464.03,33969.77,3527.28,7952124,321,275,4337,11,157.18,Daily,UPI,14,57.64,9,813907,Senior (>65)
cust_4800,42,Rural,High,810,6832.38,19119.48,2157.65,5534226,132,199,3281,44,962.36,Daily,UPI,7,4.51,5,568903,Dewasa Muda (25-45)
cust_4801,33,Rural,Middle,566,15294.89,70058.72,6208.59,8656908,265,56,3315,1,3074.87,Weekly,Wallet Balance,3,51.95,2,872883,Dewasa Muda (25-45)
cust_4802,19,Urban,High,288,12757.13,51340.2,1446.55,3674053,292,237,813,36,2231.86,Monthly,Debit Card,14,69.76,9,380515,Remaja (<25)
cust_4803,16,Urban,Low,114,19158.74,32038.79,7240.76,2184096,179,1,3520,18,2069.19,Daily,Wallet Balance,16,4.99,3,229215,Remaja (<25)
cust_4804,65,Rural,High,38,8501.46,38660.02,2328.95,323055,344,167,3449,23,488.51,Daily,Credit Card,10,66.17,2,43259,Dewasa (45-65)
cust_4805,16,Suburban,Low,454,19846.27,66605.4,5474.97,9010207,146,37,2131,4,1735.64,Monthly,Credit Card,11,30.76,4,908814,Remaja (<25)
cust_4806,41,Rural,Middle,882,14810.48,55052.74,6855.94,13062840,143,274,1448,25,2632.15,Daily,UPI,13,2.72,4,1314363,Dewasa Muda (25-45)
cust_4807,60,Urban,Low,742,15527.79,33804.41,6892.7,11521621,20,79,1695,27,388.46,Weekly,Debit Card,6,25.72,10,1168057,Dewasa (45-65)
cust_4808,35,Suburban,High,166,523.84,1449.03,64.44,86957,58,242,1509,34,333.48,Monthly,UPI,2,22.59,5,19947,Dewasa Muda (25-45)
cust_4809,67,Suburban,High,694,9952.99,42073.79,3456.93,6907377,296,134,1958,18,2457.77,Daily,UPI,10,18.68,1,696224,Senior (>65)
cust_4810,38,Urban,Middle,956,10571.45,24554.36,2900.16,10106307,66,252,2136,30,2806.26,Daily,Credit Card,1,59.84,10,1026499,Dewasa Muda (25-45)
cust_4811,25,Rural,High,205,821.6,1364.05,120.88,168427,345,357,3055,18,1288.21,Daily,UPI,16,33.12,1,25108,Remaja (<25)
cust_4812,26,Rural,High,878,6249.5,15706.37,2752.41,5487063,13,22,4274,42,1628.83,Daily,Credit Card,9,22.88,10,570639,Dewasa Muda (25-45)
cust_4813,56,Rural,Middle,245,19113.33,24405.32,2458.06,4682765,62,267,1228,43,3984.35,Weekly,UPI,0,23.02,7,480040,Dewasa (45-65)
cust_4814,56,Urban,Middle,871,8527.97,33015.39,962.29,7427859,46,218,1554,18,4346.18,Monthly,Credit Card,12,71.44,5,750520,Dewasa (45-65)
cust_4815,20,Suburban,Low,333,3742.17,5953.74,669.87,1246143,93,72,2562,19,1626.14,Weekly,Credit Card,13,44.94,10,140825,Remaja (<25)
cust_4816,16,Urban,Middle,943,10271.64,21986.48,2273.65,9686157,223,9,4211,41,1778.57,Weekly,Wallet Balance,16,3.95,6,986248,Remaja (<25)
cust_4817,32,Rural,High,396,684.97,3099.04,85.18,271249,23,135,3418,16,4151.63,Daily,Credit Card,9,64.04,7,40485,Dewasa Muda (25-45)
cust_4818,37,Urban,Middle,821,10324.61,32646.33,3680.98,8476508,357,195,2448,11,4869.17,Daily,Credit Card,19,52.59,1,852212,Dewasa Muda (25-45)
cust_4819,49,Suburban,High,507,11889.42,27171.54,3267.93,6027937,67,302,4394,34,1602.97,Daily,Debit Card,14,16.03,5,619180,Dewasa (45-65)
cust_4820,60,Urban,Low,929,7160.31,22846.17,1896.59,6651928,114,58,4764,25,3943.63,Monthly,Credit Card,20,9.06,8,683249,Dewasa (45-65)
cust_4821,56,Rural,Middle,924,15253.9,28572.24,2412.19,14094601,206,284,4605,7,2398.46,Weekly,Debit Card,16,27.78,3,1421170,Dewasa (45-65)
cust_4822,44,Suburban,High,121,2722.92,2997.1,749.12,329473,66,287,3179,39,1318.64,Weekly,Debit Card,12,15.76,2,44546,Dewasa Muda (25-45)
cust_4823,19,Urban,Middle,259,17564.89,59982.86,4497.78,4549305,50,308,3883,24,3408.93,Weekly,UPI,7,50.83,2,465392,Remaja (<25)
cust_4824,20,Urban,Middle,722,19109.34,73695.26,4843.4,13796946,141,251,1007,24,2312.75,Monthly,Credit Card,6,13.38,4,1386952,Remaja (<25)
cust_4825,26,Suburban,Middle,410,34.68,156.71,6.5,14218,258,91,539,44,1340.81,Daily,UPI,16,38.19,7,13229,Dewasa Muda (25-45)
cust_4826,66,Suburban,Middle,310,16856.01,68899.49,2322.34,5225361,34,204,211,21,536.15,Daily,UPI,4,46.23,2,526790,Senior (>65)
cust_4827,36,Rural,Low,808,10127.04,47665.06,2068.78,8182649,296,8,4070,12,4334.77,Monthly,Credit Card,3,48.5,6,831437,Dewasa Muda (25-45)
cust_4828,50,Suburban,High,706,9233.5,45648.7,3387.85,6518850,253,108,3893,41,4393.34,Monthly,Credit Card,16,55.37,7,668574,Dewasa (45-65)
cust_4829,27,Rural,Middle,68,4781.2,19027.92,617.58,325121,69,233,1393,14,374.81,Daily,Wallet Balance,3,36.71,9,45510,Dewasa Muda (25-45)
cust_4830,41,Urban,High,114,8952.03,40030.72,2264.23,1020531,189,342,2779,22,3316.98,Weekly,UPI,19,15.99,7,115152,Dewasa Muda (25-45)
cust_4831,66,Rural,Low,220,19009.04,70236.99,5812.02,4181988,153,274,2576,27,812.89,Daily,UPI,19,25.1,1,426644,Senior (>65)
cust_4832,34,Urban,High,220,4223.64,7111.57,2049.57,929201,203,120,1263,47,3231.6,Monthly,Wallet Balance,20,27.96,8,106530,Dewasa Muda (25-45)
cust_4833,60,Suburban,High,473,3589.03,6197.58,1570.31,1697613,77,305,3473,12,4538.09,Monthly,Credit Card,10,49.81,3,178638,Dewasa (45-65)
cust_4834,22,Urban,Low,730,4845.51,6982.56,2261.13,3537220,191,11,1012,31,1301.07,Daily,Wallet Balance,9,45.43,7,365195,Remaja (<25)
cust_4835,62,Suburban,Middle,749,11041.17,52687.33,4725.63,8269832,28,183,795,10,1739.65,Weekly,Debit Card,2,36.15,6,834703,Dewasa (45-65)
cust_4836,22,Urban,High,943,18606.69,68677.43,6245.26,17546111,213,309,1203,43,3975.65,Monthly,Debit Card,15,34.61,3,1762329,Remaja (<25)
cust_4837,41,Urban,High,386,11481.89,47760.53,5101.57,4432010,56,179,3343,13,3676.87,Monthly,UPI,12,5.27,2,451348,Dewasa Muda (25-45)
cust_4838,55,Urban,Middle,298,4877.21,11337.72,1590.45,1453409,112,206,4180,34,2043.28,Monthly,Wallet Balance,6,49.97,4,160079,Dewasa (45-65)
cust_4839,20,Urban,Middle,930,8814.64,25048.45,2142.83,8197616,243,92,3372,46,4242.74,Daily,Debit Card,10,58.09,1,829984,Remaja (<25)
cust_4840,36,Rural,High,606,7814.1,9057.46,1945.22,4735343,154,227,420,42,4602.93,Daily,UPI,18,64.09,10,486272,Dewasa Muda (25-45)
cust_4841,29,Urban,Low,253,940.92,4286.88,306.91,238053,155,6,2257,34,2263.22,Monthly,Credit Card,20,2.45,10,40587,Dewasa Muda (25-45)
cust_4842,19,Rural,Middle,405,10217.73,45080.77,4330.03,4138180,282,356,61,49,197.26,Daily,UPI,1,63.11,7,425741,Remaja (<25)
cust_4843,38,Suburban,Middle,492,2528.87,10467.6,388.08,1244202,271,12,4100,39,2547.2,Weekly,Debit Card,9,63.2,3,138246,Dewasa Muda (25-45)
cust_4844,57,Suburban,Low,357,16846.46,20775.19,1949.24,6014185,50,250,4591,22,3698.41,Daily,Debit Card,10,48.08,2,612951,Dewasa (45-65)
cust_4845,35,Rural,High,428,10983.77,18639.44,4567.35,4701052,68,198,3178,39,1100.18,Monthly,Debit Card,12,20.78,5,484811,Dewasa Muda (25-45)
cust_4846,30,Suburban,Middle,215,16893.68,39475.18,6065.45,3632141,132,127,1546,12,497.15,Weekly,Credit Card,19,64.37,7,374257,Dewasa Muda (25-45)
cust_4847,65,Suburban,High,993,19121.33,39241.77,8193.95,18987483,158,37,1750,5,1426.07,Daily,Wallet Balance,0,25.67,1,1903035,Dewasa (45-65)
cust_4848,67,Urban,High,380,18864.33,82132.28,9256.17,7168446,333,8,730,28,57.93,Monthly,Credit Card,17,42.25,1,722075,Senior (>65)
cust_4849,60,Urban,High,770,2017.58,3589.97,404.64,1553538,265,165,178,41,3577.36,Monthly,Credit Card,6,32.31,10,168021,Dewasa (45-65)
cust_4850,44,Urban,Low,859,18896.89,59118.89,3358.3,16232431,170,120,528,14,730.34,Weekly,Debit Card,6,63.9,8,1633333,Dewasa Muda (25-45)
cust_4851,23,Rural,High,752,15916.99,52295.65,3762.64,11969573,270,232,1410,4,3618.25,Daily,Credit Card,1,19.32,5,1203368,Remaja (<25)
cust_4852,56,Rural,High,827,15555.39,42000.28,7018.36,12864303,220,225,2599,32,1172.74,Daily,Credit Card,7,24.51,8,1302242,Dewasa (45-65)
cust_4853,63,Suburban,Middle,214,1811.67,3555.86,191.29,387697,40,233,335,39,4960.31,Daily,Credit Card,10,29.96,3,43859,Dewasa (45-65)
cust_4854,34,Urban,Middle,98,3598.5,17420.97,375.01,352652,289,287,2635,1,2658.98,Daily,Wallet Balance,16,61.69,2,41305,Dewasa Muda (25-45)
cust_4855,63,Rural,Low,528,19503.52,51754.47,3641.59,10297856,79,226,4853,32,206.69,Weekly,UPI,14,23.59,7,1049588,Dewasa (45-65)
cust_4856,54,Rural,Low,916,4275.27,16713.05,1070.38,3916146,239,145,1074,24,3863.39,Monthly,Debit Card,11,21.49,6,400230,Dewasa (45-65)
cust_4857,61,Urban,Middle,666,3389.38,5884.59,748.84,2257324,60,250,4736,26,2050.45,Monthly,Debit Card,19,57.52,4,240779,Dewasa (45-65)
cust_4858,43,Rural,Middle,528,7253.41,31126.15,3118.73,3829799,320,272,4816,47,3036.61,Monthly,Debit Card,7,28.53,7,402793,Dewasa Muda (25-45)
cust_4859,61,Urban,Low,710,18267.99,34043.63,6866.74,12970273,318,286,210,24,4756.07,Daily,Credit Card,4,48.21,9,1306469,Dewasa (45-65)
cust_4860,42,Suburban,High,620,9529.11,35269.38,4146.43,5908046,335,39,1667,4,2586.35,Daily,Wallet Balance,7,63.17,9,602245,Dewasa Muda (25-45)
cust_4861,19,Suburban,Low,535,18412.47,55715.84,4667.64,9850670,237,44,1454,50,4021.88,Daily,Credit Card,12,17.01,3,993964,Remaja (<25)
cust_4862,30,Suburban,High,554,6693.43,10617.31,2264.55,3708161,76,37,4144,42,1513.96,Daily,Credit Card,13,33.97,1,383547,Dewasa Muda (25-45)
cust_4863,50,Urban,Middle,549,4538.31,4991.22,1389.55,2491530,306,256,440,39,3572.61,Monthly,UPI,13,35.57,4,256146,Dewasa (45-65)
cust_4864,52,Rural,Middle,328,9909.11,46800.65,2872.56,3250187,39,211,550,3,496.62,Monthly,UPI,0,41.35,10,336170,Dewasa (45-65)
cust_4865,16,Suburban,Middle,902,12313.38,18504.08,2650.35,11106671,199,92,451,13,4466.75,Weekly,Wallet Balance,0,66.21,1,1111635,Remaja (<25)
cust_4866,18,Suburban,High,165,7836.06,29932.25,3006.61,1292950,105,19,3216,16,998.74,Weekly,UPI,8,70.62,7,143827,Remaja (<25)
cust_4867,62,Suburban,Low,116,6927.15,25012.14,2144.73,803549,70,100,654,40,1509.65,Daily,Wallet Balance,6,57.88,2,86908,Dewasa (45-65)
cust_4868,39,Rural,High,150,4369.01,10340.91,574.27,655350,282,147,4342,26,4791.06,Weekly,Credit Card,8,3.12,8,82423,Dewasa Muda (25-45)
cust_4869,42,Rural,Low,518,5507.39,9591.29,551.89,2852825,58,69,667,35,776.07,Monthly,Credit Card,1,9.31,5,294728,Dewasa Muda (25-45)
cust_4870,55,Urban,Low,32,13465.63,23070.84,1456.01,430900,329,130,2437,33,1272.05,Monthly,Debit Card,7,9.35,10,60627,Dewasa (45-65)
cust_4871,51,Suburban,Low,657,7403.77,24738.31,965.3,4864278,179,25,2000,9,2900.9,Monthly,UPI,0,38.74,1,490877,Dewasa (45-65)
cust_4872,49,Rural,Middle,806,1604.34,5114.14,398.49,1293100,308,115,4376,50,4903.47,Monthly,Credit Card,3,4.06,2,142610,Dewasa (45-65)
cust_4873,44,Urban,Low,913,2771.73,12483.13,616.06,2530586,222,90,3622,21,3457.1,Daily,UPI,11,37.33,4,264674,Dewasa Muda (25-45)
cust_4874,39,Suburban,Middle,293,7453.86,26535.83,1212.42,2183980,144,286,4240,40,570.95,Daily,Wallet Balance,3,54.38,3,233592,Dewasa Muda (25-45)
cust_4875,39,Rural,Low,919,18490.8,79087.01,5661.51,16993048,304,273,2510,21,3740.59,Weekly,UPI,18,22.44,5,1709554,Dewasa Muda (25-45)
cust_4876,57,Rural,Low,689,7586.81,8570.46,3702.92,5227315,27,341,4916,27,2131.08,Daily,Credit Card,6,34.33,4,538198,Dewasa (45-65)
cust_4877,19,Urban,Middle,957,1222.24,4502.68,200.79,1169679,161,212,1393,47,4961.64,Weekly,Wallet Balance,20,7.86,2,123973,Remaja (<25)
cust_4878,18,Suburban,Middle,177,8365.71,16186.26,1675.12,1480729,151,111,1555,19,3143.59,Monthly,UPI,0,5.89,9,160511,Remaja (<25)
cust_4879,49,Suburban,High,61,13379.66,26911.26,3811.08,816159,173,348,3414,48,2659.78,Weekly,UPI,10,38.9,7,98914,Dewasa (45-65)
cust_4880,64,Rural,Low,589,11875.99,46106.22,4231.85,6994956,211,76,3389,1,2786.33,Daily,Credit Card,3,1.86,5,709980,Dewasa (45-65)
cust_4881,38,Suburban,Middle,416,5583.27,23303.08,1898.87,2322640,356,296,1894,22,3207.81,Daily,Credit Card,3,50.94,4,240648,Dewasa Muda (25-45)
cust_4882,68,Urban,High,383,13764.9,34232.5,4246.19,5271955,22,88,4363,50,3659.15,Monthly,Wallet Balance,11,11.08,10,549092,Senior (>65)
cust_4883,67,Rural,High,598,12616.18,52487.19,4982.22,7544476,298,170,3026,33,391.61,Daily,UPI,16,64.49,5,768603,Senior (>65)
cust_4884,38,Rural,Middle,703,3451.74,9578.5,1513.17,2426571,365,147,911,47,653.35,Monthly,Debit Card,10,61.37,2,250852,Dewasa Muda (25-45)
cust_4885,60,Urban,Low,7,3251.28,14405.05,1624.3,22758,33,240,4097,15,1502.39,Daily,Wallet Balance,4,17.09,8,19218,Dewasa (45-65)
cust_4886,20,Rural,High,918,10948.19,12038.79,3133.42,10050438,109,55,971,27,2389.77,Monthly,Debit Card,1,17.69,2,1010490,Remaja (<25)
cust_4887,46,Suburban,Low,85,13192.18,17598.1,6569.48,1121335,47,92,116,13,1555.34,Weekly,Debit Card,8,3.61,8,120887,Dewasa (45-65)
cust_4888,68,Suburban,Low,774,19238.59,78982.26,7545.37,14890670,96,253,3847,0,1069.19,Weekly,Wallet Balance,15,70.83,5,1501226,Senior (>65)
cust_4889,56,Rural,High,957,8444.39,29524.63,3064.78,8081284,125,157,436,40,4625.15,Monthly,Wallet Balance,17,4.93,4,814687,Dewasa (45-65)
cust_4890,69,Urban,Middle,398,15301.14,49515.71,5445.26,6089851,335,251,3287,14,163.0,Weekly,Wallet Balance,11,35.05,7,623877,Senior (>65)
cust_4891,21,Urban,Low,912,2339.25,8084.25,1086.11,2133395,295,264,1584,14,4693.49,Daily,Wallet Balance,11,61.3,1,216560,Remaja (<25)
cust_4892,52,Suburban,Middle,771,17793.28,83997.87,8526.07,13718622,302,8,4312,24,4536.21,Monthly,Credit Card,3,12.38,7,1387618,Dewasa (45-65)
cust_4893,25,Urban,High,393,12665.82,45877.48,2170.89,4977667,328,325,4666,42,3418.91,Weekly,Debit Card,17,55.75,10,519589,Remaja (<25)
cust_4894,55,Rural,Low,47,12584.32,45176.49,3742.19,591462,307,299,1595,4,162.67,Weekly,Credit Card,20,12.98,5,67654,Dewasa (45-65)
cust_4895,22,Rural,Middle,341,2857.43,11537.96,1361.79,974383,25,98,2125,7,1126.78,Daily,UPI,20,22.63,6,107824,Remaja (<25)
cust_4896,54,Suburban,Middle,498,801.28,3578.9,202.6,399036,82,50,3190,21,4895.5,Weekly,Credit Card,15,19.15,5,50935,Dewasa (45-65)
cust_4897,53,Suburban,Low,606,14031.97,28732.56,2709.16,8503372,58,213,3939,38,4529.75,Weekly,Wallet Balance,4,4.34,7,866750,Dewasa (45-65)
cust_4898,36,Suburban,Middle,478,2349.96,8147.3,331.49,1123280,26,4,1342,37,4822.86,Monthly,Debit Card,1,9.73,1,117300,Dewasa Muda (25-45)
cust_4899,35,Urban,Middle,426,2548.13,8500.32,863.53,1085504,297,364,1662,38,4980.62,Daily,Debit Card,12,48.95,2,115184,Dewasa Muda (25-45)
cust_4900,18,Rural,High,426,3758.13,5785.25,1428.5,1600962,44,292,3278,50,319.44,Weekly,Debit Card,10,7.11,6,177492,Remaja (<25)
cust_4901,66,Rural,High,736,1963.95,6051.46,350.01,1445468,85,241,3743,45,2854.31,Monthly,Debit Card,2,70.27,7,162105,Senior (>65)
cust_4902,37,Rural,Middle,791,12511.6,15992.35,4622.47,9896672,22,19,2644,42,4170.69,Weekly,Wallet Balance,5,19.52,8,1005069,Dewasa Muda (25-45)
cust_4903,62,Suburban,Middle,515,8445.88,14694.46,3883.82,4349626,226,270,3075,50,1598.54,Monthly,Debit Card,13,8.78,4,449313,Dewasa (45-65)
cust_4904,19,Rural,Low,129,5329.26,24790.93,1052.17,687474,37,304,668,13,2177.79,Daily,UPI,5,27.44,3,73294,Remaja (<25)
cust_4905,43,Urban,High,835,8820.58,13027.76,1312.5,7365184,101,328,2357,18,1418.69,Daily,UPI,12,20.6,9,751323,Dewasa Muda (25-45)
cust_4906,27,Urban,Low,249,16884.36,55982.88,7330.68,4204205,142,201,1940,25,190.36,Daily,UPI,0,6.57,2,428705,Dewasa Muda (25-45)
cust_4907,53,Rural,Middle,741,18542.32,42534.64,8651.45,13739857,4,104,3151,37,363.57,Weekly,UPI,16,47.62,10,1393805,Dewasa (45-65)
cust_4908,66,Suburban,Low,839,9754.65,31422.19,1813.83,8184149,24,331,4139,32,107.21,Weekly,Credit Card,10,56.22,1,830839,Senior (>65)
cust_4909,51,Rural,Middle,131,11339.39,21997.22,4405.95,1485460,191,364,452,45,2636.22,Monthly,Debit Card,1,1.15,6,158631,Dewasa (45-65)
cust_4910,62,Urban,High,740,5151.43,14308.18,1732.77,3812055,321,82,1007,11,3092.12,Daily,Debit Card,1,41.6,3,385773,Dewasa (45-65)
cust_4911,56,Urban,High,689,10276.87,45930.77,2010.96,7080764,322,319,4825,28,1538.51,Daily,UPI,15,46.84,7,726757,Dewasa (45-65)
cust_4912,20,Urban,Middle,323,14964.91,37485.13,6426.88,4833666,269,55,1222,11,4130.74,Monthly,UPI,11,70.82,8,492845,Remaja (<25)
cust_4913,28,Rural,High,823,9847.82,23754.17,2837.9,8104759,27,288,3279,28,4440.07,Monthly,Wallet Balance,8,47.88,2,819613,Dewasa Muda (25-45)
cust_4914,38,Urban,Middle,900,6048.44,16841.71,2299.21,5443593,81,236,193,40,698.74,Weekly,Wallet Balance,4,22.22,7,555395,Dewasa Muda (25-45)
cust_4915,65,Suburban,Low,543,11644.87,16325.77,2568.5,6323162,121,164,1035,40,259.62,Daily,Wallet Balance,13,48.54,10,648256,Dewasa (45-65)
cust_4916,45,Rural,Middle,66,18933.65,48269.23,8071.66,1249621,365,365,1149,45,1596.9,Weekly,UPI,2,20.66,5,135961,Dewasa Muda (25-45)
cust_4917,52,Rural,Low,718,17760.8,18251.01,3653.65,12752252,69,85,439,19,3564.94,Monthly,Wallet Balance,6,10.91,5,1281220,Dewasa (45-65)
cust_4918,40,Urban,Middle,101,15387.16,46370.56,3783.93,1554102,313,219,731,33,2537.12,Daily,Credit Card,17,53.64,5,163903,Dewasa Muda (25-45)
cust_4919,63,Urban,High,832,5531.43,24292.74,1419.3,4602150,72,362,4397,45,2440.45,Monthly,Credit Card,20,35.36,5,477288,Dewasa (45-65)
cust_4920,42,Suburban,Middle,31,4838.77,15524.2,883.42,150002,246,213,3655,29,762.05,Monthly,UPI,14,68.58,10,34829,Dewasa Muda (25-45)
cust_4921,66,Rural,Middle,885,16772.36,57544.3,7543.33,14843537,246,203,4216,28,1757.27,Daily,Debit Card,3,5.42,5,1499707,Senior (>65)
cust_4922,29,Urban,Middle,191,3634.54,4078.87,528.44,694196,253,313,785,38,4794.46,Weekly,Credit Card,12,35.04,7,79392,Dewasa Muda (25-45)
cust_4923,63,Suburban,High,578,12116.17,53772.29,3940.8,7003146,364,300,2602,46,1702.8,Monthly,Wallet Balance,17,18.82,8,717267,Dewasa (45-65)
cust_4924,62,Urban,Middle,415,8784.21,22312.02,3739.09,3645446,73,242,4303,39,2957.16,Monthly,UPI,15,36.85,4,379572,Dewasa (45-65)
cust_4925,69,Rural,High,815,9365.05,45883.22,3112.59,7632515,274,162,4309,50,291.74,Monthly,UPI,0,4.02,7,783723,Senior (>65)
cust_4926,51,Urban,Middle,747,9096.32,13479.49,2099.05,6794952,16,179,1358,1,319.27,Weekly,UPI,1,3.87,9,691151,Dewasa (45-65)
cust_4927,54,Rural,Low,790,18000.0,86016.39,7425.76,14220002,179,92,2124,25,2121.27,Weekly,Debit Card,1,39.07,2,1429687,Dewasa (45-65)
cust_4928,31,Urban,Middle,714,1751.01,6193.62,524.73,1250224,352,138,1173,0,3020.56,Weekly,Wallet Balance,15,26.08,9,134858,Dewasa Muda (25-45)
cust_4929,37,Rural,Low,500,15660.2,18938.84,2587.15,7830099,40,112,2619,27,1861.71,Daily,Wallet Balance,7,2.63,6,796017,Dewasa Muda (25-45)
cust_4930,36,Suburban,High,862,16701.9,81618.8,3787.08,14397040,39,169,212,50,895.07,Weekly,Wallet Balance,0,44.22,9,1453680,Dewasa Muda (25-45)
cust_4931,69,Rural,High,737,18858.11,19904.59,6350.96,13898430,56,321,4593,7,3679.79,Monthly,Credit Card,14,32.52,7,1404889,Senior (>65)
cust_4932,36,Suburban,Middle,595,9057.47,35530.66,3292.49,5389196,233,101,4800,30,700.22,Monthly,Wallet Balance,16,70.37,5,556169,Dewasa Muda (25-45)
cust_4933,23,Rural,High,46,10006.3,45609.93,3194.54,460289,54,296,28,38,3340.08,Daily,Wallet Balance,16,60.11,5,53214,Remaja (<25)
cust_4934,64,Suburban,Middle,89,19226.28,32747.08,4014.52,1711138,172,193,2944,49,4783.67,Weekly,Debit Card,2,52.84,1,180510,Dewasa (45-65)
cust_4935,31,Urban,High,698,9174.44,21774.87,3096.38,6403756,302,358,3963,18,2352.68,Daily,Wallet Balance,20,35.03,3,651925,Dewasa Muda (25-45)
cust_4936,46,Rural,Low,375,10075.93,32695.57,2347.5,3778475,189,207,788,12,1002.17,Monthly,Credit Card,11,35.43,6,386122,Dewasa (45-65)
cust_4937,57,Urban,High,701,6651.76,24739.49,1263.63,4662886,43,286,2253,15,4209.91,Weekly,Debit Card,4,67.74,2,472189,Dewasa (45-65)
cust_4938,25,Suburban,Low,246,642.23,2882.02,307.12,157989,4,216,3739,22,2527.38,Daily,Credit Card,12,52.94,6,30213,Remaja (<25)
cust_4939,47,Rural,Middle,558,8666.76,35050.82,1958.25,4836052,261,228,1002,10,4616.11,Weekly,Debit Card,20,7.41,5,489301,Dewasa (45-65)
cust_4940,49,Rural,Middle,257,13105.28,32151.49,3069.89,3368055,58,361,2674,23,3602.93,Weekly,Wallet Balance,6,31.94,1,343652,Dewasa (45-65)
cust_4941,24,Urban,Middle,352,13802.02,59167.59,6331.13,4858310,37,43,1249,9,2153.05,Monthly,Wallet Balance,0,30.69,3,491152,Remaja (<25)
cust_4942,32,Rural,Low,921,140.11,681.53,22.01,129039,235,181,1623,50,3086.92,Monthly,UPI,16,8.98,1,20606,Dewasa Muda (25-45)
cust_4943,26,Rural,Middle,573,16023.04,30571.08,5349.1,9181204,265,347,4406,4,849.82,Monthly,Debit Card,12,61.04,7,933907,Dewasa Muda (25-45)
cust_4944,47,Urban,Middle,105,9853.39,12773.76,4074.22,1034605,15,286,2638,11,1936.15,Daily,UPI,10,20.99,7,115868,Dewasa (45-65)
cust_4945,25,Rural,Low,337,10419.7,28200.7,2182.57,3511438,88,297,3512,35,2969.36,Daily,Wallet Balance,16,27.53,1,361183,Remaja (<25)
cust_4946,37,Urban,High,526,19235.26,87050.85,8417.97,10117744,99,44,2703,25,2950.21,Daily,Wallet Balance,12,70.56,8,1026205,Dewasa Muda (25-45)
cust_4947,32,Urban,Middle,301,5696.38,9120.85,2323.32,1714609,105,37,84,27,2936.08,Weekly,Debit Card,3,49.43,7,179860,Dewasa Muda (25-45)
cust_4948,19,Urban,High,77,15235.42,69217.46,4485.88,1173127,217,249,4866,15,3717.68,Weekly,UPI,4,58.22,3,129685,Remaja (<25)
cust_4949,63,Urban,High,511,11499.78,57140.69,1696.06,5876386,191,83,4500,1,528.27,Monthly,Wallet Balance,13,8.47,2,598474,Dewasa (45-65)
cust_4950,67,Urban,Middle,230,14018.96,17047.18,6841.85,3224361,215,257,3114,25,368.29,Weekly,UPI,15,39.34,9,339979,Senior (>65)
cust_4951,62,Suburban,Middle,679,8362.17,24927.84,2924.19,5677914,198,217,3672,3,740.1,Weekly,Debit Card,5,51.8,7,582065,Dewasa (45-65)
cust_4952,40,Suburban,Low,578,5591.36,12947.03,1715.65,3231805,105,10,4328,28,3961.97,Monthly,Debit Card,1,58.74,6,338655,Dewasa Muda (25-45)
cust_4953,36,Urban,Low,32,10927.06,28134.11,4962.85,349665,27,238,4603,15,324.27,Daily,Debit Card,12,63.82,5,50510,Dewasa Muda (25-45)
cust_4954,52,Suburban,Middle,608,7505.07,21063.28,2015.43,4563084,182,26,1373,21,1126.18,Monthly,Debit Card,17,7.38,5,465591,Dewasa (45-65)
cust_4955,53,Suburban,High,58,4465.99,17680.05,1453.49,259027,83,251,1463,42,1273.88,Weekly,Wallet Balance,3,53.49,3,35391,Dewasa (45-65)
cust_4956,64,Rural,Low,104,16786.33,56489.34,7442.47,1745778,159,215,1574,5,3236.26,Monthly,Wallet Balance,15,7.97,5,181607,Dewasa (45-65)
cust_4957,16,Urban,Low,312,9521.87,46131.61,2448.92,2970824,230,145,3033,27,2008.15,Weekly,Debit Card,3,29.69,8,312844,Remaja (<25)
cust_4958,40,Suburban,Middle,646,16947.84,39506.41,6930.93,10948305,235,320,4116,10,994.97,Monthly,UPI,15,32.68,2,1105565,Dewasa Muda (25-45)
cust_4959,66,Rural,Middle,729,9485.89,30032.49,1920.47,6915214,288,222,2092,41,2247.69,Weekly,UPI,20,21.35,3,701681,Senior (>65)
cust_4960,51,Rural,Middle,67,11140.39,47383.56,4243.89,746405,18,324,2652,46,3427.26,Weekly,Wallet Balance,16,62.3,3,85830,Dewasa (45-65)
cust_4961,32,Urban,Middle,978,19905.65,49607.15,6054.78,19467727,284,18,2090,20,3930.26,Monthly,Credit Card,2,42.63,6,1956987,Dewasa Muda (25-45)
cust_4962,56,Urban,Low,690,19030.57,54450.2,3158.36,13131092,71,339,3251,25,619.42,Weekly,Credit Card,5,10.98,1,1322801,Dewasa (45-65)
cust_4963,39,Rural,Low,374,5441.08,20349.09,840.12,2034964,215,228,296,38,3573.58,Weekly,Credit Card,18,27.46,5,211101,Dewasa Muda (25-45)
cust_4964,17,Urban,Low,759,17374.42,77194.15,4918.27,13187185,117,236,1130,46,22.61,Weekly,Wallet Balance,1,6.6,9,1334567,Remaja (<25)
cust_4965,55,Urban,High,806,7814.17,20806.98,3003.29,6298217,100,346,2984,21,3621.62,Monthly,Debit Card,13,36.12,1,637078,Dewasa (45-65)
cust_4966,30,Rural,Low,235,1434.26,4486.09,489.54,337051,88,276,716,29,3305.02,Daily,Wallet Balance,2,26.19,6,42384,Dewasa Muda (25-45)
cust_4967,47,Rural,Low,643,11519.86,56452.96,5090.51,7407271,348,121,3983,29,2343.33,Daily,Debit Card,6,23.85,7,757421,Dewasa (45-65)
cust_4968,54,Urban,Middle,112,19541.27,22860.87,4999.92,2188621,153,62,4731,32,684.37,Monthly,Debit Card,10,60.87,1,232182,Dewasa (45-65)
cust_4969,21,Suburban,Low,389,19486.53,54424.22,8524.52,7580260,295,331,3184,39,3822.75,Monthly,Debit Card,14,61.33,6,772382,Remaja (<25)
cust_4970,16,Urban,Low,408,2538.04,8994.64,291.4,1035521,177,187,4142,29,358.77,Daily,Wallet Balance,17,49.24,4,118556,Remaja (<25)
cust_4971,62,Suburban,Low,54,15427.02,15947.06,3800.01,833059,132,25,1307,36,4477.84,Monthly,UPI,3,66.27,4,91280,Dewasa (45-65)
cust_4972,38,Rural,Middle,802,16058.63,54392.93,2074.67,12879023,308,339,4426,29,3867.3,Weekly,UPI,2,47.48,6,1303720,Dewasa Muda (25-45)
cust_4973,54,Suburban,Low,239,7381.21,9040.5,3452.17,1764108,122,96,4331,25,3704.82,Monthly,Wallet Balance,15,44.95,10,195720,Dewasa (45-65)
cust_4974,32,Rural,Low,752,13175.32,58369.73,3822.49,9907838,211,321,861,5,3771.97,Daily,UPI,7,7.65,10,1001119,Dewasa Muda (25-45)
cust_4975,49,Urban,High,295,9768.31,41303.77,2212.16,2881650,68,193,4811,3,337.87,Weekly,Credit Card,7,1.74,8,305918,Dewasa (45-65)
cust_4976,56,Urban,High,112,4565.58,5154.64,1355.96,511345,57,254,2484,14,4949.75,Daily,Credit Card,3,15.9,3,58027,Dewasa (45-65)
cust_4977,44,Rural,High,88,15227.67,18200.36,4768.37,1340035,13,67,1097,35,4293.0,Daily,UPI,15,56.86,7,144551,Dewasa Muda (25-45)
cust_4978,24,Rural,High,740,5262.43,21125.78,2307.54,3894195,193,314,570,2,2539.67,Weekly,UPI,3,66.97,10,399489,Remaja (<25)
cust_4979,28,Rural,Middle,476,6815.55,16890.16,2160.33,3244202,63,40,1314,15,3597.0,Daily,UPI,5,17.3,4,330749,Dewasa Muda (25-45)
cust_4980,21,Urban,High,304,3808.47,12568.34,1038.01,1157774,327,224,947,15,3696.29,Daily,UPI,5,12.97,3,120323,Remaja (<25)
cust_4981,21,Urban,Low,305,14388.23,29946.42,6971.7,4388411,153,356,4153,39,4148.93,Daily,UPI,17,60.33,3,451972,Remaja (<25)
cust_4982,35,Suburban,High,290,9179.89,15531.24,4474.49,2662169,23,222,4595,26,1276.87,Daily,Wallet Balance,11,27.95,6,283368,Dewasa Muda (25-45)
cust_4983,67,Rural,Middle,208,8873.03,19381.44,1023.65,1845590,30,103,730,5,1860.26,Monthly,Credit Card,7,70.43,10,195588,Senior (>65)
cust_4984,68,Suburban,High,868,12095.21,24031.43,4629.3,10498643,189,318,2843,20,3998.43,Daily,Debit Card,13,69.22,8,1063551,Senior (>65)
cust_4985,18,Urban,High,903,3153.7,8809.0,784.33,2847787,310,248,4577,12,3844.92,Monthly,Wallet Balance,6,24.74,1,294210,Remaja (<25)
cust_4986,32,Suburban,Middle,786,17964.1,71617.55,6648.15,14119779,109,162,325,8,2613.08,Daily,Debit Card,1,40.75,4,1416121,Dewasa Muda (25-45)
cust_4987,64,Suburban,Middle,582,9307.53,29937.83,3302.02,5416981,353,264,4326,40,1981.03,Daily,UPI,7,49.26,1,554359,Dewasa (45-65)
cust_4988,27,Urban,Middle,370,7336.87,25214.72,1702.46,2714642,60,25,3929,42,4842.21,Monthly,Debit Card,10,46.44,8,289101,Dewasa Muda (25-45)
cust_4989,63,Urban,Middle,220,2542.55,7323.33,1257.7,559359,66,154,3235,7,2075.11,Weekly,Wallet Balance,16,70.26,5,67068,Dewasa (45-65)
cust_4990,62,Rural,Middle,231,3367.4,7741.44,817.75,777870,166,219,1383,27,3819.93,Weekly,UPI,9,26.5,3,84343,Dewasa (45-65)
cust_4991,60,Suburban,Middle,802,18408.0,28974.85,6494.21,14763218,141,254,3281,44,2063.21,Weekly,UPI,6,52.54,8,1494252,Dewasa (45-65)
cust_4992,16,Urban,Low,819,9137.77,22097.53,3886.79,7483837,52,215,4073,18,1549.18,Daily,Wallet Balance,5,42.25,9,766555,Remaja (<25)
cust_4993,32,Urban,High,873,14446.46,52885.51,2285.23,12611756,180,169,554,28,3204.98,Weekly,Debit Card,8,37.96,5,1268481,Dewasa Muda (25-45)
cust_4994,18,Suburban,High,349,1619.52,6373.0,356.66,565213,32,80,2470,30,4038.08,Daily,Wallet Balance,18,11.53,1,63442,Remaja (<25)
cust_4995,41,Urban,Middle,255,12872.86,37031.68,2311.82,3282578,214,72,3204,32,4906.89,Daily,Debit Card,4,54.51,6,341412,Dewasa Muda (25-45)
cust_4996,30,Rural,Middle,452,18431.17,65983.38,7607.08,8330888,265,63,202,48,744.52,Weekly,Debit Card,4,29.23,5,842920,Dewasa Muda (25-45)
cust_4997,51,Rural,Low,142,6006.27,11064.54,2525.54,852890,17,75,4785,5,4380.57,Monthly,Wallet Balance,2,10.18,6,99168,Dewasa (45-65)
cust_4998,47,Suburban,Low,69,11587.02,51449.44,2344.95,799504,126,263,4879,43,2620.71,Monthly,UPI,3,1.81,4,96698,Dewasa (45-65)
cust_4999,47,Rural,Middle,89,18804.98,83940.65,1911.57,1673643,82,98,1587,3,538.71,Monthly,Credit Card,11,11.55,7,177568,Dewasa (45-65)
cust_5000,19,Urban,Low,871,14389.26,32826.38,3875.61,12533043,40,85,452,15,3971.89,Monthly,UPI,5,50.02,5,1258722,Remaja (<25)
cust_5001,33,Urban,Low,136,1255.89,4007.35,470.78,170800,104,325,3074,2,1657.72,Weekly,Wallet Balance,20,54.16,7,29599,Dewasa Muda (25-45)
cust_5002,64,Urban,Middle,655,7580.96,25977.27,2645.76,4965525,219,306,1112,24,4341.25,Weekly,Wallet Balance,9,4.26,10,509005,Dewasa (45-65)
cust_5003,34,Urban,Middle,851,1724.6,4983.6,479.92,1467632,182,273,1074,16,789.01,Weekly,Wallet Balance,7,11.99,2,152116,Dewasa Muda (25-45)
cust_5004,58,Suburban,Middle,699,17227.74,80015.41,3803.48,12042189,156,149,3524,21,3555.46,Weekly,Debit Card,16,71.94,3,1214589,Dewasa (45-65)
cust_5005,67,Rural,Middle,523,12437.04,49236.59,3603.69,6504570,178,6,4767,17,1503.98,Monthly,UPI,5,30.38,1,661939,Senior (>65)
cust_5006,50,Rural,High,660,19128.07,70583.39,2028.36,12624526,18,109,479,31,1286.74,Daily,Credit Card,4,64.55,3,1268867,Dewasa (45-65)
cust_5007,55,Urban,High,951,404.93,1247.33,52.46,385087,141,199,3204,17,251.3,Weekly,Wallet Balance,9,29.88,8,54491,Dewasa (45-65)
cust_5008,29,Suburban,Middle,804,8467.52,11341.3,1397.74,6807883,161,331,3318,25,2409.54,Weekly,Wallet Balance,11,38.56,5,693719,Dewasa Muda (25-45)
cust_5009,48,Urban,Low,850,2096.24,3000.32,734.02,1781802,214,338,2933,49,1957.51,Monthly,Credit Card,13,63.17,9,196967,Dewasa (45-65)
cust_5010,29,Urban,Middle,910,7016.25,15407.94,1315.69,6384788,222,38,3794,24,308.45,Monthly,UPI,2,71.28,1,649312,Dewasa Muda (25-45)
cust_5011,49,Suburban,High,442,3246.12,5992.62,874.35,1434783,262,319,2443,27,1133.21,Weekly,UPI,19,6.04,5,155497,Dewasa (45-65)
cust_5012,19,Suburban,Low,38,6582.59,31663.06,2294.46,250138,45,128,4254,39,2436.36,Daily,Wallet Balance,3,45.89,2,38203,Remaja (<25)
cust_5013,39,Urban,High,857,16387.05,43249.52,7082.99,14043699,187,140,2512,22,4041.36,Weekly,Wallet Balance,3,34.26,8,1417573,Dewasa Muda (25-45)
cust_5014,44,Rural,Middle,208,3222.38,14521.4,1030.72,670254,354,248,1173,7,4647.24,Monthly,Credit Card,7,39.28,2,69747,Dewasa Muda (25-45)
cust_5015,34,Urban,High,210,9478.56,40495.42,1619.42,1990497,241,259,3061,12,2576.66,Monthly,Debit Card,3,15.32,9,214083,Dewasa Muda (25-45)
cust_5016,21,Rural,High,513,18432.45,78343.08,8860.4,9455845,225,147,4654,43,2016.53,Monthly,Debit Card,18,64.5,6,964184,Remaja (<25)
cust_5017,48,Rural,High,360,19975.6,37211.15,2716.8,7191215,334,343,1896,46,4773.77,Monthly,UPI,14,21.36,10,735126,Dewasa (45-65)
cust_5018,64,Suburban,Low,577,5020.32,14003.1,1239.25,2896722,48,195,2294,9,4814.31,Monthly,Wallet Balance,12,10.89,9,301753,Dewasa (45-65)
cust_5019,55,Suburban,High,1,18712.01,42510.09,8767.13,18712,111,215,2746,40,952.06,Monthly,Wallet Balance,4,51.33,2,12887,Dewasa (45-65)
cust_5020,34,Urban,Low,755,5235.16,25556.19,1784.84,3952545,83,241,1355,2,2657.28,Weekly,Debit Card,14,70.61,9,405835,Dewasa Muda (25-45)
cust_5021,68,Rural,Middle,981,8276.43,37301.7,3021.4,8119182,104,133,1194,9,4104.55,Daily,Wallet Balance,17,18.07,4,817153,Senior (>65)
cust_5022,16,Rural,Middle,381,17559.69,35114.02,3875.02,6690243,74,29,1498,48,4111.29,Daily,Debit Card,4,34.3,3,677764,Remaja (<25)
cust_5023,20,Urban,High,828,15725.66,35446.92,2066.59,13020846,55,98,2889,14,3424.89,Monthly,UPI,17,5.6,4,1311550,Remaja (<25)
cust_5024,42,Urban,Low,537,17151.18,53436.84,4224.41,9210181,317,364,1028,23,2357.34,Weekly,Debit Card,9,24.68,8,932195,Dewasa Muda (25-45)
cust_5025,31,Urban,Middle,859,16007.13,33845.85,4175.67,13750125,2,182,515,9,2018.28,Weekly,Credit Card,17,58.21,7,1382933,Dewasa Muda (25-45)
cust_5026,21,Suburban,Low,394,4708.87,20239.29,979.96,1855294,242,152,4582,20,4032.06,Monthly,UPI,6,63.59,6,200677,Remaja (<25)
cust_5027,55,Urban,Low,50,11180.31,47817.37,2081.71,559015,258,103,897,45,1128.62,Monthly,Credit Card,9,17.64,1,62631,Dewasa (45-65)
cust_5028,28,Urban,High,396,7711.16,30053.19,1867.67,3053620,332,288,4407,47,2142.15,Monthly,Wallet Balance,3,39.87,2,319804,Dewasa Muda (25-45)
cust_5029,63,Rural,High,860,9199.62,34565.2,3272.92,7911675,10,235,1671,37,2834.32,Weekly,Debit Card,8,56.72,10,806792,Dewasa (45-65)
cust_5030,50,Urban,Low,753,3087.59,9846.95,1480.85,2324952,76,133,2771,38,4158.92,Weekly,Credit Card,12,2.31,2,241757,Dewasa (45-65)
cust_5031,34,Rural,Low,32,6322.19,15100.24,2411.99,202310,258,230,4858,41,1869.25,Daily,Wallet Balance,15,16.07,8,41112,Dewasa Muda (25-45)
cust_5032,27,Rural,High,545,17154.37,74582.96,7064.88,9349129,121,35,3042,50,2743.28,Daily,Credit Card,12,3.65,5,949625,Dewasa Muda (25-45)
cust_5033,31,Suburban,Low,712,17952.19,79623.87,3993.05,12781961,321,358,693,49,1395.82,Daily,Credit Card,2,10.0,5,1288784,Dewasa Muda (25-45)
cust_5034,58,Urban,High,234,12206.96,14624.4,1731.89,2856428,215,80,4845,27,4184.56,Daily,Credit Card,14,13.61,6,301940,Dewasa (45-65)
cust_5035,25,Urban,Low,26,9970.36,25867.88,2159.63,259229,245,355,158,40,3927.71,Daily,Credit Card,16,3.1,3,31275,Remaja (<25)
cust_5036,40,Rural,High,554,14259.67,15778.47,3722.65,7899854,337,242,3603,1,4100.49,Monthly,UPI,2,32.09,2,797241,Dewasa Muda (25-45)
cust_5037,35,Suburban,Low,434,12180.98,53083.59,4579.47,5286543,180,344,4488,40,287.38,Weekly,UPI,2,30.29,3,544486,Dewasa Muda (25-45)
cust_5038,46,Suburban,High,61,19673.66,33609.96,9359.62,1200093,341,133,243,3,2434.49,Daily,Credit Card,18,21.71,5,124578,Dewasa (45-65)
cust_5039,19,Urban,Low,553,3809.87,14079.27,1614.31,2106860,300,9,3745,42,679.21,Monthly,Wallet Balance,3,23.59,10,232036,Remaja (<25)
cust_5040,59,Rural,Middle,441,8986.4,21832.5,1856.23,3963004,290,253,4839,48,3368.8,Weekly,Credit Card,2,39.14,9,418094,Dewasa (45-65)
cust_5041,38,Urban,Middle,130,18365.63,78315.84,7862.7,2387531,73,33,2949,2,1556.95,Daily,Debit Card,20,58.14,5,249072,Dewasa Muda (25-45)
cust_5042,17,Urban,Low,867,18295.59,55595.69,4842.82,15862279,209,347,290,31,3872.88,Monthly,UPI,15,70.23,6,1593971,Remaja (<25)
cust_5043,37,Urban,Middle,354,9911.98,22773.85,1686.78,3508842,241,187,130,46,325.83,Daily,UPI,18,59.0,10,365581,Dewasa Muda (25-45)
cust_5044,66,Urban,Low,198,2704.83,6208.89,769.53,535556,362,11,1414,33,2566.3,Daily,Debit Card,5,28.68,3,61400,Senior (>65)
cust_5045,52,Rural,Low,799,16301.01,37617.99,5302.53,13024506,173,69,3405,15,618.33,Weekly,Debit Card,16,63.16,5,1315451,Dewasa (45-65)
cust_5046,23,Suburban,Middle,663,11707.45,48636.47,4745.76,7762040,5,138,4373,3,2789.5,Monthly,UPI,3,59.52,4,787855,Remaja (<25)
cust_5047,22,Urban,Low,716,15465.59,59456.87,3711.1,11073361,217,131,2189,17,3036.76,Weekly,Debit Card,16,65.77,7,1118895,Remaja (<25)
cust_5048,29,Urban,High,694,9255.85,21074.24,1469.01,6423558,214,251,3928,27,2310.72,Daily,UPI,1,5.65,8,659756,Dewasa Muda (25-45)
cust_5049,18,Urban,Low,371,4085.64,12096.89,562.76,1515772,325,123,3780,41,1398.23,Daily,Wallet Balance,18,26.1,1,163538,Remaja (<25)
cust_5050,65,Urban,Low,924,489.55,638.67,70.97,452342,310,273,392,5,161.64,Daily,Wallet Balance,20,4.3,3,49437,Dewasa (45-65)
cust_5051,31,Suburban,Middle,719,11187.17,48216.73,5369.95,8043578,38,243,2556,42,3310.57,Weekly,Credit Card,8,23.82,9,821014,Dewasa Muda (25-45)
cust_5052,34,Suburban,High,147,3229.31,6664.72,1552.33,474709,61,162,4072,41,4352.21,Daily,UPI,2,20.92,1,58538,Dewasa Muda (25-45)
cust_5053,66,Suburban,Low,716,3750.87,17092.35,1828.56,2685624,95,95,3173,0,3668.24,Monthly,Debit Card,12,65.64,8,281074,Senior (>65)
cust_5054,33,Suburban,Low,498,8731.75,29576.07,1929.68,4348411,233,162,2084,15,4465.09,Daily,UPI,17,68.09,2,440276,Dewasa Muda (25-45)
cust_5055,67,Urban,Low,48,8847.12,28941.41,1562.81,424661,277,323,596,36,4647.5,Weekly,Credit Card,19,50.35,10,54934,Senior (>65)
cust_5056,31,Rural,Low,770,5495.0,9071.55,2705.55,4231148,36,284,2481,8,2247.73,Daily,Credit Card,14,21.08,10,437752,Dewasa Muda (25-45)
cust_5057,23,Suburban,Low,651,2647.12,3383.4,1311.14,1723278,1,361,2543,16,3489.96,Monthly,UPI,1,1.49,5,182268,Remaja (<25)
cust_5058,48,Suburban,Low,172,18899.61,60676.55,2482.28,3250732,150,229,1559,35,1986.89,Monthly,Credit Card,20,48.61,3,333697,Dewasa (45-65)
cust_5059,64,Urban,High,613,2641.5,7586.26,1059.27,1619236,215,116,4987,33,4597.71,Weekly,Credit Card,11,36.46,7,179898,Dewasa (45-65)
cust_5060,27,Urban,High,699,7021.94,10383.57,1512.99,4908338,46,221,3053,30,2814.86,Daily,UPI,6,15.72,2,500532,Dewasa Muda (25-45)
cust_5061,68,Urban,Low,896,6104.31,26507.06,2830.69,5469462,65,169,3197,33,3762.25,Weekly,Credit Card,10,13.48,8,562759,Senior (>65)
cust_5062,26,Urban,Low,315,17328.09,46248.0,2351.25,5458349,6,315,2352,36,72.59,Monthly,Wallet Balance,14,40.75,1,555102,Dewasa Muda (25-45)
cust_5063,20,Rural,Middle,376,8207.15,16757.61,3737.79,3085887,81,330,4351,33,2877.75,Weekly,UPI,6,10.25,6,325151,Remaja (<25)
cust_5064,42,Rural,High,806,2489.63,10339.65,251.57,2006641,189,145,1415,44,3709.96,Daily,Credit Card,7,39.98,3,209039,Dewasa Muda (25-45)
cust_5065,27,Suburban,High,921,215.12,1000.78,66.43,198123,151,286,4682,36,1285.03,Daily,Debit Card,11,66.04,1,33133,Dewasa Muda (25-45)
cust_5066,32,Rural,Low,875,14441.77,32116.35,3382.63,12636551,148,182,2669,0,71.87,Monthly,UPI,5,57.19,10,1278957,Dewasa Muda (25-45)
cust_5067,21,Suburban,High,533,14292.88,58655.1,3872.42,7618103,28,308,1029,14,3718.16,Monthly,Wallet Balance,13,67.84,1,764409,Remaja (<25)
cust_5068,48,Suburban,High,810,8361.5,30185.66,2286.98,6772811,165,275,848,30,1690.43,Monthly,Debit Card,4,18.63,3,684131,Dewasa (45-65)
cust_5069,20,Rural,Middle,420,2534.9,12570.33,916.22,1064656,135,37,2997,50,2143.95,Monthly,Debit Card,3,68.6,6,122387,Remaja (<25)
cust_5070,43,Suburban,Middle,905,7438.96,13508.93,812.62,6732258,254,363,1330,13,2810.26,Monthly,Wallet Balance,3,34.74,7,682780,Dewasa Muda (25-45)
cust_5071,29,Urban,High,396,11801.75,57152.52,4443.9,4673493,305,36,1025,43,551.26,Daily,Debit Card,8,45.78,4,477423,Dewasa Muda (25-45)
cust_5072,20,Suburban,High,522,14081.82,31840.24,1533.22,7350709,212,68,3229,33,517.76,Daily,Wallet Balance,14,21.87,3,747570,Remaja (<25)
cust_5073,69,Urban,High,187,1574.02,4167.71,274.05,294340,280,360,817,0,4804.4,Daily,Wallet Balance,17,71.59,3,31665,Senior (>65)
cust_5074,48,Rural,Low,645,11130.59,27106.35,3814.41,7179228,80,121,1222,34,1694.48,Weekly,Credit Card,6,32.08,4,726919,Dewasa (45-65)
cust_5075,65,Rural,Middle,33,5529.72,11467.55,744.16,182480,269,155,1423,10,1277.62,Weekly,UPI,19,14.31,3,24455,Dewasa (45-65)
cust_5076,63,Suburban,Low,69,12349.15,46592.0,6129.64,852091,348,205,4178,16,238.69,Monthly,UPI,15,41.75,4,99045,Dewasa (45-65)
cust_5077,56,Urban,Middle,592,12966.32,43522.51,5364.86,7676062,15,44,3022,4,869.64,Daily,Debit Card,10,19.15,6,779615,Dewasa (45-65)
cust_5078,34,Suburban,Middle,191,18212.97,40483.2,6962.21,3478676,87,289,3510,16,2154.48,Monthly,Debit Card,3,31.95,9,364410,Dewasa Muda (25-45)
cust_5079,37,Rural,Middle,101,8213.46,12557.15,1700.78,829559,223,90,3533,17,1710.37,Daily,Credit Card,7,15.77,10,100866,Dewasa Muda (25-45)
cust_5080,20,Suburban,High,485,10756.44,24411.76,1284.6,5216872,325,212,3116,24,2122.91,Daily,UPI,2,28.46,10,539257,Remaja (<25)
cust_5081,17,Suburban,Middle,285,5371.62,13562.94,2640.22,1530911,91,63,4270,34,3519.55,Daily,UPI,20,7.57,7,170271,Remaja (<25)
cust_5082,45,Urban,Low,914,5738.27,14475.45,913.19,5244783,316,72,1568,46,3208.95,Daily,Credit Card,4,21.22,7,537609,Dewasa Muda (25-45)
cust_5083,62,Rural,Middle,733,930.22,2259.53,402.06,681847,266,336,4479,15,2465.77,Daily,Wallet Balance,2,18.66,7,84409,Dewasa (45-65)
cust_5084,54,Suburban,Low,390,5728.52,6844.95,1025.44,2234122,307,290,3937,46,4074.11,Daily,Wallet Balance,19,68.29,5,238849,Dewasa (45-65)
cust_5085,19,Urban,Middle,565,1285.94,3672.8,321.02,726553,320,27,407,48,4286.62,Daily,UPI,8,43.07,7,83126,Remaja (<25)
cust_5086,48,Suburban,Middle,978,19278.68,83762.62,7276.46,18854545,106,362,1108,49,2954.06,Weekly,Debit Card,2,2.88,8,1899093,Dewasa (45-65)
cust_5087,28,Urban,High,160,12489.02,21499.42,5971.58,1998243,253,53,2903,22,587.86,Weekly,Debit Card,9,65.87,7,214536,Dewasa Muda (25-45)
cust_5088,35,Urban,Low,892,3471.24,5493.69,374.59,3096345,199,242,3684,39,2030.9,Monthly,UPI,16,46.75,3,322887,Dewasa Muda (25-45)
cust_5089,69,Suburban,Middle,554,2344.16,6768.54,478.93,1298664,56,293,2511,20,3172.32,Daily,Debit Card,20,24.94,10,145302,Senior (>65)
cust_5090,22,Rural,Middle,47,7408.75,18391.57,3007.85,348211,239,100,4816,28,314.26,Monthly,UPI,20,27.01,9,56096,Remaja (<25)
cust_5091,30,Rural,Low,159,6159.87,19989.53,1043.22,979419,347,79,3345,45,99.53,Weekly,UPI,10,3.23,10,119082,Dewasa Muda (25-45)
cust_5092,38,Urban,Middle,446,5592.3,26777.61,808.55,2494167,341,326,3257,35,4741.67,Daily,Credit Card,8,70.18,6,263059,Dewasa Muda (25-45)
cust_5093,29,Rural,High,696,9369.24,37884.94,1110.01,6520990,363,90,1071,9,3650.32,Weekly,Credit Card,10,62.09,8,661315,Dewasa Muda (25-45)
cust_5094,38,Urban,Low,758,18258.35,68436.54,5495.69,13839827,218,25,4362,19,765.54,Weekly,UPI,6,5.64,6,1400224,Dewasa Muda (25-45)
cust_5095,34,Rural,High,523,11365.32,30274.36,4626.75,5944064,212,161,3217,6,2225.63,Monthly,Debit Card,0,49.39,4,604327,Dewasa Muda (25-45)
cust_5096,69,Suburban,Low,666,10429.42,22417.4,5055.07,6945992,189,195,1039,29,967.79,Daily,Credit Card,13,32.89,1,700093,Senior (>65)
cust_5097,44,Rural,Low,732,16132.9,50997.02,3339.42,11809285,335,201,3368,28,51.43,Monthly,Debit Card,10,58.39,7,1197438,Dewasa Muda (25-45)
cust_5098,35,Urban,Low,155,90.45,410.81,13.44,14020,365,166,2496,0,1958.47,Daily,UPI,13,45.26,8,13414,Dewasa Muda (25-45)
cust_5099,44,Urban,Middle,339,3955.74,17828.4,1032.53,1340995,102,222,3626,20,3241.92,Daily,Debit Card,17,30.31,4,145730,Dewasa Muda (25-45)
cust_5100,39,Rural,Low,953,9928.76,27622.4,1213.06,9462105,143,283,3498,6,4770.64,Daily,UPI,8,31.99,9,960421,Dewasa Muda (25-45)
cust_5101,33,Suburban,Low,365,14109.13,28004.95,3280.99,5149831,285,13,346,43,3849.17,Weekly,Debit Card,11,47.26,8,526050,Dewasa Muda (25-45)
cust_5102,25,Urban,Low,795,9705.71,18454.23,3467.19,7716042,70,343,3355,3,1150.69,Weekly,UPI,13,47.48,10,788038,Remaja (<25)
cust_5103,56,Urban,High,699,3282.68,3728.98,549.08,2294595,336,355,3634,38,1681.06,Monthly,Credit Card,11,40.59,2,241686,Dewasa (45-65)
cust_5104,23,Urban,Low,574,18600.36,81295.78,6561.29,10676604,65,246,376,14,2602.9,Monthly,Credit Card,2,63.78,10,1078511,Remaja (<25)
cust_5105,41,Urban,Middle,148,6580.02,13550.57,3216.18,973842,198,88,3451,33,956.36,Monthly,Debit Card,8,56.33,8,115108,Dewasa Muda (25-45)
cust_5106,44,Urban,Low,899,15766.43,38406.97,7026.78,14174021,16,140,2469,1,4164.73,Weekly,Wallet Balance,15,9.42,4,1424357,Dewasa Muda (25-45)
cust_5107,25,Suburban,Low,144,17829.35,75540.55,4327.79,2567426,310,310,931,36,839.82,Weekly,Debit Card,20,62.9,10,271784,Remaja (<25)
cust_5108,32,Rural,High,103,6935.52,10265.24,1862.87,714358,353,256,1851,2,1449.87,Daily,Wallet Balance,3,15.33,9,83612,Dewasa Muda (25-45)
cust_5109,17,Suburban,Middle,812,16907.78,48101.56,4526.69,13729119,263,276,763,47,2888.0,Daily,Credit Card,20,68.48,3,1380693,Remaja (<25)
cust_5110,21,Suburban,Middle,93,14218.37,21176.34,6312.39,1322308,60,146,4840,3,616.12,Monthly,Wallet Balance,12,58.32,3,144902,Remaja (<25)
cust_5111,20,Urban,Middle,975,18086.57,50052.68,8998.63,17634409,10,7,2266,46,3123.07,Daily,Credit Card,17,65.55,7,1778011,Remaja (<25)
cust_5112,43,Suburban,Low,286,5033.7,5982.85,2166.29,1439638,309,246,4152,48,4721.13,Daily,UPI,7,49.04,8,162707,Dewasa Muda (25-45)
cust_5113,56,Urban,Low,424,18626.24,57191.71,6020.88,7897525,8,346,4782,42,3457.68,Weekly,Credit Card,7,47.26,6,807787,Dewasa (45-65)
cust_5114,20,Suburban,Middle,119,1315.48,5502.43,182.78,156541,341,204,4209,35,4063.92,Weekly,UPI,15,18.69,6,31540,Remaja (<25)
cust_5115,33,Urban,Middle,961,15875.49,58821.65,7648.71,15256344,90,240,3317,26,2192.47,Weekly,Credit Card,12,45.45,10,1543772,Dewasa Muda (25-45)
cust_5116,41,Urban,High,29,8718.94,26476.61,3871.37,252849,37,94,2351,3,1826.59,Monthly,Wallet Balance,1,30.84,8,37373,Dewasa Muda (25-45)
cust_5117,35,Suburban,Middle,511,3566.02,15387.5,1556.8,1822236,84,310,3045,35,1643.01,Weekly,UPI,20,11.89,10,200992,Dewasa Muda (25-45)
cust_5118,56,Suburban,Low,30,1597.27,3052.62,410.06,47917,234,8,3386,18,3302.33,Monthly,Wallet Balance,12,26.57,10,21712,Dewasa (45-65)
cust_5119,64,Rural,Low,872,7797.05,33708.11,2174.35,6799031,250,170,1099,33,2592.68,Daily,UPI,17,48.01,2,686104,Dewasa (45-65)
cust_5120,42,Rural,Low,366,7792.59,16406.93,1152.25,2852086,240,119,2350,15,2361.6,Daily,UPI,18,63.17,5,295227,Dewasa Muda (25-45)
cust_5121,64,Rural,High,800,4606.85,11286.53,2188.94,3685478,104,246,2958,44,503.73,Daily,Debit Card,3,32.1,2,380611,Dewasa (45-65)
cust_5122,27,Suburban,Middle,138,4318.15,6536.48,2061.03,595905,211,128,1647,39,3366.87,Daily,Wallet Balance,3,21.59,3,68101,Dewasa Muda (25-45)
cust_5123,22,Suburban,Low,475,7996.29,11250.93,1613.46,3798238,225,222,2781,50,3626.91,Weekly,UPI,20,12.43,7,395572,Remaja (<25)
cust_5124,18,Urban,High,563,8208.18,38811.92,3106.0,4621203,279,63,3655,21,980.99,Daily,Credit Card,1,29.61,1,472039,Remaja (<25)
cust_5125,25,Rural,High,392,8852.87,15580.29,1605.87,3470325,166,117,1499,31,3798.53,Weekly,Credit Card,8,21.2,4,355231,Remaja (<25)
cust_5126,49,Urban,Low,435,17376.5,40542.58,4468.87,7558777,301,109,1,1,4396.97,Daily,Credit Card,8,32.75,7,760781,Dewasa (45-65)
cust_5127,40,Urban,High,804,12228.98,38112.91,2702.02,9832097,46,234,2104,16,873.12,Daily,UPI,20,8.15,5,993581,Dewasa Muda (25-45)
cust_5128,50,Urban,High,234,418.46,1000.73,107.06,97919,2,205,457,22,2260.21,Weekly,Debit Card,3,53.22,5,16775,Dewasa (45-65)
cust_5129,31,Urban,Low,55,10386.79,46538.37,2322.37,571273,176,88,4786,43,4380.93,Monthly,UPI,15,1.31,3,71808,Dewasa Muda (25-45)
cust_5130,17,Rural,High,931,15251.4,70200.05,3631.61,14199054,273,325,540,45,2436.49,Weekly,Debit Card,7,50.67,8,1432267,Remaja (<25)
cust_5131,39,Urban,Low,292,1137.72,2621.27,473.77,332214,118,240,3163,11,4076.27,Monthly,Debit Card,6,22.77,3,41609,Dewasa Muda (25-45)
cust_5132,25,Suburban,Low,752,8457.93,11571.39,1860.84,6360364,272,198,1820,12,1078.76,Weekly,Credit Card,12,26.51,7,647337,Remaja (<25)
cust_5133,53,Suburban,High,312,9029.69,16620.35,3845.55,2817263,173,4,2386,9,319.66,Monthly,Credit Card,4,13.15,1,288238,Dewasa (45-65)
cust_5134,37,Suburban,Low,548,19080.87,55288.19,6242.67,10456316,304,106,3442,3,297.33,Monthly,Credit Card,7,69.74,3,1055666,Dewasa Muda (25-45)
cust_5135,41,Rural,Low,89,9518.92,20503.04,3923.49,847184,152,107,2806,6,4861.78,Weekly,UPI,20,4.76,1,89499,Dewasa Muda (25-45)
cust_5136,58,Urban,Middle,212,15000.51,42209.76,7013.58,3180107,351,252,4351,1,823.59,Monthly,Credit Card,1,21.1,4,330400,Dewasa (45-65)
cust_5137,54,Rural,Low,957,6065.01,24471.19,942.32,5804216,193,186,3980,14,4324.46,Weekly,Credit Card,15,11.43,3,590619,Dewasa (45-65)
cust_5138,42,Urban,Middle,318,15588.34,41816.56,3703.11,4957092,92,226,1082,35,1578.64,Monthly,Wallet Balance,17,35.24,9,509583,Dewasa Muda (25-45)
cust_5139,44,Rural,Middle,877,6460.02,11550.45,789.56,5665438,161,21,375,8,200.44,Daily,UPI,9,40.76,2,569993,Dewasa Muda (25-45)
cust_5140,62,Rural,Middle,757,8606.17,20929.1,2261.39,6514871,106,154,1536,23,1204.89,Daily,UPI,8,14.94,5,661256,Dewasa (45-65)
cust_5141,53,Urban,Middle,465,9594.85,38110.03,1870.62,4461605,229,224,386,5,2527.46,Daily,Debit Card,14,47.53,10,456168,Dewasa (45-65)
cust_5142,35,Rural,High,87,18528.0,49956.08,6089.62,1611935,103,86,811,48,533.86,Weekly,Debit Card,2,40.24,3,170348,Dewasa Muda (25-45)
cust_5143,42,Urban,High,409,1078.54,2155.08,445.82,441121,132,41,182,6,4610.82,Monthly,UPI,14,60.79,3,45770,Dewasa Muda (25-45)
cust_5144,56,Suburban,Low,240,3945.37,10690.57,1162.1,946889,257,334,2363,15,4499.43,Daily,UPI,12,65.36,5,103665,Dewasa (45-65)
cust_5145,69,Suburban,Low,832,14117.8,39801.27,3295.79,11746007,289,172,1470,16,745.74,Weekly,Debit Card,0,50.31,2,1180767,Senior (>65)
cust_5146,35,Suburban,Low,700,11555.78,25255.25,1860.74,8089044,101,160,3742,29,3685.54,Weekly,Credit Card,14,45.75,5,822445,Dewasa Muda (25-45)
cust_5147,59,Rural,High,57,5038.11,25103.61,557.88,287172,301,160,1783,7,2303.54,Monthly,Wallet Balance,8,43.98,3,34831,Dewasa (45-65)
cust_5148,34,Suburban,Middle,113,5791.13,23572.8,2149.39,654397,21,51,3299,2,4910.64,Weekly,Debit Card,6,12.87,2,71782,Dewasa Muda (25-45)
cust_5149,35,Urban,High,735,7352.52,27717.66,825.09,5404099,249,118,2876,24,277.02,Weekly,Credit Card,17,63.71,5,553423,Dewasa Muda (25-45)
cust_5150,50,Suburban,High,70,9012.44,39830.17,4220.84,630870,192,280,2859,28,2355.17,Monthly,Debit Card,7,26.58,3,73427,Dewasa (45-65)
cust_5151,62,Suburban,Low,739,16362.37,59979.15,5525.44,12091788,73,172,1822,20,1427.37,Daily,Wallet Balance,14,50.09,8,1222109,Dewasa (45-65)
cust_5152,17,Rural,Low,768,286.17,1191.6,69.06,219779,313,332,2992,5,3631.89,Monthly,Credit Card,13,32.29,2,28646,Remaja (<25)
cust_5153,45,Urban,Low,692,17961.41,47599.59,2097.27,12429298,168,84,4397,22,555.67,Daily,Debit Card,5,65.11,7,1260646,Dewasa Muda (25-45)
cust_5154,68,Rural,Middle,184,8266.41,24811.53,2193.86,1521019,62,293,4819,49,3140.54,Daily,Credit Card,13,29.94,8,173069,Senior (>65)
cust_5155,49,Rural,Middle,703,4617.65,5485.7,2063.72,3246204,171,340,2698,10,4740.3,Daily,Debit Card,3,40.76,7,335646,Dewasa (45-65)
cust_5156,37,Urban,High,964,10173.17,21593.42,4963.79,9806935,121,66,1088,5,2269.4,Daily,UPI,20,14.31,2,984234,Dewasa Muda (25-45)
cust_5157,18,Rural,Middle,744,13196.8,32623.15,1767.99,9818422,216,270,1492,26,2271.15,Weekly,Wallet Balance,15,40.34,9,995290,Remaja (<25)
cust_5158,21,Urban,Low,276,904.6,3167.79,371.66,249668,174,344,2419,26,2478.51,Daily,Debit Card,13,15.38,10,41165,Remaja (<25)
cust_5159,30,Suburban,Middle,233,14318.39,40905.42,2911.54,3336184,24,271,1353,12,2078.54,Weekly,Wallet Balance,16,57.41,6,342485,Dewasa Muda (25-45)
cust_5160,42,Urban,Middle,54,15217.62,52217.01,3831.41,821751,138,61,2056,8,2237.38,Monthly,UPI,15,27.08,9,94968,Dewasa Muda (25-45)
cust_5161,25,Urban,Middle,257,3331.98,12839.16,1063.13,856319,99,177,1427,7,2316.19,Daily,Wallet Balance,1,31.13,3,91027,Remaja (<25)
cust_5162,24,Urban,Middle,90,3365.95,3941.11,1675.88,302935,324,354,642,44,4990.33,Daily,Wallet Balance,0,46.46,9,42482,Remaja (<25)
cust_5163,48,Rural,Low,738,4083.65,8302.52,749.46,3013736,57,117,4923,26,582.18,Daily,Wallet Balance,14,7.1,3,316528,Dewasa (45-65)
cust_5164,47,Urban,Low,759,15934.61,26827.75,2425.24,12094367,247,136,4960,31,1426.61,Daily,Debit Card,8,23.35,3,1224743,Dewasa (45-65)
cust_5165,63,Urban,High,906,5447.34,9531.87,1841.15,4935291,172,259,647,28,1053.94,Daily,UPI,12,67.27,8,505096,Dewasa (45-65)
cust_5166,21,Urban,High,663,15920.76,47961.31,7024.55,10555462,201,256,913,45,2720.94,Monthly,Debit Card,16,62.21,6,1066511,Remaja (<25)
cust_5167,56,Suburban,High,435,10815.07,42826.77,3885.71,4704556,331,331,3869,32,14.04,Daily,Debit Card,2,17.42,1,482386,Dewasa (45-65)
cust_5168,51,Urban,Middle,625,15345.75,32089.63,3668.1,9591096,107,271,4616,4,4605.49,Monthly,UPI,5,37.41,2,968438,Dewasa (45-65)
cust_5169,17,Rural,Middle,408,11077.92,47610.67,5436.97,4519793,48,32,2325,37,2655.6,Monthly,UPI,8,42.42,10,469001,Remaja (<25)
cust_5170,44,Urban,Low,269,6722.02,30718.46,3347.65,1808223,333,254,905,8,4480.39,Monthly,UPI,8,22.42,8,189192,Dewasa Muda (25-45)
cust_5171,19,Urban,High,669,18215.18,43755.32,7436.52,12185952,286,267,2549,12,1724.83,Weekly,Credit Card,19,25.68,7,1231030,Remaja (<25)
cust_5172,16,Suburban,Low,954,14308.76,53306.23,6023.51,13650557,46,282,992,32,749.65,Weekly,Debit Card,16,70.43,8,1377864,Remaja (<25)
cust_5173,34,Urban,High,366,9686.26,14221.33,3916.51,3545169,120,7,4591,29,961.46,Daily,Wallet Balance,8,10.84,8,374118,Dewasa Muda (25-45)
cust_5174,41,Rural,High,859,12752.2,50704.17,2589.52,10954135,60,348,3558,24,2353.66,Monthly,Credit Card,1,65.71,6,1109752,Dewasa Muda (25-45)
cust_5175,40,Urban,High,351,12320.71,20453.55,1972.62,4324568,147,39,2370,5,201.34,Monthly,Credit Card,14,26.15,7,444596,Dewasa Muda (25-45)
cust_5176,25,Rural,Middle,299,7168.74,26880.37,2306.48,2143454,104,4,1232,38,3909.02,Daily,Credit Card,9,17.97,6,224654,Remaja (<25)
cust_5177,68,Suburban,High,906,8481.2,22794.07,4085.04,7683964,68,30,1326,9,3953.18,Daily,Credit Card,9,19.5,1,770971,Senior (>65)
cust_5178,30,Urban,High,159,6371.95,30036.27,2875.77,1013140,162,166,3363,35,3509.78,Monthly,UPI,3,21.11,5,114785,Dewasa Muda (25-45)
cust_5179,37,Suburban,Middle,487,19990.37,57129.32,2853.5,9735308,215,307,4012,49,4481.7,Weekly,UPI,6,21.37,10,994214,Dewasa Muda (25-45)
cust_5180,66,Urban,High,842,11605.49,13040.06,1425.11,9771821,118,36,3922,47,2747.39,Monthly,Wallet Balance,1,19.04,1,989352,Senior (>65)
cust_5181,63,Rural,Middle,984,1850.19,5407.49,831.67,1820582,237,351,2720,18,2396.6,Daily,Credit Card,8,60.82,2,190099,Dewasa (45-65)
cust_5182,36,Suburban,Middle,737,10386.95,43438.18,3585.64,7655184,218,211,2111,10,2645.88,Monthly,Credit Card,4,20.01,5,774417,Dewasa Muda (25-45)
cust_5183,37,Urban,Low,526,1008.74,3619.7,223.67,530597,124,113,1790,16,909.77,Daily,UPI,9,62.19,2,59784,Dewasa Muda (25-45)
cust_5184,51,Rural,Middle,355,5780.15,28121.96,1876.86,2051954,117,117,409,1,2561.46,Weekly,UPI,8,69.82,4,208832,Dewasa (45-65)
cust_5185,49,Suburban,Middle,621,8924.76,39028.79,1683.81,5542277,263,316,1654,6,2708.79,Monthly,Credit Card,7,20.8,3,559781,Dewasa (45-65)
cust_5186,45,Urban,Middle,930,10690.07,33205.56,5118.2,9941762,338,51,4187,40,3822.95,Daily,Credit Card,2,41.12,9,1013638,Dewasa Muda (25-45)
cust_5187,40,Suburban,High,401,19523.87,35652.19,8412.43,7829070,170,15,3589,30,1739.6,Monthly,UPI,18,33.39,10,802215,Dewasa Muda (25-45)
cust_5188,60,Urban,Low,405,19644.61,19941.22,9525.58,7956067,196,201,3978,30,461.14,Weekly,UPI,17,61.12,5,811332,Dewasa (45-65)
cust_5189,43,Rural,High,96,1970.41,9698.36,344.47,189159,309,347,1069,45,2987.31,Monthly,Debit Card,13,22.89,2,26060,Dewasa Muda (25-45)
cust_5190,16,Rural,Middle,707,10767.27,51179.85,4710.34,7612461,150,124,2672,16,3939.79,Daily,Debit Card,10,55.3,10,776220,Remaja (<25)
cust_5191,64,Suburban,Middle,570,16344.02,34266.47,5297.33,9316089,246,340,4551,14,4847.8,Daily,Wallet Balance,1,34.77,6,945687,Dewasa (45-65)
cust_5192,60,Suburban,Low,975,4761.88,16918.31,1095.22,4642832,282,156,940,6,451.27,Monthly,Debit Card,20,45.79,6,472537,Dewasa (45-65)
cust_5193,19,Urban,Low,392,15013.76,58808.26,4382.0,5885392,191,208,2657,29,3731.76,Monthly,Wallet Balance,1,41.94,5,599887,Remaja (<25)
cust_5194,22,Rural,Middle,352,17573.59,58204.69,8395.85,6185905,174,242,2003,38,2979.2,Daily,Wallet Balance,14,5.43,3,627906,Remaja (<25)
cust_5195,64,Urban,Middle,806,13253.12,57940.62,4990.88,10682017,81,164,4972,13,76.69,Daily,Debit Card,17,42.79,8,1087407,Dewasa (45-65)
cust_5196,24,Rural,High,666,6560.79,8603.15,1600.61,4369486,172,260,2754,30,3591.21,Monthly,Credit Card,15,59.75,5,448661,Remaja (<25)
cust_5197,51,Suburban,Middle,576,18463.42,84672.78,9230.97,10634927,164,277,3483,8,131.01,Weekly,UPI,1,21.48,10,1081193,Dewasa (45-65)
cust_5198,34,Urban,High,670,17671.57,45381.93,4211.08,11839949,297,347,3485,8,3926.28,Daily,Wallet Balance,12,29.59,9,1198801,Dewasa Muda (25-45)
cust_5199,16,Urban,Low,777,14319.35,41852.02,6092.71,11126133,111,193,660,48,3606.61,Weekly,Credit Card,19,15.56,4,1120930,Remaja (<25)
cust_5200,25,Rural,High,633,7279.73,20229.88,3011.99,4608066,207,325,2943,1,3439.6,Weekly,Debit Card,6,15.88,4,469072,Remaja (<25)
cust_5201,51,Rural,Middle,288,15840.01,49502.32,6164.47,4561922,338,238,305,43,599.98,Weekly,Debit Card,8,22.8,2,462802,Dewasa (45-65)
cust_5202,24,Rural,High,523,6329.02,21472.3,2327.65,3310076,70,50,856,21,4595.16,Daily,Credit Card,18,54.51,3,335522,Remaja (<25)
cust_5203,60,Suburban,High,726,5066.53,19462.43,726.88,3678298,98,213,2941,15,4494.57,Weekly,Wallet Balance,1,35.17,7,379964,Dewasa (45-65)
cust_5204,61,Urban,Low,162,10305.12,31943.41,5131.77,1669429,5,266,448,1,4501.3,Monthly,Wallet Balance,0,50.08,6,171688,Dewasa (45-65)
cust_5205,57,Rural,High,617,19942.73,74567.73,3278.93,12304666,185,90,2922,14,1801.81,Monthly,Credit Card,20,67.43,7,1243809,Dewasa (45-65)
cust_5206,47,Suburban,Middle,914,16088.4,37859.05,5445.18,14704793,204,144,4868,5,2460.86,Monthly,Wallet Balance,7,52.86,7,1486484,Dewasa (45-65)
cust_5207,47,Rural,High,659,14598.56,69295.31,2914.74,9620448,12,166,2850,22,574.48,Daily,UPI,18,27.49,9,978657,Dewasa (45-65)
cust_5208,21,Urban,High,182,9045.73,11380.66,1515.26,1646323,239,67,2794,27,255.48,Weekly,Debit Card,20,37.26,3,175792,Remaja (<25)
cust_5209,63,Rural,High,850,6245.88,19875.41,2022.33,5308998,331,20,1230,42,293.89,Monthly,Debit Card,8,20.78,6,543412,Dewasa (45-65)
cust_5210,53,Urban,Middle,549,17119.46,23104.16,7439.05,9398581,280,111,2775,16,2843.85,Weekly,Wallet Balance,0,5.67,2,947586,Dewasa (45-65)
cust_5211,32,Suburban,High,82,11358.98,31476.5,2848.58,931436,115,69,481,35,1607.02,Daily,Credit Card,16,48.29,3,99802,Dewasa Muda (25-45)
cust_5212,25,Suburban,Middle,524,16266.97,33027.3,2128.82,8523890,210,25,3068,18,2897.78,Monthly,UPI,19,47.99,6,864876,Remaja (<25)
cust_5213,65,Rural,High,4,9760.2,46337.64,3411.22,39040,319,345,3427,4,2963.32,Daily,Wallet Balance,16,61.79,1,10676,Dewasa (45-65)
cust_5214,42,Urban,Low,495,15081.61,15870.4,6131.76,7465397,133,310,1160,22,4535.31,Weekly,Credit Card,6,12.34,8,756792,Dewasa Muda (25-45)
cust_5215,69,Urban,Low,555,17356.14,44515.29,3791.17,9632659,223,12,1192,43,4411.42,Weekly,Wallet Balance,2,63.78,4,971744,Senior (>65)
cust_5216,65,Urban,Low,923,7833.89,32339.62,2947.39,7230677,345,65,4325,18,3592.92,Daily,Credit Card,15,57.4,5,736721,Dewasa (45-65)
cust_5217,50,Rural,Middle,51,281.26,493.28,36.65,14344,181,182,1517,0,4092.52,Weekly,Credit Card,20,8.62,5,7422,Dewasa (45-65)
cust_5218,67,Urban,Middle,261,5105.98,21763.5,1248.78,1332661,28,234,2024,26,15.8,Weekly,Debit Card,1,70.75,6,145906,Senior (>65)
cust_5219,36,Urban,Middle,134,18299.15,81228.11,5300.4,2452086,193,323,488,42,77.68,Weekly,UPI,4,3.77,1,251345,Dewasa Muda (25-45)
cust_5220,40,Urban,High,973,13753.97,52705.38,5677.44,13382612,301,133,1708,24,2292.94,Weekly,Credit Card,4,57.43,8,1350930,Dewasa Muda (25-45)
cust_5221,43,Urban,Middle,599,14747.0,27079.58,3469.33,8833454,256,186,1299,5,3268.47,Daily,Wallet Balance,8,31.43,5,889809,Dewasa Muda (25-45)
cust_5222,62,Rural,Middle,362,6512.52,13599.15,1833.14,2357532,111,79,4092,35,3970.42,Daily,Wallet Balance,14,62.44,3,248451,Dewasa (45-65)
cust_5223,30,Rural,Middle,568,14028.45,23395.79,4928.78,7968157,194,132,3723,16,2236.33,Weekly,Credit Card,20,52.71,8,812743,Dewasa Muda (25-45)
cust_5224,19,Urban,Middle,217,12929.18,22448.35,4520.45,2805632,124,275,4987,11,4700.84,Weekly,UPI,15,5.31,10,299286,Remaja (<25)
cust_5225,44,Urban,Low,878,3575.69,4097.63,1098.11,3139455,91,337,2719,24,4074.93,Daily,Debit Card,17,18.04,3,322746,Dewasa Muda (25-45)
cust_5226,24,Suburban,High,68,19374.13,85813.06,4482.98,1317440,136,311,1085,9,513.78,Monthly,Credit Card,18,68.62,3,137557,Remaja (<25)
cust_5227,42,Suburban,Low,864,7086.97,22068.89,2607.79,6123143,283,317,3204,45,2200.89,Monthly,Wallet Balance,5,11.45,8,630121,Dewasa Muda (25-45)
cust_5228,41,Urban,High,556,6592.45,15235.39,2866.8,3665400,229,200,2167,38,4974.39,Weekly,Wallet Balance,16,5.86,10,382186,Dewasa Muda (25-45)
cust_5229,34,Urban,High,143,7389.54,15948.9,1193.6,1056704,145,101,2859,23,2049.71,Weekly,Credit Card,20,11.95,8,120663,Dewasa Muda (25-45)
cust_5230,43,Suburban,Low,346,1843.48,5860.01,435.4,637842,242,152,1180,10,1931.35,Monthly,Debit Card,13,52.14,3,69178,Dewasa Muda (25-45)
cust_5231,32,Suburban,Middle,554,12503.02,28841.21,4594.85,6926673,31,216,3530,23,1470.4,Monthly,Wallet Balance,15,3.81,4,705292,Dewasa Muda (25-45)
cust_5232,58,Urban,Low,651,4780.1,21294.73,1923.08,3111844,261,147,2459,2,2432.45,Daily,Debit Card,1,31.73,6,321086,Dewasa (45-65)
cust_5233,56,Rural,High,585,16068.22,29627.07,6629.49,9399909,60,280,3578,39,3649.29,Weekly,Wallet Balance,17,7.49,1,950222,Dewasa (45-65)
cust_5234,57,Rural,High,779,7889.18,35731.74,2850.43,6145672,89,310,4326,19,237.36,Daily,Debit Card,17,49.79,9,634000,Dewasa (45-65)
cust_5235,65,Urban,Middle,194,9176.58,33552.98,2673.21,1780257,101,233,1601,22,4178.59,Weekly,Credit Card,2,18.96,2,183338,Dewasa (45-65)
cust_5236,35,Urban,Low,667,12931.98,62416.4,4633.78,8625628,298,149,2275,4,4587.9,Weekly,Debit Card,13,49.61,1,866218,Dewasa Muda (25-45)
cust_5237,60,Suburban,High,246,15239.8,16160.73,2347.2,3748991,279,337,4525,35,3905.46,Daily,Credit Card,17,13.44,5,390496,Dewasa (45-65)
cust_5238,55,Suburban,Low,314,4629.99,5724.44,847.77,1453818,121,275,144,12,4578.17,Weekly,Debit Card,18,29.13,7,151580,Dewasa (45-65)
cust_5239,54,Rural,Middle,730,19326.22,58047.83,9102.89,14108143,243,181,2208,35,474.52,Monthly,Credit Card,2,66.71,8,1426493,Dewasa (45-65)
cust_5240,64,Urban,Middle,968,12450.21,57887.43,5837.51,12051801,365,151,288,5,2250.54,Monthly,Wallet Balance,6,28.26,5,1210130,Dewasa (45-65)
cust_5241,68,Suburban,High,384,122.72,481.44,47.8,47122,77,293,4179,1,355.21,Daily,Debit Card,2,9.1,8,20992,Senior (>65)
cust_5242,38,Rural,Middle,765,8318.29,29018.71,1920.02,6363490,273,284,533,28,4184.18,Monthly,Credit Card,5,27.27,3,641122,Dewasa Muda (25-45)
cust_5243,62,Rural,High,789,8741.99,9847.05,3143.06,6897428,58,204,180,4,4762.73,Weekly,UPI,11,33.28,7,695121,Dewasa (45-65)
cust_5244,47,Rural,High,277,16185.21,39114.07,6071.34,4483302,247,80,3032,14,1488.76,Daily,Wallet Balance,15,33.55,8,463049,Dewasa (45-65)
cust_5245,67,Suburban,Middle,72,6109.74,14562.03,1869.86,439901,96,327,3564,7,2676.97,Monthly,Debit Card,19,51.36,5,55479,Senior (>65)
cust_5246,62,Suburban,Middle,129,6631.22,21009.97,2648.58,855427,45,149,1067,33,1488.38,Daily,Debit Card,4,9.85,5,95232,Dewasa (45-65)
cust_5247,48,Urban,Low,358,1419.18,2882.79,158.77,508065,291,277,2890,36,1894.36,Daily,UPI,10,33.77,7,66239,Dewasa (45-65)
cust_5248,61,Urban,Low,698,5678.09,11745.82,1149.75,3963303,258,35,4465,25,2382.79,Weekly,Credit Card,12,19.03,2,408568,Dewasa (45-65)
cust_5249,20,Rural,High,525,14342.06,49959.77,5991.83,7529583,303,216,929,8,3954.01,Weekly,UPI,11,32.56,3,756639,Remaja (<25)
cust_5250,58,Rural,Low,841,12698.79,60678.25,6038.02,10679683,259,1,4514,7,734.99,Daily,UPI,15,13.29,9,1086328,Dewasa (45-65)
cust_5251,63,Suburban,High,220,1637.07,5960.1,737.39,360154,246,206,963,13,785.27,Monthly,Credit Card,14,17.72,7,45848,Dewasa (45-65)
cust_5252,49,Suburban,Middle,6,2302.73,8456.83,890.23,13816,240,92,3349,47,1009.31,Monthly,Debit Card,6,40.25,6,18274,Dewasa (45-65)
cust_5253,55,Urban,Middle,751,7544.75,37307.73,1253.93,5666107,128,91,3516,24,265.76,Daily,Debit Card,4,22.39,1,576909,Dewasa (45-65)
cust_5254,26,Urban,Low,983,14877.72,24011.34,3682.05,14624796,202,70,3156,33,3217.32,Daily,Debit Card,12,12.33,7,1477482,Dewasa Muda (25-45)
cust_5255,65,Urban,High,624,16660.04,18914.79,2000.62,10395862,276,132,2840,2,949.32,Monthly,UPI,14,44.99,5,1049991,Dewasa (45-65)
cust_5256,18,Suburban,High,228,302.33,1203.91,107.61,68932,207,257,2126,31,2187.69,Weekly,Credit Card,8,60.39,6,19151,Remaja (<25)
cust_5257,48,Rural,Low,954,6586.92,18147.95,1843.98,6283923,40,355,3898,35,3427.95,Daily,Debit Card,16,59.32,2,639974,Dewasa (45-65)
cust_5258,26,Urban,High,17,8490.99,23055.54,2795.28,144346,365,92,1759,46,2244.73,Weekly,Credit Card,3,60.22,8,29430,Dewasa Muda (25-45)
cust_5259,31,Urban,High,585,18223.54,34646.85,8961.27,10660773,321,82,1479,4,4530.09,Weekly,UPI,13,2.22,10,1077170,Dewasa Muda (25-45)
cust_5260,33,Suburban,Middle,12,10033.12,30374.78,2617.65,120397,346,308,4802,14,3845.84,Weekly,Debit Card,9,49.71,6,27120,Dewasa Muda (25-45)
cust_5261,45,Urban,High,598,5401.32,14954.57,1202.79,3229988,319,99,976,27,1365.11,Daily,Wallet Balance,4,71.91,2,328968,Dewasa Muda (25-45)
cust_5262,63,Rural,High,499,7807.04,18594.81,1251.01,3895713,56,53,960,17,652.05,Monthly,UPI,11,52.58,8,400865,Dewasa (45-65)
cust_5263,25,Suburban,High,692,8734.32,24202.64,1375.17,6044152,160,341,3427,44,4472.19,Weekly,Credit Card,12,19.87,1,614433,Remaja (<25)
cust_5264,33,Urban,Low,634,13403.22,33981.7,4120.54,8497639,322,80,4967,10,1984.54,Weekly,Wallet Balance,3,41.04,2,861705,Dewasa Muda (25-45)
cust_5265,53,Urban,Low,716,831.34,3956.86,332.28,595242,96,312,3899,9,1912.56,Monthly,Wallet Balance,12,34.94,5,72266,Dewasa (45-65)
cust_5266,34,Suburban,Low,502,7795.14,38359.93,2539.54,3913159,116,359,80,3,4050.02,Monthly,Wallet Balance,4,33.59,6,395750,Dewasa Muda (25-45)
cust_5267,51,Suburban,High,70,12934.63,56389.85,5811.75,905423,212,343,4665,19,46.77,Weekly,Debit Card,0,52.31,5,106749,Dewasa (45-65)
cust_5268,28,Urban,High,108,5673.61,28150.52,1284.22,612750,87,246,2859,4,2255.56,Weekly,Debit Card,3,10.01,2,68265,Dewasa Muda (25-45)
cust_5269,61,Rural,Low,201,11839.1,24422.62,4001.84,2379659,307,289,1656,0,3571.6,Daily,Debit Card,0,9.47,3,242492,Dewasa (45-65)
cust_5270,18,Suburban,Low,52,7152.01,31266.43,2606.88,371904,268,279,2549,12,4243.43,Daily,Wallet Balance,17,36.96,10,51366,Remaja (<25)
cust_5271,25,Rural,High,549,15176.83,39862.19,3221.68,8332079,44,262,1071,45,4426.04,Monthly,Debit Card,12,70.15,4,841636,Remaja (<25)
cust_5272,53,Urban,High,629,1221.35,4866.52,315.74,768227,83,341,1660,21,2328.4,Weekly,Wallet Balance,20,5.37,8,89078,Dewasa (45-65)
cust_5273,16,Rural,Middle,259,18360.06,33150.38,6175.88,4755255,211,261,2712,47,4238.54,Monthly,UPI,14,27.31,1,484530,Remaja (<25)
cust_5274,42,Urban,Low,482,3440.53,14614.79,372.86,1658337,346,333,2456,12,178.81,Monthly,UPI,8,37.13,6,177856,Dewasa Muda (25-45)
cust_5275,61,Urban,High,264,3179.36,4240.81,1445.48,839350,9,232,824,14,1527.13,Daily,Credit Card,8,1.09,7,93219,Dewasa (45-65)
cust_5276,23,Urban,Low,906,16814.45,35011.57,2428.44,15233893,157,248,3084,8,52.49,Monthly,Debit Card,9,21.92,9,1539331,Remaja (<25)
cust_5277,66,Urban,Low,303,17386.97,74552.01,2069.45,5268250,348,255,1868,2,827.63,Daily,Wallet Balance,20,8.87,3,533347,Senior (>65)
cust_5278,61,Rural,Low,937,1868.54,7452.91,347.57,1750818,189,83,3851,1,3623.66,Daily,Wallet Balance,2,51.09,10,191072,Dewasa (45-65)
cust_5279,57,Urban,Middle,576,18175.29,54616.51,5469.44,10468967,320,265,4322,11,22.12,Monthly,Credit Card,3,32.17,3,1059629,Dewasa (45-65)
cust_5280,32,Urban,High,554,5473.22,20202.61,1266.94,3032166,131,3,987,23,2615.28,Daily,UPI,4,45.21,10,316182,Dewasa Muda (25-45)
cust_5281,24,Rural,High,555,12376.25,21563.09,3416.57,6868817,215,223,190,17,2069.93,Weekly,Credit Card,11,43.77,4,691926,Remaja (<25)
cust_5282,21,Suburban,Low,125,1381.18,5070.4,184.68,172647,115,250,1023,35,614.35,Weekly,Wallet Balance,5,26.4,1,23503,Remaja (<25)
cust_5283,58,Rural,High,905,7619.42,7862.51,1472.39,6895570,123,192,4563,24,3428.17,Daily,Wallet Balance,5,3.52,7,706369,Dewasa (45-65)
cust_5284,40,Rural,Middle,270,9019.98,39082.36,1254.36,2435395,358,46,4123,14,3465.62,Weekly,UPI,7,20.01,10,261452,Dewasa Muda (25-45)
cust_5285,54,Rural,Low,997,12000.53,36783.44,2302.69,11964531,333,295,3294,0,3631.74,Monthly,Debit Card,18,35.16,3,1204225,Dewasa (45-65)
cust_5286,64,Urban,Middle,859,10510.19,50191.54,4007.78,9028250,319,269,3113,7,3826.54,Daily,Credit Card,19,15.39,5,912837,Dewasa (45-65)
cust_5287,43,Urban,Middle,745,9235.24,26899.1,3048.7,6880257,364,41,3663,48,1574.96,Weekly,Debit Card,19,67.58,7,706364,Dewasa Muda (25-45)
cust_5288,48,Urban,High,480,19193.21,52442.54,4483.31,9212739,192,139,2085,36,4970.65,Daily,UPI,10,30.37,5,931558,Dewasa (45-65)
cust_5289,69,Suburban,High,132,3708.61,10384.88,758.38,489535,148,41,1156,6,364.77,Monthly,Credit Card,10,26.01,6,57683,Senior (>65)
cust_5290,52,Urban,Middle,2,3168.3,7727.22,1581.02,6336,28,331,1711,34,3238.48,Daily,Credit Card,14,8.64,4,9836,Dewasa (45-65)
cust_5291,24,Suburban,High,115,14271.25,23785.89,5810.5,1641193,124,175,4605,37,4853.88,Weekly,Debit Card,20,20.61,1,175602,Remaja (<25)
cust_5292,33,Urban,Middle,481,1500.29,6553.65,643.35,721640,77,291,162,44,1121.55,Monthly,Wallet Balance,3,42.08,7,83327,Dewasa Muda (25-45)
cust_5293,36,Rural,Middle,981,9663.0,24701.93,1068.2,9479403,75,323,4399,15,1390.62,Monthly,Debit Card,12,59.19,2,959543,Dewasa Muda (25-45)
cust_5294,17,Urban,Low,1,9686.22,30186.47,1199.49,9686,358,280,2794,16,2879.89,Monthly,Debit Card,9,55.91,7,13716,Remaja (<25)
cust_5295,58,Suburban,Middle,331,6207.41,6701.19,2390.14,2054651,186,94,4877,37,3906.29,Monthly,Wallet Balance,13,49.64,1,217966,Dewasa (45-65)
cust_5296,53,Suburban,Middle,577,18609.57,23094.77,3288.93,10737722,39,352,53,29,1644.73,Monthly,Credit Card,4,67.21,9,1084955,Dewasa (45-65)
cust_5297,55,Urban,High,942,5658.04,19173.6,1529.16,5329876,234,340,373,36,4183.88,Monthly,Wallet Balance,16,18.25,10,545241,Dewasa (45-65)
cust_5298,51,Rural,Low,955,5775.95,26089.48,1003.09,5516036,248,205,876,17,1205.22,Monthly,Wallet Balance,19,17.67,4,558453,Dewasa (45-65)
cust_5299,65,Urban,High,971,4693.66,13956.98,801.81,4557540,329,56,2775,35,4371.83,Weekly,UPI,6,4.31,9,471618,Dewasa (45-65)
cust_5300,58,Urban,Low,637,2924.3,4854.05,420.02,1862780,131,231,3729,11,1264.77,Daily,Debit Card,14,50.96,3,197203,Dewasa (45-65)
cust_5301,52,Urban,High,768,7286.58,10671.27,2460.71,5596094,5,260,2865,27,3087.18,Daily,Debit Card,18,57.88,2,568495,Dewasa (45-65)
cust_5302,30,Rural,Middle,391,13620.94,62644.76,5390.08,5325786,348,220,2684,47,1788.96,Daily,UPI,15,19.44,5,546752,Dewasa Muda (25-45)
cust_5303,43,Suburban,Low,834,14845.84,56511.44,1822.15,12381426,259,168,2708,10,1609.13,Monthly,Wallet Balance,6,57.14,3,1246754,Dewasa Muda (25-45)
cust_5304,33,Rural,Low,143,16270.24,79151.19,3420.34,2326644,245,171,3288,42,1769.98,Daily,Credit Card,4,51.34,6,248555,Dewasa Muda (25-45)
cust_5305,49,Suburban,Low,328,3958.9,5262.94,1438.46,1298519,350,314,39,5,2496.01,Daily,Credit Card,16,39.41,4,133181,Dewasa (45-65)
cust_5306,37,Suburban,Low,758,722.3,3330.12,185.58,547501,78,318,1654,25,4225.24,Daily,UPI,3,40.3,4,62445,Dewasa Muda (25-45)
cust_5307,26,Suburban,High,628,19493.97,85432.9,7444.09,12242213,336,137,797,15,3796.59,Monthly,Wallet Balance,15,51.06,10,1235417,Dewasa Muda (25-45)
cust_5308,28,Rural,High,377,296.51,1355.85,119.7,111783,115,278,709,37,2246.7,Monthly,Debit Card,18,71.87,5,20172,Dewasa Muda (25-45)
cust_5309,19,Urban,Low,815,19213.97,19656.89,2169.6,15659385,4,260,4724,8,1410.8,Daily,Wallet Balance,3,23.66,6,1581481,Remaja (<25)
cust_5310,37,Urban,Low,90,16578.0,65775.1,4183.36,1492020,131,291,24,17,4271.5,Weekly,Credit Card,5,6.16,10,158814,Dewasa Muda (25-45)
cust_5311,22,Urban,Low,808,18242.37,58298.11,7144.73,14739838,227,289,4053,32,4350.93,Weekly,Debit Card,13,50.67,10,1493114,Remaja (<25)
cust_5312,58,Urban,High,42,7749.84,25518.04,1948.05,325493,128,135,2114,49,2268.38,Daily,Wallet Balance,19,3.05,10,50543,Dewasa (45-65)
cust_5313,69,Urban,Low,947,3952.07,11369.34,404.43,3742608,9,105,2744,18,3479.23,Daily,Debit Card,12,64.53,6,385809,Senior (>65)
cust_5314,39,Rural,Low,35,12133.21,48177.43,2845.49,424662,324,227,2350,8,1846.32,Weekly,UPI,13,70.06,7,54043,Dewasa Muda (25-45)
cust_5315,19,Rural,Low,494,14827.61,74128.52,6658.5,7324839,118,190,4573,45,745.49,Daily,Wallet Balance,6,52.58,7,752757,Remaja (<25)
cust_5316,43,Rural,High,553,2625.91,10089.16,1262.47,1452129,344,195,4200,43,1607.41,Daily,Wallet Balance,2,25.36,4,161109,Dewasa Muda (25-45)
cust_5317,30,Rural,Middle,853,15954.45,59226.15,5172.54,13609149,188,64,2704,41,3410.42,Monthly,Credit Card,2,17.03,6,1374717,Dewasa Muda (25-45)
cust_5318,16,Rural,Middle,124,4179.78,15121.4,930.19,518292,139,171,1456,8,3847.05,Monthly,UPI,17,8.83,4,57617,Remaja (<25)
cust_5319,18,Rural,High,57,9838.63,37198.35,2818.04,560801,125,18,1073,43,4258.28,Weekly,Credit Card,15,1.42,2,62397,Remaja (<25)
cust_5320,29,Rural,Middle,806,17131.08,40574.11,3331.68,13807653,223,259,1235,4,88.56,Daily,Debit Card,0,31.56,8,1391591,Dewasa Muda (25-45)
cust_5321,53,Urban,Low,456,3876.56,8841.96,648.36,1767709,328,315,4697,22,2432.03,Monthly,Wallet Balance,13,46.94,1,188148,Dewasa (45-65)
cust_5322,65,Suburban,Low,235,4845.27,20046.6,1441.05,1138639,306,190,4484,50,1369.61,Daily,Debit Card,17,27.72,5,132147,Dewasa (45-65)
cust_5323,16,Rural,High,608,1264.8,1533.38,499.18,768995,259,295,3366,41,3419.8,Monthly,Credit Card,19,32.11,3,89021,Remaja (<25)
cust_5324,53,Suburban,High,392,2940.82,11872.05,555.77,1152799,67,320,4524,33,1226.66,Weekly,Wallet Balance,15,49.65,6,133014,Dewasa (45-65)
cust_5325,53,Rural,Middle,492,2939.05,12506.74,1363.18,1446013,85,253,2064,37,2831.4,Daily,Credit Card,18,30.04,8,159013,Dewasa (45-65)
cust_5326,36,Rural,Middle,970,4076.52,12581.72,681.96,3954220,62,81,4538,21,3559.81,Weekly,Debit Card,1,55.91,1,405818,Dewasa Muda (25-45)
cust_5327,63,Urban,Low,831,5731.15,26595.91,1853.25,4762582,14,60,3426,4,3850.32,Monthly,Debit Card,8,46.61,10,491585,Dewasa (45-65)
cust_5328,44,Suburban,High,343,16301.52,47149.69,6692.64,5591420,122,105,1016,0,1347.34,Monthly,UPI,12,48.67,4,564500,Dewasa Muda (25-45)
cust_5329,20,Urban,Middle,644,18316.12,31363.55,3394.99,11795581,279,365,2017,25,439.16,Monthly,Debit Card,17,44.97,4,1189872,Remaja (<25)
cust_5330,64,Urban,Middle,176,8131.55,19886.47,1777.38,1431152,123,261,3423,17,1093.57,Monthly,Wallet Balance,19,9.5,6,157114,Dewasa (45-65)
cust_5331,25,Suburban,Low,52,2572.9,11895.71,310.28,133790,77,255,2425,25,2995.66,Daily,Debit Card,1,49.57,1,20231,Remaja (<25)
cust_5332,43,Urban,Low,550,4483.96,22307.49,2141.45,2466178,272,46,4487,14,202.25,Monthly,Credit Card,6,43.05,6,262890,Dewasa Muda (25-45)
cust_5333,36,Rural,Low,478,14726.76,39576.92,4341.28,7039390,146,132,4125,1,794.31,Daily,Wallet Balance,12,41.77,10,721891,Dewasa Muda (25-45)
cust_5334,65,Rural,Low,489,13551.74,22595.98,1703.76,6626798,269,14,4226,14,4977.37,Weekly,Wallet Balance,7,43.48,9,679043,Dewasa (45-65)
cust_5335,22,Rural,Middle,855,19344.47,41500.03,8357.79,16539525,56,267,4496,10,1911.66,Monthly,UPI,2,71.08,1,1663988,Remaja (<25)
cust_5336,18,Rural,High,5,299.63,962.76,98.2,1498,218,22,4218,44,2482.63,Daily,UPI,13,31.96,3,14744,Remaja (<25)
cust_5337,60,Rural,High,725,15017.67,49383.85,1833.87,10887809,173,106,919,19,55.04,Daily,Credit Card,7,8.53,5,1097491,Dewasa (45-65)
cust_5338,62,Urban,Low,632,10120.81,35627.67,2837.46,6396354,40,5,3834,46,2959.54,Daily,Wallet Balance,0,37.41,10,660423,Dewasa (45-65)
cust_5339,35,Urban,Low,838,18054.83,78383.49,4942.71,15129949,359,181,4051,41,1626.49,Monthly,Credit Card,10,11.65,2,1526383,Dewasa Muda (25-45)
cust_5340,34,Rural,Middle,881,11527.57,44321.86,1826.34,10155790,159,149,4169,16,2650.97,Daily,UPI,0,58.25,3,1027191,Dewasa Muda (25-45)
cust_5341,50,Rural,Low,209,8938.89,18265.37,2396.95,1868227,360,335,3543,4,2630.59,Weekly,Credit Card,10,18.72,2,194993,Dewasa (45-65)
cust_5342,19,Urban,High,217,13320.35,34368.86,2838.87,2890516,32,280,110,32,4837.29,Weekly,Credit Card,5,71.69,4,294053,Remaja (<25)
cust_5343,20,Suburban,Low,536,16672.13,72678.27,6335.02,8936263,248,13,3782,50,1341.28,Weekly,UPI,10,13.61,8,913519,Remaja (<25)
cust_5344,16,Urban,High,342,5657.15,19989.7,578.14,1934743,129,352,2224,43,2852.16,Weekly,Wallet Balance,17,27.84,9,209796,Remaja (<25)
cust_5345,19,Urban,Low,717,2159.47,3596.96,307.83,1548336,291,26,3091,24,1907.76,Weekly,Credit Card,8,11.38,8,170461,Remaja (<25)
cust_5346,27,Urban,Low,401,8666.03,19950.55,4051.02,3475078,36,40,2252,6,2110.0,Daily,Credit Card,12,30.77,10,361556,Dewasa Muda (25-45)
cust_5347,42,Urban,High,462,4298.25,17899.49,1174.86,1985792,348,282,3593,33,277.8,Monthly,Wallet Balance,9,35.37,10,218926,Dewasa Muda (25-45)
cust_5348,57,Urban,Middle,738,8596.53,14514.18,1465.47,6344237,66,286,3080,14,3442.27,Weekly,UPI,9,53.78,1,641262,Dewasa (45-65)
cust_5349,38,Suburban,Middle,730,19821.05,74610.46,8271.14,14469368,285,64,1990,12,976.43,Monthly,Wallet Balance,2,1.1,9,1460628,Dewasa Muda (25-45)
cust_5350,40,Rural,Low,211,11486.7,37379.4,5061.47,2423693,157,111,3947,31,2342.44,Monthly,UPI,3,17.39,5,257192,Dewasa Muda (25-45)
cust_5351,36,Rural,Low,26,13875.07,22059.97,2559.75,360751,43,329,3646,38,2171.35,Daily,Credit Card,9,20.16,2,48081,Dewasa Muda (25-45)
cust_5352,67,Suburban,High,252,13561.79,50931.51,5227.26,3417570,275,88,2127,13,2340.71,Monthly,Wallet Balance,20,43.64,9,355140,Senior (>65)
cust_5353,39,Rural,High,3,16415.81,25762.9,5680.76,49247,121,124,1567,19,1877.73,Weekly,Debit Card,18,20.68,2,11019,Dewasa Muda (25-45)
cust_5354,40,Rural,Low,2,18883.13,48977.98,7515.91,37766,192,146,3587,15,1211.93,Monthly,Debit Card,17,35.57,1,12844,Dewasa Muda (25-45)
cust_5355,60,Rural,High,604,13179.77,29446.77,5471.71,7960583,354,214,2173,29,2243.57,Daily,Credit Card,6,35.63,3,805182,Dewasa (45-65)
cust_5356,61,Suburban,Middle,2,9527.13,35822.4,3471.44,19054,31,128,4603,40,231.1,Monthly,Credit Card,20,58.54,6,20995,Dewasa (45-65)
cust_5357,47,Suburban,Middle,150,6363.44,26277.51,3070.28,954516,357,294,2422,18,1211.61,Monthly,Debit Card,1,63.19,3,104489,Dewasa (45-65)
cust_5358,47,Rural,High,583,7211.88,12067.4,3214.27,4204527,19,149,4629,21,3924.24,Monthly,Wallet Balance,8,70.37,6,435848,Dewasa (45-65)
cust_5359,20,Rural,High,4,6696.27,28445.66,1282.93,26785,285,327,4246,36,4214.1,Weekly,Wallet Balance,7,60.7,3,15663,Remaja (<25)
cust_5360,51,Rural,High,497,6496.07,6683.52,3023.44,3228544,73,140,4313,9,3576.55,Weekly,Wallet Balance,20,63.34,10,340592,Dewasa (45-65)
cust_5361,61,Urban,Middle,550,13895.55,43357.38,3388.28,7642554,76,292,4377,7,3162.82,Monthly,UPI,2,69.94,2,774128,Dewasa (45-65)
cust_5362,57,Urban,Low,871,11758.3,36064.55,4592.99,10241482,188,122,4400,28,4056.33,Monthly,Debit Card,11,59.75,2,1035720,Dewasa (45-65)
cust_5363,64,Urban,High,468,4047.88,14148.5,1777.85,1894408,179,11,3755,13,639.15,Daily,Debit Card,9,15.53,4,201931,Dewasa (45-65)
cust_5364,57,Suburban,High,70,19392.82,37986.71,5324.26,1357497,338,283,4757,10,2626.27,Monthly,UPI,13,57.26,3,147950,Dewasa (45-65)
cust_5365,54,Rural,High,201,8560.23,8897.74,1032.39,1720606,306,252,1218,29,581.58,Daily,Credit Card,0,51.38,8,185105,Dewasa (45-65)
cust_5366,31,Suburban,Low,308,11326.07,31928.77,5434.98,3488428,137,194,1449,32,3889.33,Daily,UPI,18,40.47,1,353996,Dewasa Muda (25-45)
cust_5367,48,Suburban,High,252,14054.99,18069.45,1812.98,3541858,162,330,1587,41,2602.78,Monthly,Wallet Balance,13,13.39,6,366158,Dewasa (45-65)
cust_5368,64,Suburban,High,287,12277.41,56092.73,2937.29,3523616,290,195,3984,33,4050.12,Weekly,Credit Card,19,4.41,6,367604,Dewasa (45-65)
cust_5369,36,Rural,Middle,922,6227.92,10554.25,2108.64,5742146,47,81,4749,38,3995.32,Daily,Credit Card,5,16.42,5,590515,Dewasa Muda (25-45)
cust_5370,24,Urban,High,292,15956.15,43096.49,2345.79,4659197,24,107,3135,48,2331.06,Weekly,Debit Card,15,63.26,10,485824,Remaja (<25)
cust_5371,21,Rural,Middle,154,2211.97,6051.96,962.83,340643,336,321,2220,36,2484.37,Weekly,UPI,3,20.14,8,48862,Remaja (<25)
cust_5372,66,Rural,Low,924,11384.23,36559.97,2064.74,10519025,284,206,396,41,141.34,Weekly,Credit Card,8,32.74,1,1057723,Senior (>65)
cust_5373,60,Suburban,High,133,5473.61,22606.72,2706.16,727990,174,209,3737,36,2617.57,Daily,UPI,7,71.83,5,87564,Dewasa (45-65)
cust_5374,50,Suburban,High,883,12319.09,35584.83,5747.76,10877756,307,127,743,4,3387.32,Daily,Credit Card,5,37.17,4,1091967,Dewasa (45-65)
cust_5375,54,Suburban,Middle,586,4367.69,4817.62,1492.97,2559466,262,34,1453,40,1168.28,Monthly,Wallet Balance,9,55.49,8,270268,Dewasa (45-65)
cust_5376,37,Urban,Low,274,15446.27,63089.39,5622.51,4232278,230,64,2017,42,4932.64,Daily,UPI,6,57.45,10,438995,Dewasa Muda (25-45)
cust_5377,56,Urban,Low,783,4558.45,6056.78,1428.81,3569267,191,17,4146,46,4874.14,Monthly,Wallet Balance,10,63.43,2,369381,Dewasa (45-65)
cust_5378,69,Urban,Middle,697,17808.94,63510.47,4566.95,12412830,118,249,3286,4,1414.15,Daily,UPI,4,24.63,10,1257547,Senior (>65)
cust_5379,20,Rural,Low,509,17232.48,72612.82,4147.57,8771333,53,105,1825,16,3564.87,Weekly,Credit Card,13,11.83,7,887600,Remaja (<25)
cust_5380,57,Suburban,Low,353,7254.25,15457.06,3312.74,2560748,192,345,2667,18,150.01,Daily,UPI,8,64.09,2,265133,Dewasa (45-65)
cust_5381,38,Rural,Low,5,7722.55,21595.53,2553.44,38612,60,108,4979,45,3328.76,Weekly,Credit Card,19,44.28,8,24654,Dewasa Muda (25-45)
cust_5382,32,Urban,Low,293,14033.05,14837.76,6024.64,4111684,11,222,3611,25,3120.08,Daily,Credit Card,19,43.3,5,424330,Dewasa Muda (25-45)
cust_5383,27,Suburban,Low,360,1816.57,7657.74,555.19,653964,260,176,2322,1,4110.8,Weekly,UPI,19,41.46,2,70085,Dewasa Muda (25-45)
cust_5384,38,Urban,Low,598,1627.58,6206.03,362.64,973292,270,228,4783,13,1521.83,Monthly,Debit Card,19,3.49,1,108434,Dewasa Muda (25-45)
cust_5385,31,Suburban,Low,214,2735.12,5266.61,373.9,585315,141,190,2631,27,4390.05,Weekly,Wallet Balance,5,18.66,9,73298,Dewasa Muda (25-45)
cust_5386,18,Suburban,Low,406,11253.88,28820.12,2582.53,4569076,143,213,1953,3,4289.88,Weekly,UPI,6,48.74,2,460968,Remaja (<25)
cust_5387,45,Rural,High,436,2988.56,11300.53,1350.97,1303010,113,221,361,2,3348.01,Daily,Credit Card,3,3.34,1,130549,Dewasa Muda (25-45)
cust_5388,37,Rural,Middle,15,5559.57,13524.5,2139.24,83393,264,324,399,14,2361.67,Monthly,Credit Card,16,44.08,7,16356,Dewasa Muda (25-45)
cust_5389,24,Urban,Low,273,12941.76,21349.49,5362.18,3533100,344,162,3654,21,3092.01,Daily,Wallet Balance,3,4.57,6,367172,Remaja (<25)
cust_5390,44,Rural,Middle,563,322.32,990.82,131.95,181465,11,298,794,47,3649.79,Weekly,Credit Card,19,1.6,8,30609,Dewasa Muda (25-45)
cust_5391,62,Rural,Low,765,3612.93,14069.73,534.67,2763891,99,249,562,41,4876.26,Weekly,UPI,13,64.31,10,289175,Dewasa (45-65)
cust_5392,52,Rural,Low,45,18599.31,42466.66,3041.81,836969,23,190,3155,49,608.64,Weekly,Debit Card,17,65.68,3,97602,Dewasa (45-65)
cust_5393,38,Suburban,High,703,13274.92,19740.98,3012.02,9332266,239,12,2274,18,1565.36,Weekly,Debit Card,7,21.59,3,941791,Dewasa Muda (25-45)
cust_5394,28,Rural,Middle,634,6117.97,26418.46,1348.47,3878790,109,68,2064,33,3903.58,Daily,Wallet Balance,4,62.41,6,399355,Dewasa Muda (25-45)
cust_5395,47,Urban,Middle,412,915.62,1841.49,115.76,377233,263,41,219,9,2045.9,Daily,Credit Card,13,6.32,6,44038,Dewasa (45-65)
cust_5396,61,Suburban,High,187,11725.12,35776.37,1892.3,2192596,325,260,2631,33,3362.4,Daily,Wallet Balance,8,30.22,3,229140,Dewasa (45-65)
cust_5397,67,Suburban,High,726,4465.1,16812.76,1975.77,3241660,160,126,2499,15,665.59,Monthly,Wallet Balance,20,34.83,6,336331,Senior (>65)
cust_5398,62,Rural,Middle,661,19203.91,43560.24,6445.18,12693782,220,226,2016,36,3545.81,Weekly,Credit Card,19,30.01,1,1276237,Dewasa (45-65)
cust_5399,63,Suburban,Low,170,13742.35,49397.51,3255.74,2336199,172,210,625,35,3370.32,Monthly,Debit Card,2,25.73,1,237684,Dewasa (45-65)
cust_5400,38,Urban,Low,721,19482.74,55308.33,6051.17,14047053,94,333,1664,48,2929.1,Weekly,Credit Card,16,44.4,5,1416368,Dewasa Muda (25-45)
cust_5401,60,Urban,Middle,965,16979.49,55722.38,3472.74,16385206,122,330,3341,44,3826.19,Daily,Wallet Balance,17,49.02,4,1651689,Dewasa (45-65)
cust_5402,32,Suburban,Low,594,9665.72,32499.09,3223.87,5741436,300,265,902,21,4400.56,Weekly,Credit Card,3,69.05,2,577847,Dewasa Muda (25-45)
cust_5403,55,Rural,High,401,13394.57,57551.13,1739.32,5371221,197,171,63,31,4146.51,Weekly,Wallet Balance,8,9.99,3,541274,Dewasa (45-65)
cust_5404,36,Rural,High,708,16244.02,58889.54,7489.47,11500768,51,1,1991,43,637.87,Monthly,Credit Card,10,64.93,1,1159039,Dewasa Muda (25-45)
cust_5405,17,Suburban,High,246,11567.79,23797.56,2269.35,2845675,317,364,1927,16,3721.97,Daily,Credit Card,8,57.61,6,294160,Remaja (<25)
cust_5406,52,Urban,Middle,903,1239.14,1534.57,529.89,1118939,307,349,949,8,2248.82,Weekly,Wallet Balance,5,21.07,10,123467,Dewasa (45-65)
cust_5407,21,Suburban,Middle,857,9414.22,9488.99,3426.77,8067988,20,209,438,32,1669.41,Daily,Debit Card,17,15.22,5,815040,Remaja (<25)
cust_5408,59,Rural,Middle,869,2620.16,12099.04,810.16,2276919,30,241,896,32,4398.25,Monthly,Debit Card,0,9.27,10,240484,Dewasa (45-65)
cust_5409,33,Rural,Low,552,14299.79,68187.68,6748.34,7893482,300,72,4676,1,2798.07,Weekly,Debit Card,3,31.08,6,803401,Dewasa Muda (25-45)
cust_5410,45,Suburban,Middle,680,13615.77,18741.37,2215.63,9258724,86,273,2079,13,2506.17,Weekly,Wallet Balance,5,40.06,6,936077,Dewasa Muda (25-45)
cust_5411,37,Urban,Middle,43,19858.23,58546.34,2933.28,853904,230,89,0,36,3923.0,Weekly,Wallet Balance,17,41.45,2,89028,Dewasa Muda (25-45)
cust_5412,69,Suburban,High,841,12579.91,20208.12,2877.58,10579702,157,20,4801,32,2766.54,Weekly,UPI,16,30.59,8,1077388,Senior (>65)
cust_5413,48,Urban,Low,723,16004.76,76742.75,6915.47,11571439,181,315,4009,0,4290.04,Daily,Debit Card,15,49.66,6,1169016,Dewasa (45-65)
cust_5414,45,Urban,Low,179,5373.07,10678.07,612.96,961780,112,141,3053,46,514.5,Monthly,Credit Card,20,51.26,2,108626,Dewasa Muda (25-45)
cust_5415,32,Suburban,High,457,6807.08,20466.1,1332.57,3110836,139,333,2763,21,3880.67,Monthly,UPI,17,37.57,1,317769,Dewasa Muda (25-45)
cust_5416,58,Suburban,Low,535,18341.31,30492.08,4949.97,9812603,10,175,2633,29,819.17,Weekly,Wallet Balance,11,40.17,9,998016,Dewasa (45-65)
cust_5417,47,Urban,Middle,607,15106.29,35213.44,5818.59,9169520,291,50,4247,26,1126.16,Monthly,Credit Card,19,14.84,4,931482,Dewasa (45-65)
cust_5418,57,Urban,Low,672,13108.83,27098.91,2880.34,8809134,238,94,3432,32,897.26,Monthly,Wallet Balance,8,40.33,10,900528,Dewasa (45-65)
cust_5419,66,Urban,High,244,5088.01,14763.91,1420.8,1241475,132,168,2417,15,1192.11,Daily,Credit Card,17,6.34,8,137885,Senior (>65)
cust_5420,29,Urban,Low,927,13974.57,37439.67,3280.39,12954428,330,55,1682,9,3659.15,Daily,UPI,4,41.52,2,1299877,Dewasa Muda (25-45)
cust_5421,25,Rural,High,17,17736.41,41205.06,2426.77,301518,185,51,562,26,3276.66,Daily,Credit Card,2,46.64,9,41237,Remaja (<25)
cust_5422,62,Suburban,Middle,112,4623.65,6581.81,1828.51,517848,295,332,257,36,1148.91,Daily,Credit Card,1,70.71,8,63324,Dewasa (45-65)
cust_5423,66,Urban,Middle,615,14125.42,41499.74,4019.41,8687131,208,270,964,1,1350.87,Weekly,UPI,9,31.17,2,872065,Senior (>65)
cust_5424,51,Suburban,High,826,7879.94,34678.3,3349.01,6508832,250,362,4741,29,496.47,Daily,Wallet Balance,5,36.2,9,672016,Dewasa (45-65)
cust_5425,49,Urban,Middle,598,2384.16,9348.04,900.92,1425728,350,145,4285,45,2072.18,Weekly,Debit Card,12,33.1,8,162606,Dewasa (45-65)
cust_5426,24,Suburban,Middle,547,15271.58,59288.84,1880.33,8353553,323,77,4673,42,1892.93,Monthly,Wallet Balance,4,19.44,2,849954,Remaja (<25)
cust_5427,57,Suburban,Low,30,3351.06,8258.25,1005.42,100531,89,129,4931,18,729.08,Monthly,Wallet Balance,6,7.7,6,27350,Dewasa (45-65)
cust_5428,43,Urban,Middle,192,5065.4,19419.09,2514.17,972556,358,111,1841,18,4173.13,Daily,Wallet Balance,18,46.48,5,105651,Dewasa Muda (25-45)
cust_5429,26,Urban,High,437,15661.01,44823.79,3494.73,6843861,362,1,3875,50,4262.98,Weekly,Credit Card,5,6.12,2,697004,Dewasa Muda (25-45)
cust_5430,29,Suburban,Middle,179,14845.23,23768.77,4411.75,2657296,36,26,4093,34,545.23,Weekly,Debit Card,13,31.53,8,285043,Dewasa Muda (25-45)
cust_5431,54,Suburban,Low,616,5091.12,13624.85,1836.94,3136129,4,116,2654,10,1331.83,Weekly,Credit Card,6,1.78,1,320255,Dewasa (45-65)
cust_5432,62,Suburban,High,677,18819.88,28812.38,3404.63,12741060,234,174,3984,31,3680.45,Monthly,Credit Card,16,67.78,8,1291333,Dewasa (45-65)
cust_5433,69,Rural,Middle,474,4313.55,6288.86,1643.48,2044623,330,13,4600,15,4349.83,Daily,Wallet Balance,3,50.52,6,218987,Senior (>65)
cust_5434,34,Urban,Middle,634,19872.51,21705.49,7231.82,12599170,269,34,2029,16,358.36,Monthly,Credit Card,12,16.84,9,1274395,Dewasa Muda (25-45)
cust_5435,69,Rural,Middle,134,14760.62,31461.04,3689.92,1977922,70,318,3815,28,4511.85,Weekly,Wallet Balance,6,20.61,6,211966,Senior (>65)
cust_5436,30,Rural,High,802,7856.23,18253.94,1679.47,6300695,7,232,1869,19,308.19,Monthly,UPI,9,23.88,1,636553,Dewasa Muda (25-45)
cust_5437,43,Urban,Low,312,2615.68,9933.77,1223.2,816092,156,73,377,35,3168.92,Daily,Debit Card,1,37.85,10,94278,Dewasa Muda (25-45)
cust_5438,39,Urban,High,736,6416.99,20226.49,967.74,4722907,293,51,2392,46,110.38,Daily,Wallet Balance,7,45.86,5,486619,Dewasa Muda (25-45)
cust_5439,23,Rural,High,25,3882.83,17215.7,1059.28,97070,286,211,2858,23,4641.33,Daily,Wallet Balance,6,6.44,7,22402,Remaja (<25)
cust_5440,58,Urban,Low,371,12440.57,21222.16,5060.74,4615452,360,215,848,42,1768.45,Weekly,Credit Card,17,47.88,4,470557,Dewasa (45-65)
cust_5441,24,Suburban,High,525,7143.53,14743.02,1137.64,3750355,74,41,779,47,3244.02,Monthly,Wallet Balance,8,6.28,4,383671,Remaja (<25)
cust_5442,62,Suburban,High,319,5907.2,28143.68,2795.11,1884395,12,311,3411,3,923.11,Weekly,Debit Card,17,65.89,3,198099,Dewasa (45-65)
cust_5443,48,Rural,Middle,230,15145.09,42045.52,4702.57,3483371,337,94,865,4,1606.28,Daily,Wallet Balance,4,36.31,8,357663,Dewasa (45-65)
cust_5444,48,Rural,High,102,4619.68,19200.34,1394.8,471207,112,189,3639,18,3736.49,Weekly,Credit Card,14,67.29,5,59330,Dewasa (45-65)
cust_5445,34,Urban,Middle,450,11741.92,34857.89,3166.92,5283862,30,135,1930,47,4864.98,Daily,UPI,0,46.61,6,540513,Dewasa Muda (25-45)
cust_5446,18,Urban,High,378,3899.98,11248.87,1743.21,1474190,36,206,538,50,4960.27,Monthly,Debit Card,15,29.48,3,154014,Remaja (<25)
cust_5447,25,Rural,Middle,888,14298.82,22770.38,6854.52,12697355,344,2,4029,23,4048.4,Daily,Wallet Balance,12,56.58,1,1279069,Remaja (<25)
cust_5448,55,Rural,Middle,901,12506.18,55087.2,3151.9,11268066,230,204,1105,47,4235.97,Monthly,UPI,15,5.83,8,1139598,Dewasa (45-65)
cust_5449,62,Suburban,Middle,203,15965.09,20968.88,5060.25,3240913,277,241,1765,0,4847.02,Monthly,Debit Card,1,42.68,8,333197,Dewasa (45-65)
cust_5450,57,Suburban,Low,267,1379.26,3090.98,311.95,368261,106,258,1755,34,201.58,Daily,Debit Card,16,19.29,7,50635,Dewasa (45-65)
cust_5451,16,Urban,High,984,4210.01,15551.23,1040.74,4142647,288,156,233,1,850.75,Monthly,Wallet Balance,3,60.83,7,421405,Remaja (<25)
cust_5452,44,Suburban,High,462,3097.66,9382.91,344.87,1431120,250,54,3263,9,263.39,Monthly,Debit Card,8,64.23,4,154406,Dewasa Muda (25-45)
cust_5453,65,Urban,High,365,3819.32,17284.38,1582.63,1394051,63,94,3735,5,2505.81,Daily,Credit Card,19,42.57,10,156122,Dewasa (45-65)
cust_5454,49,Urban,Low,734,2069.25,2394.52,1009.24,1518830,44,314,3684,39,4792.45,Daily,UPI,9,19.52,6,166754,Dewasa (45-65)
cust_5455,66,Urban,Middle,104,11246.02,40459.01,4586.25,1169585,149,61,4885,37,2912.18,Daily,Wallet Balance,16,28.62,6,134972,Senior (>65)
cust_5456,28,Suburban,High,111,11872.69,34547.9,3648.3,1317869,46,360,4624,19,2777.02,Weekly,Credit Card,4,45.05,8,149546,Dewasa Muda (25-45)
cust_5457,69,Rural,Low,428,16871.36,27285.16,7271.62,7220942,175,168,896,18,4133.43,Daily,Credit Card,5,31.19,1,724619,Senior (>65)
cust_5458,16,Rural,Low,995,8360.59,33216.67,3705.01,8318783,154,274,3595,47,4644.74,Daily,UPI,16,56.17,6,847445,Remaja (<25)
cust_5459,49,Suburban,High,469,10652.37,28177.94,3385.42,4995961,261,25,275,35,3492.78,Monthly,Debit Card,7,27.19,2,503899,Dewasa (45-65)
cust_5460,44,Rural,Middle,581,19826.17,61983.1,9414.71,11519003,133,356,402,47,4476.89,Monthly,UPI,16,36.89,5,1160165,Dewasa Muda (25-45)
cust_5461,63,Urban,Low,870,10641.58,51814.55,1192.58,9258177,287,48,2301,28,876.08,Monthly,Credit Card,8,14.42,9,941781,Dewasa (45-65)
cust_5462,62,Rural,High,770,11475.79,33795.28,1193.92,8836355,156,189,3048,40,2517.04,Weekly,Wallet Balance,18,50.54,1,893473,Dewasa (45-65)
cust_5463,28,Suburban,Middle,680,19918.39,85519.43,2640.85,13544504,333,53,2584,23,1823.03,Weekly,Credit Card,4,62.43,6,1367006,Dewasa Muda (25-45)
cust_5464,63,Rural,Low,805,19882.65,81087.6,2448.41,16005530,241,241,4258,8,1662.61,Daily,Debit Card,0,27.03,9,1618037,Dewasa (45-65)
cust_5465,64,Urban,Low,886,8486.37,30983.89,2290.0,7518922,331,27,2110,31,1071.25,Monthly,Wallet Balance,16,68.78,5,763676,Dewasa (45-65)
cust_5466,68,Urban,High,561,12702.59,58269.92,6048.06,7126151,127,59,242,39,4469.98,Monthly,Credit Card,17,3.73,5,719764,Senior (>65)
cust_5467,44,Suburban,High,250,9621.24,19304.12,3560.72,2405310,193,186,2350,4,2251.85,Monthly,Credit Card,5,16.64,3,247505,Dewasa Muda (25-45)
cust_5468,54,Suburban,Middle,482,14417.1,61749.67,5244.67,6949043,269,141,962,20,2651.27,Weekly,Wallet Balance,13,30.28,2,699502,Dewasa (45-65)
cust_5469,39,Suburban,High,331,18768.35,47130.13,4766.3,6212322,122,57,1139,16,1381.55,Daily,Wallet Balance,20,31.14,7,631419,Dewasa Muda (25-45)
cust_5470,41,Urban,High,932,6200.09,26350.15,1943.77,5778483,146,195,2367,23,4814.25,Weekly,Credit Card,0,57.33,3,585475,Dewasa Muda (25-45)
cust_5471,32,Rural,Middle,587,16379.31,48731.0,3630.8,9614657,152,106,1045,26,3056.05,Monthly,Credit Card,16,63.99,3,967627,Dewasa Muda (25-45)
cust_5472,22,Rural,High,201,13100.43,58045.87,4023.6,2633186,157,280,1486,47,3.47,Weekly,Credit Card,0,22.52,2,272988,Remaja (<25)
cust_5473,28,Suburban,Middle,454,5610.89,25694.38,2236.86,2547345,156,168,964,17,1339.46,Daily,Wallet Balance,11,46.35,4,261692,Dewasa Muda (25-45)
cust_5474,20,Rural,Middle,504,15948.02,54072.97,5158.82,8037802,102,335,2665,21,4996.74,Daily,Credit Card,2,40.17,8,816711,Remaja (<25)
cust_5475,41,Rural,Middle,546,8548.39,25905.96,2287.11,4667420,340,246,2011,5,4873.87,Monthly,UPI,12,13.6,4,472827,Dewasa Muda (25-45)
cust_5476,64,Suburban,High,826,2416.74,9988.68,1058.46,1996226,252,340,4937,27,2723.08,Weekly,Credit Card,3,24.15,4,214835,Dewasa (45-65)
cust_5477,18,Suburban,Middle,111,19868.39,41086.74,4271.25,2205391,267,214,3407,41,2820.59,Monthly,Debit Card,8,2.4,10,240042,Remaja (<25)
cust_5478,22,Urban,High,933,8518.67,9041.67,2492.52,7947919,307,2,369,19,4507.94,Monthly,Wallet Balance,15,22.57,10,805175,Remaja (<25)
cust_5479,64,Urban,Middle,864,10835.64,28480.15,5323.1,9361989,59,304,1394,15,3542.83,Daily,Debit Card,13,8.49,6,944715,Dewasa (45-65)
cust_5480,54,Urban,High,828,16161.16,48986.02,7869.33,13381436,340,354,828,18,4661.08,Monthly,UPI,4,64.79,9,1348269,Dewasa (45-65)
cust_5481,68,Urban,Middle,908,19217.91,42068.99,1970.1,17449865,105,182,2075,7,2395.66,Monthly,Credit Card,19,64.82,3,1751638,Senior (>65)
cust_5482,16,Rural,Low,749,17459.03,44231.53,5462.81,13076812,269,302,2896,17,4879.5,Daily,Wallet Balance,14,49.29,7,1319733,Remaja (<25)
cust_5483,64,Rural,Low,544,10505.81,16097.35,2466.43,5715162,47,183,4545,36,2697.75,Weekly,UPI,9,71.49,4,586857,Dewasa (45-65)
cust_5484,32,Urban,Low,209,10918.46,23028.78,2363.73,2281959,88,95,4622,44,3224.19,Weekly,UPI,11,42.17,7,247227,Dewasa Muda (25-45)
cust_5485,58,Urban,Middle,644,5624.93,11027.01,1904.04,3622454,171,156,182,46,412.83,Weekly,Debit Card,5,15.23,4,371003,Dewasa (45-65)
cust_5486,40,Suburban,High,618,9261.43,20411.7,2579.51,5723563,152,180,375,30,3058.15,Daily,Debit Card,18,63.81,6,580577,Dewasa Muda (25-45)
cust_5487,18,Rural,Middle,33,18937.31,41590.43,7444.95,624931,176,97,1829,37,3838.88,Monthly,Wallet Balance,13,15.8,3,70931,Remaja (<25)
cust_5488,30,Rural,Middle,555,14541.55,47054.61,1611.98,8070559,319,277,3990,1,2196.52,Weekly,UPI,13,19.96,4,818037,Dewasa Muda (25-45)
cust_5489,44,Urban,Middle,880,247.42,495.43,116.48,217730,145,238,209,31,2512.19,Daily,Credit Card,6,47.77,5,29034,Dewasa Muda (25-45)
cust_5490,68,Rural,Middle,107,2338.97,11142.49,764.93,250269,325,343,4127,14,1966.64,Weekly,Debit Card,9,10.2,7,40697,Senior (>65)
cust_5491,58,Suburban,High,265,18476.99,56264.26,6903.5,4896401,310,298,2091,10,4845.21,Weekly,Credit Card,14,44.3,1,493399,Dewasa (45-65)
cust_5492,47,Suburban,Middle,226,16975.9,25733.16,5802.95,3836553,222,13,885,4,2383.12,Weekly,Credit Card,14,22.5,8,392633,Dewasa (45-65)
cust_5493,41,Rural,Low,487,9728.43,20608.95,4821.92,4737744,15,301,3706,41,631.06,Monthly,Wallet Balance,17,45.45,6,490970,Dewasa Muda (25-45)
cust_5494,31,Urban,Low,179,12343.4,48374.14,6104.05,2209467,138,346,4467,28,144.36,Daily,UPI,8,57.67,8,240608,Dewasa Muda (25-45)
cust_5495,40,Rural,Low,222,5800.02,6116.91,1994.96,1287605,250,182,994,19,3862.35,Weekly,UPI,15,28.99,8,138717,Dewasa Muda (25-45)
cust_5496,69,Suburban,Middle,370,15858.69,75348.93,5924.57,5867714,150,155,2489,19,2738.36,Weekly,Credit Card,1,24.5,9,601280,Senior (>65)
cust_5497,43,Urban,High,637,12070.32,33564.02,4193.56,7688791,351,251,2661,17,13.85,Daily,Wallet Balance,20,24.48,4,779894,Dewasa Muda (25-45)
cust_5498,24,Rural,High,788,13899.57,42870.65,3117.29,10952857,269,281,3515,11,1912.61,Daily,Debit Card,14,26.4,3,1105459,Remaja (<25)
cust_5499,16,Urban,High,167,7504.45,37174.4,1328.63,1253242,81,177,4062,48,4570.25,Daily,Debit Card,12,56.63,1,136963,Remaja (<25)
cust_5500,44,Urban,Middle,663,8614.46,25960.63,2249.28,5711384,65,360,4333,16,4738.77,Daily,Debit Card,0,31.57,9,588035,Dewasa Muda (25-45)
cust_5501,37,Suburban,High,553,4161.56,19937.96,1552.69,2301345,142,71,1354,3,267.8,Daily,Debit Card,1,51.66,2,235008,Dewasa Muda (25-45)
cust_5502,31,Urban,Low,300,18961.57,88378.45,2320.72,5688471,300,84,2819,18,617.11,Monthly,Credit Card,15,53.53,9,584976,Dewasa Muda (25-45)
cust_5503,56,Rural,High,381,18931.67,90214.39,5787.83,7212968,247,189,4398,22,24.35,Daily,Debit Card,3,38.83,10,742280,Dewasa (45-65)
cust_5504,66,Urban,Middle,35,16356.85,69508.3,4307.72,572489,193,92,1926,26,4343.37,Weekly,Debit Card,19,33.33,8,69529,Senior (>65)
cust_5505,59,Urban,Middle,407,18711.75,40896.25,5819.24,7615680,283,69,228,49,354.43,Monthly,UPI,0,27.87,9,775746,Dewasa (45-65)
cust_5506,66,Rural,High,502,13309.91,31751.18,5910.81,6681573,254,308,3211,41,539.5,Weekly,Debit Card,5,47.51,2,680409,Senior (>65)
cust_5507,69,Suburban,Middle,314,4700.69,11563.4,559.59,1476016,173,164,3910,45,1138.11,Monthly,UPI,15,37.53,7,166352,Senior (>65)
cust_5508,56,Suburban,High,816,15206.61,74766.69,6165.51,12408592,313,179,4149,44,4586.25,Daily,Debit Card,15,21.71,7,1258264,Dewasa (45-65)
cust_5509,22,Rural,High,743,6512.27,15909.62,2388.47,4838617,278,33,2639,13,3441.17,Monthly,UPI,5,38.84,3,491719,Remaja (<25)
cust_5510,29,Rural,Low,727,8815.23,12647.71,1600.31,6408671,290,53,1294,3,3084.41,Weekly,Credit Card,14,47.72,4,646212,Dewasa Muda (25-45)
cust_5511,44,Suburban,Middle,826,5494.26,22599.62,2162.94,4538258,306,216,4225,3,3923.28,Monthly,Debit Card,6,39.66,10,470614,Dewasa Muda (25-45)
cust_5512,34,Urban,Low,101,8478.2,20892.44,2531.16,856298,310,202,1548,23,3466.42,Monthly,Wallet Balance,6,2.07,9,98292,Dewasa Muda (25-45)
cust_5513,34,Rural,Middle,569,13589.55,47342.52,3973.72,7732456,186,38,516,22,3729.63,Daily,Wallet Balance,11,71.52,1,775612,Dewasa Muda (25-45)
cust_5514,17,Urban,High,215,2221.11,10433.51,651.29,477537,356,261,3488,35,368.28,Weekly,UPI,0,54.75,3,61045,Remaja (<25)
cust_5515,56,Rural,Middle,935,2113.09,6977.46,1013.63,1975735,224,31,3055,10,2948.83,Monthly,Debit Card,1,18.29,7,210209,Dewasa (45-65)
cust_5516,60,Suburban,High,668,13678.56,48569.85,6534.88,9137279,62,288,4607,32,3766.04,Weekly,Credit Card,16,55.01,2,926258,Dewasa (45-65)
cust_5517,30,Urban,Middle,576,15593.83,55692.58,7258.04,8982044,84,5,3009,37,2828.29,Monthly,Credit Card,16,55.51,3,909508,Dewasa Muda (25-45)
cust_5518,18,Urban,Low,62,11033.82,38062.23,5017.04,684096,27,179,1980,4,58.97,Weekly,Credit Card,7,43.66,4,76740,Remaja (<25)
cust_5519,26,Rural,Low,851,3641.0,5967.89,418.84,3098494,320,54,224,26,1055.6,Weekly,Credit Card,3,45.35,1,313369,Dewasa Muda (25-45)
cust_5520,68,Urban,High,369,8620.83,24359.55,2243.47,3181086,131,219,2250,36,4814.5,Weekly,Debit Card,12,12.45,9,332801,Senior (>65)
cust_5521,61,Rural,Low,368,15165.93,15630.86,6945.25,5581061,127,284,2902,26,3523.47,Daily,Credit Card,12,27.42,9,573748,Dewasa (45-65)
cust_5522,45,Suburban,High,574,13717.8,48081.72,5515.25,7874019,11,268,2981,30,3442.52,Daily,Debit Card,10,42.75,3,797642,Dewasa Muda (25-45)
cust_5523,55,Urban,High,94,2206.21,7283.66,623.62,207383,280,200,135,11,3301.26,Weekly,Credit Card,11,6.51,5,25457,Dewasa (45-65)
cust_5524,33,Rural,High,469,19383.25,44049.39,7933.59,9090745,285,273,3875,46,639.04,Weekly,Wallet Balance,13,70.44,2,923105,Dewasa Muda (25-45)
cust_5525,66,Urban,Middle,984,4475.04,13852.87,820.16,4403443,197,264,1052,5,20.41,Daily,Debit Card,20,8.23,8,450938,Senior (>65)
cust_5526,63,Rural,High,853,4415.59,13124.14,1500.94,3766495,225,226,1374,11,2203.26,Monthly,Credit Card,0,29.65,5,384395,Dewasa (45-65)
cust_5527,17,Rural,Low,26,9202.55,18438.78,2882.23,239266,264,18,3037,13,2221.62,Weekly,Credit Card,8,65.86,2,32189,Remaja (<25)
cust_5528,47,Rural,Middle,435,6551.59,14237.59,2158.22,2849941,275,243,1351,21,4059.03,Weekly,UPI,2,2.08,6,293766,Dewasa (45-65)
cust_5529,23,Suburban,Low,121,19679.88,79706.74,7649.93,2381265,68,117,3929,10,907.84,Daily,Credit Card,6,49.51,6,252530,Remaja (<25)
cust_5530,37,Urban,High,50,1539.03,6191.41,738.61,76951,233,10,1393,39,1375.56,Monthly,Wallet Balance,14,28.57,5,18693,Dewasa Muda (25-45)
cust_5531,21,Suburban,High,883,6135.72,17665.53,1261.53,5417840,99,39,370,38,391.21,Weekly,Debit Card,6,51.92,6,552128,Remaja (<25)
cust_5532,27,Rural,Low,764,7660.62,29646.86,3088.92,5852710,222,41,4733,37,1999.38,Weekly,UPI,10,48.14,8,605437,Dewasa Muda (25-45)
cust_5533,62,Rural,Middle,36,9874.25,27679.53,3535.54,355472,124,108,1659,12,1279.95,Weekly,Credit Card,15,43.38,5,44425,Dewasa (45-65)
cust_5534,55,Suburban,Low,410,337.96,1488.9,127.77,138565,304,44,921,5,1314.48,Weekly,Credit Card,11,62.44,1,16541,Dewasa (45-65)
cust_5535,51,Suburban,High,289,1656.42,3861.49,449.83,478705,102,197,3443,19,1270.27,Daily,UPI,19,1.36,2,58021,Dewasa (45-65)
cust_5536,30,Urban,Middle,379,5163.61,24316.34,2467.34,1957009,320,299,1276,1,1157.59,Monthly,Debit Card,7,11.37,9,206774,Dewasa Muda (25-45)
cust_5537,43,Rural,High,100,11084.5,35128.28,3235.15,1108450,264,209,3942,10,1598.97,Monthly,Wallet Balance,12,56.86,8,126929,Dewasa Muda (25-45)
cust_5538,67,Suburban,High,324,15357.75,48265.6,2282.73,4975912,365,176,2486,7,2683.45,Weekly,UPI,1,46.09,4,505921,Senior (>65)
cust_5539,64,Rural,Low,329,13733.04,50582.11,5112.5,4518170,230,275,601,29,2188.55,Monthly,UPI,7,66.73,1,455824,Dewasa (45-65)
cust_5540,60,Rural,High,648,11344.83,26812.64,1719.28,7351448,123,277,2065,26,317.23,Monthly,Credit Card,14,32.17,8,749716,Dewasa (45-65)
cust_5541,33,Urban,Low,706,7950.68,30986.35,1821.26,5613183,227,236,218,3,2129.3,Monthly,Wallet Balance,11,40.03,1,561989,Dewasa Muda (25-45)
cust_5542,17,Urban,Middle,221,17415.18,39736.23,3329.82,3848755,228,3,4607,6,4231.39,Weekly,Debit Card,4,45.32,9,401573,Remaja (<25)
cust_5543,28,Urban,High,791,9200.85,23831.64,2903.55,7277874,153,360,1201,46,503.52,Monthly,Debit Card,1,13.51,10,744537,Dewasa Muda (25-45)
cust_5544,60,Suburban,High,838,5992.06,22163.53,1432.11,5021349,309,312,208,23,4721.81,Monthly,Wallet Balance,11,11.19,9,511490,Dewasa (45-65)
cust_5545,69,Rural,Middle,567,12590.41,31649.72,2064.09,7138761,305,344,1836,31,1542.95,Weekly,UPI,5,19.01,5,724876,Senior (>65)
cust_5546,30,Suburban,Low,939,13845.38,24920.25,5764.19,13000810,328,254,3206,18,72.68,Daily,Wallet Balance,7,28.4,3,1311256,Dewasa Muda (25-45)
cust_5547,35,Suburban,High,996,7975.42,35790.54,2292.11,7943518,149,36,210,41,1265.78,Daily,UPI,3,35.63,1,799238,Dewasa Muda (25-45)
cust_5548,44,Urban,Middle,110,572.58,2684.63,161.34,62984,307,6,3738,34,348.3,Daily,Credit Card,9,33.97,2,19000,Dewasa Muda (25-45)
cust_5549,57,Rural,High,149,1891.69,6634.01,859.86,281861,9,330,3623,41,2831.91,Daily,Wallet Balance,15,57.23,5,43116,Dewasa (45-65)
cust_5550,44,Rural,Low,406,16913.52,71791.19,5336.72,6866889,320,302,272,50,1581.63,Monthly,Wallet Balance,7,10.5,2,693442,Dewasa Muda (25-45)
cust_5551,18,Urban,Low,777,1140.39,5641.08,437.86,886085,224,20,1726,2,4034.38,Weekly,Credit Card,15,27.18,6,96243,Remaja (<25)
cust_5552,34,Rural,Low,674,11844.47,40971.21,2738.75,7983174,23,291,3579,17,3663.13,Daily,UPI,6,68.17,3,808343,Dewasa Muda (25-45)
cust_5553,18,Urban,Low,699,3682.35,17068.32,1194.98,2573963,192,162,2781,36,2342.98,Weekly,UPI,11,55.81,7,272386,Remaja (<25)
cust_5554,69,Suburban,Middle,410,4586.24,11176.75,1791.23,1880356,227,238,501,21,2803.01,Daily,Wallet Balance,6,31.39,10,199736,Senior (>65)
cust_5555,29,Suburban,High,129,5473.95,20811.34,1196.54,706139,54,47,3825,32,3043.85,Monthly,Wallet Balance,16,42.27,10,89941,Dewasa Muda (25-45)
cust_5556,55,Urban,Middle,484,775.44,948.54,291.11,375315,92,292,3944,37,1353.52,Weekly,Debit Card,14,34.39,9,57442,Dewasa (45-65)
cust_5557,19,Suburban,Low,108,3552.93,14765.59,1163.6,383716,15,16,1873,38,696.88,Daily,UPI,13,28.26,1,46569,Remaja (<25)
cust_5558,67,Suburban,Low,389,13013.49,56208.05,3561.5,5062249,308,108,1109,33,1882.59,Monthly,Credit Card,4,10.43,3,513801,Senior (>65)
cust_5559,26,Urban,Low,425,9979.36,25993.24,3843.93,4241226,179,177,2227,48,474.29,Monthly,UPI,1,12.88,10,443139,Dewasa Muda (25-45)
cust_5560,46,Suburban,Low,447,15948.61,56710.38,3616.53,7129027,4,65,3064,22,1574.32,Monthly,Debit Card,4,21.46,4,724443,Dewasa (45-65)
cust_5561,58,Rural,High,918,1234.23,5471.89,476.17,1133022,101,63,3151,34,2763.01,Daily,Debit Card,4,26.93,6,127622,Dewasa (45-65)
cust_5562,47,Suburban,Low,68,17779.08,80618.03,5697.23,1208977,130,308,1349,28,2700.56,Weekly,Wallet Balance,5,18.87,3,128045,Dewasa (45-65)
cust_5563,42,Urban,High,944,19928.01,28419.85,3950.56,18812038,7,73,4850,1,603.07,Daily,Debit Card,13,41.99,4,1894702,Dewasa Muda (25-45)
cust_5564,45,Rural,Low,66,324.64,1399.19,119.24,21426,184,204,8,49,41.7,Monthly,Debit Card,5,43.47,10,17037,Dewasa Muda (25-45)
cust_5565,58,Rural,High,656,19353.12,40582.99,8784.49,12695649,331,254,3499,13,444.72,Monthly,Debit Card,12,4.25,5,1282640,Dewasa (45-65)
cust_5566,17,Suburban,High,976,4724.9,18470.69,1058.4,4611498,332,60,4287,47,180.75,Daily,Credit Card,6,47.13,4,478333,Remaja (<25)
cust_5567,64,Rural,Low,565,13853.94,31873.15,5886.99,7827474,35,101,1113,43,2002.34,Weekly,Wallet Balance,17,34.2,3,791272,Dewasa (45-65)
cust_5568,24,Urban,Middle,640,5856.74,7176.38,1373.13,3748316,232,17,3491,49,1948.75,Daily,Debit Card,3,39.84,7,392739,Remaja (<25)
cust_5569,43,Rural,Middle,504,10441.04,19206.11,4473.45,5262283,154,195,3476,7,1208.08,Weekly,Credit Card,4,64.42,8,541276,Dewasa Muda (25-45)
cust_5570,46,Suburban,Middle,504,10213.27,26908.76,1230.29,5147486,64,251,4587,0,1077.22,Weekly,Wallet Balance,14,14.02,2,525383,Dewasa (45-65)
cust_5571,49,Suburban,Middle,982,7228.5,28660.38,743.71,7098385,247,38,676,27,1982.1,Daily,Wallet Balance,1,29.72,10,722899,Dewasa (45-65)
cust_5572,30,Rural,Middle,321,14353.76,20135.66,2085.67,4607556,56,285,2772,2,432.87,Weekly,Credit Card,7,35.45,6,472283,Dewasa Muda (25-45)
cust_5573,63,Urban,Low,719,11996.73,51006.95,5393.46,8625651,229,31,1383,6,1071.55,Weekly,Debit Card,17,42.95,9,874395,Dewasa (45-65)
cust_5574,40,Urban,Low,832,10170.46,50728.25,3188.32,8461820,311,310,2242,33,2028.46,Monthly,Debit Card,20,49.12,1,853951,Dewasa Muda (25-45)
cust_5575,51,Suburban,Low,728,19656.96,81635.95,6636.99,14310265,253,358,498,47,474.15,Monthly,Wallet Balance,1,10.18,8,1444485,Dewasa (45-65)
cust_5576,23,Suburban,Low,580,18800.79,54427.26,8213.73,10904456,293,181,1640,31,4204.07,Monthly,Credit Card,1,54.18,6,1100723,Remaja (<25)
cust_5577,24,Urban,Low,447,19109.16,62537.43,2298.04,8541795,52,282,1854,8,3380.09,Monthly,Wallet Balance,17,16.69,4,860997,Remaja (<25)
cust_5578,52,Rural,Low,574,17627.67,18062.05,4492.28,10118280,15,141,4249,34,1915.6,Weekly,Credit Card,6,68.53,6,1028768,Dewasa (45-65)
cust_5579,63,Rural,High,210,5110.56,9388.58,1825.68,1073216,342,245,1069,18,751.99,Weekly,Debit Card,13,8.5,10,120883,Dewasa (45-65)
cust_5580,60,Rural,High,849,7006.02,32199.34,1834.68,5948111,340,275,4276,45,970.94,Monthly,Wallet Balance,4,71.06,9,616377,Dewasa (45-65)
cust_5581,54,Rural,Low,839,4628.78,5031.1,522.37,3883547,363,224,1595,14,600.45,Daily,Credit Card,8,66.89,5,397644,Dewasa (45-65)
cust_5582,47,Urban,Low,370,19723.68,91107.21,7107.97,7297760,180,27,3827,30,800.42,Monthly,UPI,13,64.13,5,745029,Dewasa (45-65)
cust_5583,67,Suburban,High,941,3061.71,4448.7,785.51,2881069,77,250,4321,15,2112.57,Daily,UPI,3,3.15,3,300192,Senior (>65)
cust_5584,32,Suburban,High,564,7336.57,11241.8,790.03,4137825,215,231,3103,50,1228.32,Daily,Credit Card,0,15.3,9,433374,Dewasa Muda (25-45)
cust_5585,50,Rural,Low,628,3988.9,6786.71,670.96,2505027,223,13,346,46,4422.89,Monthly,Credit Card,7,41.31,3,256583,Dewasa (45-65)
cust_5586,52,Urban,High,893,4476.84,18791.73,837.32,3997819,154,308,2222,45,4804.64,Daily,Credit Card,14,52.21,5,411323,Dewasa (45-65)
cust_5587,34,Urban,Middle,458,4949.29,14416.02,1505.8,2266773,45,98,828,36,3456.83,Daily,UPI,18,53.17,1,231204,Dewasa Muda (25-45)
cust_5588,59,Rural,Middle,895,12797.02,20229.35,2233.72,11453330,352,192,1629,6,4043.81,Monthly,Credit Card,9,4.28,10,1157169,Dewasa (45-65)
cust_5589,44,Rural,Middle,577,1530.23,5734.08,374.19,882940,21,186,3201,34,1275.6,Weekly,Debit Card,16,49.9,7,104458,Dewasa Muda (25-45)
cust_5590,22,Rural,High,642,11454.87,54556.73,4585.0,7354027,81,19,1686,28,3325.12,Daily,UPI,1,36.24,8,747912,Remaja (<25)
cust_5591,43,Suburban,Low,689,16387.53,53911.8,6933.37,11291009,53,339,4347,1,289.99,Monthly,Credit Card,4,23.27,8,1145749,Dewasa Muda (25-45)
cust_5592,24,Rural,Low,790,15332.81,21386.2,6411.65,12112920,157,259,1475,47,4801.08,Weekly,UPI,14,49.95,10,1226541,Remaja (<25)
cust_5593,43,Suburban,Low,992,3031.92,3695.92,1146.17,3007666,147,67,1444,33,3351.03,Weekly,UPI,9,18.8,1,306279,Dewasa Muda (25-45)
cust_5594,21,Urban,High,925,18295.49,76538.98,5794.64,16923325,182,26,2698,34,1584.26,Weekly,UPI,17,46.8,10,1710336,Remaja (<25)
cust_5595,44,Urban,High,163,15404.11,53981.14,4933.2,2510869,78,6,3428,30,3865.21,Weekly,Debit Card,12,44.46,10,269010,Dewasa Muda (25-45)
cust_5596,32,Suburban,Middle,977,116.0,544.1,55.84,113329,119,141,3906,11,79.0,Weekly,Debit Card,20,42.97,10,30205,Dewasa Muda (25-45)
cust_5597,31,Suburban,High,332,14750.1,47038.07,6654.47,4897032,359,238,623,0,1881.18,Daily,Wallet Balance,13,38.83,1,491008,Dewasa Muda (25-45)
cust_5598,38,Suburban,Middle,664,14751.06,18432.65,5309.11,9794703,343,230,157,46,4478.29,Weekly,Debit Card,2,20.35,7,989145,Dewasa Muda (25-45)
cust_5599,46,Suburban,Middle,350,9941.35,25994.13,2857.12,3479473,105,27,568,28,1316.0,Daily,UPI,5,15.27,1,352225,Dewasa (45-65)
cust_5600,18,Rural,Low,748,929.19,3374.78,363.9,695032,2,105,4054,0,3339.57,Monthly,Credit Card,19,28.2,5,80941,Remaja (<25)
cust_5601,36,Urban,High,670,11602.32,29464.57,1451.29,7773554,115,344,3616,0,1800.52,Monthly,Wallet Balance,20,69.93,4,787687,Dewasa Muda (25-45)
cust_5602,41,Rural,Low,468,15317.28,76561.35,7319.26,7168485,32,10,3904,14,1961.82,Monthly,UPI,11,56.91,3,728075,Dewasa Muda (25-45)
cust_5603,51,Suburban,Low,426,5424.77,14221.12,1730.67,2310953,358,272,4104,2,3729.69,Weekly,Credit Card,4,28.29,1,238638,Dewasa (45-65)
cust_5604,57,Rural,High,327,13344.69,42502.11,4018.3,4363714,62,279,4604,13,4551.03,Monthly,Wallet Balance,19,49.54,8,452603,Dewasa (45-65)
cust_5605,52,Rural,High,106,7084.98,13472.58,1532.72,751008,97,303,4639,9,833.59,Daily,Wallet Balance,8,20.94,3,87862,Dewasa (45-65)
cust_5606,68,Urban,Middle,818,11481.36,18468.37,1163.7,9391750,135,12,2636,2,1384.46,Daily,Credit Card,6,16.24,10,953954,Senior (>65)
cust_5607,37,Rural,Middle,255,7697.47,27566.35,958.31,1962854,98,156,2039,19,2438.93,Weekly,Wallet Balance,18,42.43,4,205044,Dewasa Muda (25-45)
cust_5608,57,Urban,Middle,358,6082.19,20402.41,1248.09,2177424,215,77,2860,49,3069.08,Weekly,Debit Card,4,19.19,4,230827,Dewasa (45-65)
cust_5609,27,Suburban,Middle,967,17119.73,17416.85,5420.42,16554779,84,18,4190,35,2338.94,Monthly,Credit Card,3,39.8,1,1667188,Dewasa Muda (25-45)
cust_5610,57,Rural,Low,444,15079.23,32256.37,2012.05,6695176,157,58,1300,26,4027.64,Weekly,Credit Card,20,6.7,1,673703,Dewasa (45-65)
cust_5611,28,Suburban,Low,113,6915.53,24718.3,3380.45,781454,107,130,2969,48,3840.47,Weekly,Debit Card,17,60.28,4,90963,Dewasa Muda (25-45)
cust_5612,26,Urban,High,30,8698.29,36959.0,2299.69,260948,357,174,3032,35,2026.21,Monthly,Credit Card,4,28.12,6,40645,Dewasa Muda (25-45)
cust_5613,69,Suburban,Middle,524,13837.15,31126.32,3134.49,7250667,131,87,4212,46,203.06,Weekly,Debit Card,6,2.1,6,743989,Senior (>65)
cust_5614,31,Suburban,Middle,689,16223.46,58238.11,5030.55,11177967,22,320,1479,10,972.48,Daily,Wallet Balance,12,69.04,4,1125268,Dewasa Muda (25-45)
cust_5615,23,Urban,Middle,991,13689.98,28215.49,1724.86,13566772,84,343,4455,2,2434.76,Weekly,UPI,15,39.72,6,1370569,Remaja (<25)
cust_5616,55,Suburban,Low,850,10823.22,40711.76,4764.17,9199738,89,54,3954,23,4637.57,Monthly,Credit Card,10,66.03,2,929863,Dewasa (45-65)
cust_5617,55,Suburban,High,46,19088.17,72378.38,5423.16,878055,226,78,2372,38,2837.85,Daily,Debit Card,2,14.34,4,98930,Dewasa (45-65)
cust_5618,60,Suburban,Low,171,15485.13,23551.24,2653.13,2647957,106,204,1943,9,2651.97,Monthly,UPI,3,22.32,4,272255,Dewasa (45-65)
cust_5619,17,Rural,High,130,2320.68,8494.53,382.2,301688,349,270,73,25,3619.85,Monthly,UPI,16,28.21,10,41004,Remaja (<25)
cust_5620,45,Suburban,High,757,11167.2,26067.25,2729.06,8453570,359,172,3903,50,761.47,Weekly,Debit Card,8,14.87,5,862782,Dewasa Muda (25-45)
cust_5621,45,Urban,Low,353,8197.04,13856.11,2699.65,2893554,101,38,1442,31,734.59,Monthly,Credit Card,18,33.23,1,295972,Dewasa Muda (25-45)
cust_5622,27,Rural,Low,203,15900.76,47725.27,4241.72,3227854,296,186,3989,7,1726.98,Daily,Credit Card,12,20.98,3,333600,Dewasa Muda (25-45)
cust_5623,25,Rural,High,226,902.81,2536.17,305.8,204035,148,361,4902,46,4974.26,Daily,Credit Card,11,9.91,3,35320,Remaja (<25)
cust_5624,59,Urban,Low,80,8220.36,33666.5,3141.75,657629,230,236,3894,12,4379.71,Daily,Wallet Balance,16,6.79,4,76561,Dewasa (45-65)
cust_5625,26,Suburban,Low,310,6372.34,8526.59,2545.09,1975426,87,16,3813,2,3400.57,Daily,Credit Card,12,19.32,3,206668,Dewasa Muda (25-45)
cust_5626,30,Rural,High,35,2832.31,11779.61,737.48,99130,11,226,1286,14,1955.77,Weekly,Debit Card,20,70.67,6,18907,Dewasa Muda (25-45)
cust_5627,31,Rural,High,564,7582.29,10799.69,2932.84,4276413,136,338,550,20,2773.37,Monthly,UPI,10,19.2,2,431354,Dewasa Muda (25-45)
cust_5628,32,Rural,Middle,161,13459.28,24628.27,2107.75,2166943,93,74,2451,41,1517.77,Weekly,Credit Card,9,61.74,5,229937,Dewasa Muda (25-45)
cust_5629,41,Suburban,Low,981,7239.94,22179.77,2209.91,7102382,292,211,2151,28,3371.54,Daily,Wallet Balance,20,33.6,6,721654,Dewasa Muda (25-45)
cust_5630,17,Rural,High,596,11604.33,33103.66,1497.03,6916181,153,286,3511,46,2094.23,Weekly,Debit Card,4,18.92,9,711193,Remaja (<25)
cust_5631,65,Urban,Low,840,11860.31,58773.0,2344.1,9962658,354,324,1887,26,601.08,Monthly,Debit Card,16,59.42,10,1012339,Dewasa (45-65)
cust_5632,27,Suburban,Low,435,11746.35,39443.01,3914.76,5109662,96,327,2190,29,1075.44,Monthly,Wallet Balance,20,54.6,1,518708,Dewasa Muda (25-45)
cust_5633,66,Urban,High,538,10595.34,24472.51,4197.54,5700294,62,336,2761,13,3043.46,Weekly,Credit Card,0,44.84,3,578329,Senior (>65)
cust_5634,41,Urban,Middle,225,2348.59,10804.93,324.4,528433,361,115,4302,40,3472.82,Monthly,Credit Card,15,21.34,7,70710,Dewasa Muda (25-45)
cust_5635,38,Rural,High,446,4376.93,9843.11,800.23,1952112,87,247,2593,14,480.11,Daily,UPI,7,55.12,8,209557,Dewasa Muda (25-45)
cust_5636,33,Rural,High,317,16003.34,33528.64,7949.81,5073059,211,37,823,45,4041.7,Weekly,Debit Card,19,2.38,5,516431,Dewasa Muda (25-45)
cust_5637,47,Rural,Low,666,10052.29,29930.55,2362.92,6694822,83,55,1106,46,4121.74,Monthly,Debit Card,16,20.87,9,683233,Dewasa (45-65)
cust_5638,64,Urban,Middle,805,14124.47,65716.89,3017.22,11370194,227,167,2219,45,3615.41,Daily,UPI,7,62.19,10,1154149,Dewasa (45-65)
cust_5639,53,Suburban,High,414,11402.48,43717.77,1529.11,4720627,12,177,3769,41,3417.94,Weekly,Credit Card,13,17.61,8,489991,Dewasa (45-65)
cust_5640,62,Rural,Low,95,783.42,2906.43,296.08,74424,359,353,361,43,1159.34,Monthly,Credit Card,16,45.7,1,12884,Dewasa (45-65)
cust_5641,18,Rural,High,225,15926.31,62181.25,4830.47,3583420,153,191,4137,13,4598.11,Monthly,Credit Card,8,35.03,1,366616,Remaja (<25)
cust_5642,53,Urban,Low,779,1295.84,4715.0,211.25,1009459,5,99,1763,24,1342.87,Daily,Credit Card,5,31.46,8,114200,Dewasa (45-65)
cust_5643,18,Suburban,High,949,18864.05,76195.39,6662.01,17901982,76,112,4595,26,912.52,Monthly,UPI,20,49.72,9,1810532,Remaja (<25)
cust_5644,45,Urban,Middle,553,4315.38,7642.75,1339.08,2386407,4,118,4227,46,3192.67,Weekly,Wallet Balance,1,3.71,9,259098,Dewasa Muda (25-45)
cust_5645,16,Rural,High,645,10253.0,17522.71,3342.25,6613184,83,162,2957,43,1820.52,Daily,Wallet Balance,18,36.35,6,676622,Remaja (<25)
cust_5646,45,Urban,Low,66,1281.12,3137.03,637.93,84554,362,57,2472,1,4665.14,Weekly,Debit Card,12,32.24,7,18166,Dewasa Muda (25-45)
cust_5647,60,Rural,High,397,17899.7,78827.39,1994.83,7106180,35,353,1076,50,2301.25,Daily,Credit Card,9,54.31,5,721619,Dewasa (45-65)
cust_5648,47,Suburban,Middle,959,19599.01,75609.37,9132.92,18795446,242,62,1420,16,818.59,Monthly,UPI,9,31.27,10,1893575,Dewasa (45-65)
cust_5649,43,Urban,Middle,210,2934.39,9583.4,1281.61,616221,144,39,463,14,4787.64,Daily,Wallet Balance,14,65.24,4,65554,Dewasa Muda (25-45)
cust_5650,36,Rural,Middle,474,5922.77,6383.5,1576.27,2807394,80,330,1378,26,2577.17,Daily,Wallet Balance,4,71.48,8,292806,Dewasa Muda (25-45)
cust_5651,61,Rural,Middle,665,327.33,636.07,148.08,217674,75,323,2240,9,2592.79,Weekly,UPI,19,63.18,3,28851,Dewasa (45-65)
cust_5652,28,Rural,Low,684,15741.44,66335.31,5657.86,10767145,299,29,4089,42,1929.01,Monthly,Debit Card,6,57.53,7,1095128,Dewasa Muda (25-45)
cust_5653,42,Rural,High,910,6236.17,12284.93,2842.08,5674916,284,227,2434,45,4179.97,Weekly,UPI,12,51.91,6,580769,Dewasa Muda (25-45)
cust_5654,51,Urban,Middle,837,11780.86,46194.65,3980.66,9860580,215,31,4752,8,1438.22,Weekly,Debit Card,19,40.82,10,1005642,Dewasa (45-65)
cust_5655,22,Rural,High,571,793.98,1380.36,148.04,453361,246,316,1795,2,68.55,Monthly,Credit Card,20,56.87,8,57091,Remaja (<25)
cust_5656,37,Urban,Low,696,14312.05,49025.5,4729.97,9961187,238,39,3896,23,2486.39,Daily,Debit Card,10,43.8,6,1010967,Dewasa Muda (25-45)
cust_5657,25,Rural,High,490,10592.79,37210.82,1817.99,5190464,337,1,794,0,4629.43,Weekly,Credit Card,20,69.3,2,520319,Remaja (<25)
cust_5658,54,Urban,High,180,14502.36,58123.48,2267.17,2610423,19,56,3067,37,1366.33,Daily,Credit Card,1,64.15,5,275193,Dewasa (45-65)
cust_5659,68,Urban,Middle,834,15793.39,43485.04,5711.28,13171687,74,357,3287,5,1331.53,Monthly,Credit Card,20,41.93,4,1327577,Senior (>65)
cust_5660,30,Rural,Middle,836,1793.96,6333.95,859.29,1499754,55,186,1299,4,3690.5,Daily,UPI,14,31.17,3,154128,Dewasa Muda (25-45)
cust_5661,30,Rural,Low,524,11566.06,34095.35,3879.24,6060616,83,91,4203,3,3877.67,Monthly,Wallet Balance,14,14.98,6,618828,Dewasa Muda (25-45)
cust_5662,19,Rural,High,459,13002.38,62272.98,5439.09,5968092,164,199,4351,2,2177.78,Monthly,UPI,18,18.38,5,609622,Remaja (<25)
cust_5663,47,Rural,Low,68,10339.21,31922.54,1730.22,703066,318,171,2437,44,4168.22,Daily,UPI,4,16.53,3,80496,Dewasa (45-65)
cust_5664,38,Suburban,Low,939,3656.36,6721.83,1322.45,3433325,363,225,724,29,859.67,Monthly,Wallet Balance,16,64.3,6,353250,Dewasa Muda (25-45)
cust_5665,21,Rural,Low,329,15913.99,58429.33,6257.24,5235702,167,182,1232,35,1835.13,Weekly,Wallet Balance,7,66.09,4,532616,Remaja (<25)
cust_5666,39,Rural,Middle,202,19949.19,63715.11,2326.99,4029736,116,130,3082,22,2021.39,Weekly,Wallet Balance,15,23.73,7,417326,Dewasa Muda (25-45)
cust_5667,35,Rural,Middle,475,19385.71,81716.94,2692.01,9208213,297,142,3217,6,1563.98,Daily,Wallet Balance,14,50.84,1,928073,Dewasa Muda (25-45)
cust_5668,52,Urban,High,518,15552.82,26558.71,6417.6,8056358,188,362,3106,50,1088.69,Weekly,Credit Card,17,9.85,3,819303,Dewasa (45-65)
cust_5669,35,Rural,High,15,8367.97,17102.12,2309.39,125519,255,131,1590,31,1690.75,Monthly,Wallet Balance,17,40.86,5,22986,Dewasa Muda (25-45)
cust_5670,27,Urban,High,42,6752.64,31646.34,1770.76,283610,342,142,539,42,90.02,Weekly,UPI,14,22.26,2,35594,Dewasa Muda (25-45)
cust_5671,48,Urban,Middle,543,1380.23,6514.83,646.15,749465,322,5,108,9,3516.75,Weekly,Credit Card,9,68.49,9,83304,Dewasa (45-65)
cust_5672,43,Urban,Middle,982,8331.56,23070.32,4139.01,8181595,353,337,2071,50,3419.8,Daily,UPI,4,10.66,10,835591,Dewasa Muda (25-45)
cust_5673,23,Urban,Low,693,3129.41,3727.14,1269.77,2168682,19,167,1696,50,2251.09,Monthly,Credit Card,15,10.59,1,225134,Remaja (<25)
cust_5674,16,Suburban,Middle,774,5094.15,11340.7,2124.45,3942872,311,120,4594,36,1614.58,Weekly,Credit Card,20,55.76,4,410267,Remaja (<25)
cust_5675,52,Rural,Low,289,17838.82,35472.32,3270.36,5155417,302,43,3037,32,2170.47,Monthly,Debit Card,11,23.15,4,527730,Dewasa (45-65)
cust_5676,37,Urban,Low,925,19370.83,51501.36,3426.51,17918015,4,92,2419,25,4682.6,Daily,Credit Card,16,19.12,2,1798798,Dewasa Muda (25-45)
cust_5677,21,Rural,Middle,533,18971.69,43088.56,9339.26,10111913,190,230,1188,42,3017.82,Weekly,Debit Card,11,15.88,10,1026258,Remaja (<25)
cust_5678,36,Urban,Low,892,3875.18,16725.16,1464.96,3456660,281,240,49,44,3656.79,Monthly,Debit Card,0,18.96,1,349335,Dewasa Muda (25-45)
cust_5679,47,Suburban,Low,694,18018.88,18237.7,6751.38,12505099,63,187,3694,30,1147.58,Weekly,Credit Card,10,71.23,1,1261324,Dewasa (45-65)
cust_5680,50,Urban,High,696,2838.69,10158.33,608.83,1975728,269,78,3596,29,473.79,Daily,Wallet Balance,7,33.22,10,217427,Dewasa (45-65)
cust_5681,30,Rural,Low,244,10158.13,37149.09,4617.8,2478583,254,271,70,22,415.92,Daily,Wallet Balance,4,18.77,10,259990,Dewasa Muda (25-45)
cust_5682,20,Rural,Middle,862,12876.83,46903.94,1516.58,11099828,115,46,1954,28,2360.09,Monthly,UPI,7,5.49,5,1120510,Remaja (<25)
cust_5683,61,Suburban,Middle,661,9254.71,28526.53,1941.97,6117365,342,7,491,7,3583.43,Weekly,UPI,10,9.6,10,621626,Dewasa (45-65)
cust_5684,65,Rural,Low,768,19037.23,65572.15,3275.48,14620592,260,170,473,15,3870.6,Weekly,Debit Card,10,47.63,1,1463569,Dewasa (45-65)
cust_5685,63,Rural,High,612,6670.92,28297.9,2564.56,4082604,2,115,4081,8,3602.05,Monthly,Credit Card,13,19.49,4,419421,Dewasa (45-65)
cust_5686,21,Urban,Middle,567,10552.28,43652.53,4074.66,5983142,67,263,4119,3,4563.81,Daily,Credit Card,13,40.47,4,608570,Remaja (<25)
cust_5687,40,Rural,Middle,698,1518.24,1728.52,476.57,1059734,286,344,468,18,260.01,Daily,Credit Card,18,40.24,4,112579,Dewasa Muda (25-45)
cust_5688,61,Urban,High,832,17045.97,19121.25,1740.46,14182246,132,346,1460,38,4276.7,Weekly,Debit Card,10,26.7,5,1427806,Dewasa (45-65)
cust_5689,55,Suburban,Low,598,8273.13,36035.95,3718.79,4947334,48,239,4309,43,3303.38,Monthly,Credit Card,20,51.65,2,507999,Dewasa (45-65)
cust_5690,44,Rural,Middle,174,14013.64,46229.85,6757.86,2438372,43,275,4242,40,877.6,Weekly,UPI,1,3.36,3,258882,Dewasa Muda (25-45)
cust_5691,22,Urban,Low,980,13648.09,65916.31,2469.28,13375128,93,309,1709,12,3411.9,Daily,Wallet Balance,7,30.61,7,1347424,Remaja (<25)
cust_5692,55,Rural,Low,534,13528.5,36883.63,5910.51,7224216,141,346,3500,11,2558.8,Daily,Debit Card,10,31.82,10,739242,Dewasa (45-65)
cust_5693,28,Urban,Low,509,10143.7,17314.96,4963.46,5163141,47,16,1439,8,1795.21,Daily,Wallet Balance,0,9.84,9,528094,Dewasa Muda (25-45)
cust_5694,53,Suburban,Low,244,5557.6,16077.8,1282.64,1356054,231,62,1028,11,1239.79,Weekly,Debit Card,4,2.09,5,143141,Dewasa (45-65)
cust_5695,33,Urban,Middle,60,12505.64,34342.7,2176.27,750338,224,194,843,23,2320.77,Monthly,Wallet Balance,20,38.93,5,82859,Dewasa Muda (25-45)
cust_5696,17,Rural,High,104,19236.21,59030.35,9445.29,2000566,284,321,871,47,1195.66,Weekly,Debit Card,14,21.92,9,214900,Remaja (<25)
cust_5697,23,Urban,Middle,651,16680.65,70588.97,2066.69,10859100,37,292,2897,12,414.24,Monthly,Wallet Balance,18,67.18,8,1100696,Remaja (<25)
cust_5698,26,Rural,High,303,2184.28,7912.18,459.54,661835,28,163,722,34,4230.6,Weekly,UPI,15,51.1,8,76912,Dewasa Muda (25-45)
cust_5699,48,Suburban,Low,671,473.52,824.44,187.9,317729,158,235,2830,31,2964.18,Monthly,UPI,3,7.26,5,44050,Dewasa (45-65)
cust_5700,69,Urban,High,744,9984.44,39317.81,3464.01,7428421,222,280,3400,37,1818.35,Monthly,Debit Card,11,47.54,4,756432,Senior (>65)
cust_5701,53,Rural,Low,77,15518.83,52260.97,5801.0,1194949,9,241,3311,13,2233.4,Daily,UPI,4,63.14,3,129300,Dewasa (45-65)
cust_5702,63,Rural,Middle,18,6284.91,20823.44,2408.61,113128,70,325,2874,1,4324.14,Daily,Wallet Balance,18,68.94,10,24998,Dewasa (45-65)
cust_5703,42,Rural,Middle,534,14027.75,52085.43,5252.8,7490820,342,233,2003,20,1599.22,Weekly,UPI,10,23.2,10,764288,Dewasa Muda (25-45)
cust_5704,35,Urban,High,184,18639.11,60686.35,4415.54,3429595,66,129,2051,30,1900.87,Monthly,UPI,6,32.1,4,353111,Dewasa Muda (25-45)
cust_5705,27,Urban,Low,657,9185.1,25994.34,2062.97,6034610,95,123,1737,34,3830.4,Daily,Wallet Balance,5,46.81,3,611419,Dewasa Muda (25-45)
cust_5706,58,Urban,Low,550,4890.75,17418.51,1327.28,2689913,181,137,4135,15,1002.61,Weekly,Wallet Balance,12,65.57,6,284260,Dewasa (45-65)
cust_5707,46,Suburban,High,281,18355.98,71494.86,7765.93,5158030,70,356,2624,39,3296.31,Daily,Credit Card,14,49.0,3,526302,Dewasa (45-65)
cust_5708,42,Rural,Low,288,9450.56,17985.05,4491.93,2721760,234,15,1286,25,2171.62,Monthly,Credit Card,2,28.28,3,279162,Dewasa Muda (25-45)
cust_5709,47,Rural,Low,655,8162.71,24391.8,2302.69,5346573,261,330,576,37,2500.79,Daily,Debit Card,2,7.4,1,539258,Dewasa (45-65)
cust_5710,25,Suburban,Low,525,7073.7,20037.59,950.04,3713691,20,229,787,2,3934.4,Weekly,Debit Card,3,11.24,9,380175,Remaja (<25)
cust_5711,18,Suburban,Middle,698,8466.11,9817.41,4024.11,5909343,358,144,1567,36,4965.66,Weekly,Credit Card,9,39.9,5,600185,Remaja (<25)
cust_5712,60,Urban,Middle,474,13476.42,58457.41,1781.2,6387823,358,230,1888,35,4157.56,Weekly,Wallet Balance,18,17.92,10,653979,Dewasa (45-65)
cust_5713,42,Urban,Middle,946,8680.06,21782.84,1420.44,8211332,186,176,163,37,802.72,Weekly,Debit Card,5,32.92,1,825757,Dewasa Muda (25-45)
cust_5714,50,Urban,Low,267,6491.24,8378.61,2902.04,1733159,305,292,401,1,1122.76,Daily,Wallet Balance,0,29.92,4,177656,Dewasa (45-65)
cust_5715,46,Urban,Middle,781,14875.32,42120.89,4768.9,11617622,64,246,2532,21,2049.65,Weekly,Credit Card,0,41.51,3,1170901,Dewasa (45-65)
cust_5716,30,Urban,Low,609,4067.4,6694.63,980.55,2477045,178,53,352,2,3596.13,Weekly,Credit Card,6,24.68,7,253810,Dewasa Muda (25-45)
cust_5717,31,Urban,Low,946,4046.66,15448.74,1911.49,3828135,235,335,672,39,2546.86,Daily,Debit Card,15,33.7,6,392784,Dewasa Muda (25-45)
cust_5718,28,Suburban,High,357,13931.75,45794.85,6745.79,4973633,353,147,2884,46,4509.0,Daily,Credit Card,3,42.32,8,513476,Dewasa Muda (25-45)
cust_5719,64,Suburban,Low,806,17335.46,36065.66,4027.12,13972383,250,41,3153,41,243.38,Monthly,Debit Card,15,43.18,8,1415522,Dewasa (45-65)
cust_5720,50,Suburban,Middle,1,4831.8,23201.82,2161.6,4831,295,293,264,46,1292.58,Weekly,UPI,6,34.22,8,12964,Dewasa (45-65)
cust_5721,67,Rural,Middle,807,3830.59,8300.81,1422.72,3091284,40,240,1065,25,1096.36,Daily,Wallet Balance,17,51.7,5,318210,Senior (>65)
cust_5722,26,Rural,Low,27,13409.41,43178.15,2813.25,362054,287,195,3454,26,3720.85,Weekly,Wallet Balance,14,28.71,3,46852,Dewasa Muda (25-45)
cust_5723,36,Urban,Middle,548,12419.84,52241.23,5918.96,6806073,259,136,206,37,2323.86,Daily,Wallet Balance,8,56.95,4,687557,Dewasa Muda (25-45)
cust_5724,66,Suburban,Low,160,8950.57,27349.1,1120.86,1432091,240,88,4205,43,75.07,Daily,UPI,10,70.91,7,162881,Senior (>65)
cust_5725,69,Rural,High,937,1926.25,9329.66,437.6,1804900,72,270,3501,7,3867.18,Weekly,Credit Card,6,54.91,8,194258,Senior (>65)
cust_5726,26,Rural,Low,399,1844.79,8071.73,476.89,736071,30,254,407,22,1809.02,Monthly,Credit Card,20,56.37,9,84716,Dewasa Muda (25-45)
cust_5727,45,Suburban,Low,543,15549.06,72832.99,5850.51,8443140,351,189,4935,5,1302.3,Weekly,UPI,6,62.93,5,859032,Dewasa Muda (25-45)
cust_5728,63,Rural,High,127,9040.86,22519.08,1043.07,1148189,29,291,1659,24,913.59,Monthly,UPI,2,8.35,10,130080,Dewasa (45-65)
cust_5729,68,Rural,Middle,774,17160.76,54801.55,7823.78,13282429,312,71,2756,15,4730.06,Monthly,Credit Card,6,40.84,4,1336889,Senior (>65)
cust_5730,50,Suburban,High,857,11498.93,50142.96,4181.48,9854579,87,233,278,25,4710.19,Weekly,UPI,2,48.7,7,993158,Dewasa (45-65)
cust_5731,37,Rural,High,948,12378.58,57114.75,2599.61,11734889,108,8,1889,14,382.76,Monthly,Credit Card,11,65.98,10,1188475,Dewasa Muda (25-45)
cust_5732,53,Suburban,Low,210,18684.55,89264.57,6788.78,3923754,319,268,50,46,1163.84,Weekly,UPI,2,60.17,4,400493,Dewasa (45-65)
cust_5733,46,Rural,Low,150,3300.67,14907.84,1038.95,495100,30,336,4526,31,3230.6,Daily,UPI,6,28.63,3,63046,Dewasa (45-65)
cust_5734,29,Suburban,High,31,10865.05,42623.82,2547.97,336816,309,115,3864,39,3352.12,Monthly,Credit Card,5,23.15,4,47633,Dewasa Muda (25-45)
cust_5735,39,Rural,Middle,612,1172.19,1285.73,130.63,717380,46,324,2598,18,2088.36,Weekly,Credit Card,14,22.03,8,85689,Dewasa Muda (25-45)
cust_5736,65,Rural,High,841,7184.91,16236.56,2302.34,6042510,359,301,323,13,2842.55,Monthly,Credit Card,9,18.76,8,612775,Dewasa (45-65)
cust_5737,64,Suburban,Middle,302,2970.49,4502.5,394.7,897087,137,297,4013,47,3513.15,Weekly,Credit Card,4,22.96,6,106678,Dewasa (45-65)
cust_5738,47,Rural,High,963,3764.84,6095.41,1596.56,3625541,263,237,4060,43,4752.55,Weekly,Debit Card,8,53.12,8,380597,Dewasa (45-65)
cust_5739,51,Suburban,High,865,18696.55,40452.39,2531.7,16172512,63,317,2422,34,3625.55,Monthly,Debit Card,16,9.2,4,1627682,Dewasa (45-65)
cust_5740,47,Suburban,Middle,731,12217.54,15870.12,3317.01,8931024,44,76,4969,25,551.35,Daily,Credit Card,20,53.16,3,908264,Dewasa (45-65)
cust_5741,30,Rural,High,765,17844.24,35191.11,4886.12,13650844,251,99,1804,36,3589.23,Daily,Wallet Balance,18,14.8,7,1377497,Dewasa Muda (25-45)
cust_5742,58,Urban,Low,683,8875.97,42852.42,2862.33,6062286,335,323,4643,12,338.63,Monthly,Wallet Balance,16,45.31,6,622545,Dewasa (45-65)
cust_5743,50,Rural,High,257,11956.89,26876.39,1384.65,3072920,207,2,1444,46,2512.54,Weekly,Debit Card,8,43.32,6,319523,Dewasa (45-65)
cust_5744,18,Urban,Low,940,651.57,1067.83,118.28,612475,59,122,4471,7,2634.48,Daily,UPI,20,43.08,2,71572,Remaja (<25)
cust_5745,31,Urban,Middle,57,9395.35,36390.07,1689.29,535534,206,185,2156,13,3891.32,Weekly,Credit Card,16,23.06,2,59219,Dewasa Muda (25-45)
cust_5746,20,Rural,Middle,9,11285.49,48685.85,3832.42,101569,331,16,1778,25,57.79,Monthly,Debit Card,0,11.65,10,26184,Remaja (<25)
cust_5747,36,Urban,Low,5,345.39,779.24,70.96,1726,84,279,2538,46,4373.76,Weekly,Wallet Balance,7,57.23,5,12661,Dewasa Muda (25-45)
cust_5748,25,Suburban,High,847,15791.89,33383.88,2490.03,13375729,13,351,3294,29,3319.42,Daily,Credit Card,18,18.17,3,1348401,Remaja (<25)
cust_5749,34,Suburban,Low,114,5915.51,11636.03,634.98,674367,237,41,2596,50,155.95,Daily,UPI,8,6.65,3,80550,Dewasa Muda (25-45)
cust_5750,40,Urban,Low,777,9055.22,23299.48,3950.05,7035903,158,55,1728,39,800.15,Monthly,UPI,7,12.26,9,719546,Dewasa Muda (25-45)
cust_5751,19,Suburban,Middle,685,10717.25,14456.79,5236.65,7341315,104,208,3668,41,197.59,Monthly,Wallet Balance,5,9.1,9,754468,Remaja (<25)
cust_5752,44,Rural,Low,732,19844.02,72956.88,7566.62,14525823,359,132,2280,12,3829.7,Monthly,Wallet Balance,14,51.75,1,1457427,Dewasa Muda (25-45)
cust_5753,34,Suburban,High,205,1992.69,8546.46,528.23,408501,340,356,1574,35,854.53,Weekly,Credit Card,14,53.91,6,53070,Dewasa Muda (25-45)
cust_5754,58,Urban,Low,24,11110.04,40604.18,1653.22,266640,365,284,2601,10,228.0,Daily,Debit Card,5,24.99,2,34752,Dewasa (45-65)
cust_5755,17,Rural,Middle,493,10616.58,28503.37,3079.25,5233972,43,178,962,1,689.94,Monthly,Credit Card,20,55.3,5,530076,Remaja (<25)
cust_5756,25,Suburban,High,970,1387.5,2991.25,392.56,1345879,179,242,1329,29,2797.79,Daily,Credit Card,14,60.53,2,140747,Remaja (<25)
cust_5757,58,Rural,Middle,682,12682.43,33453.51,3398.26,8649415,358,242,3524,50,2477.43,Daily,UPI,17,34.88,6,881750,Dewasa (45-65)
cust_5758,40,Urban,Low,406,5744.22,15482.68,1443.65,2332153,264,284,4202,23,1231.29,Daily,Credit Card,5,59.71,9,252303,Dewasa Muda (25-45)
cust_5759,35,Suburban,Low,103,2084.32,7637.13,622.59,214685,243,123,1248,17,4714.68,Daily,Debit Card,17,36.78,7,30307,Dewasa Muda (25-45)
cust_5760,63,Rural,Middle,60,3581.05,16874.78,462.93,214863,37,282,1553,22,4274.04,Monthly,Credit Card,17,58.46,1,25655,Dewasa (45-65)
cust_5761,34,Rural,Middle,86,16473.83,21125.15,1899.73,1416749,362,167,59,5,1572.3,Monthly,Wallet Balance,18,32.32,6,147506,Dewasa Muda (25-45)
cust_5762,38,Suburban,High,767,2091.45,10067.03,262.65,1604145,353,13,3213,45,2372.86,Weekly,Credit Card,19,5.18,2,172154,Dewasa Muda (25-45)
cust_5763,39,Rural,Middle,677,9343.88,43363.12,1681.89,6325805,346,71,117,49,2584.12,Monthly,Wallet Balance,12,16.64,2,638422,Dewasa Muda (25-45)
cust_5764,26,Rural,Middle,372,3913.51,5756.5,826.64,1455825,364,54,285,10,3780.88,Daily,UPI,10,22.56,3,148262,Dewasa Muda (25-45)
cust_5765,61,Urban,Low,679,3254.77,5644.89,546.1,2209991,250,13,1692,6,2139.73,Weekly,UPI,14,32.28,8,231913,Dewasa (45-65)
cust_5766,49,Urban,Low,596,4122.18,9259.99,827.6,2456818,120,59,18,46,2732.35,Weekly,UPI,5,34.69,7,255951,Dewasa (45-65)
cust_5767,43,Urban,Middle,970,9860.73,31935.6,1719.07,9564908,192,260,1005,32,2062.83,Monthly,UPI,10,70.27,4,964669,Dewasa Muda (25-45)
cust_5768,20,Urban,Middle,202,4763.39,7325.64,763.56,962204,295,80,3693,9,3814.1,Monthly,Debit Card,3,34.75,3,105599,Remaja (<25)
cust_5769,20,Urban,Low,602,1943.69,3501.25,422.16,1170102,62,60,4211,20,2779.67,Daily,UPI,14,27.38,1,127042,Remaja (<25)
cust_5770,66,Urban,High,89,16030.0,73909.56,4151.85,1426670,210,47,3336,8,4138.9,Monthly,Credit Card,15,26.61,10,158069,Senior (>65)
cust_5771,36,Suburban,High,437,10801.03,15523.27,4295.64,4720050,295,333,120,29,268.68,Weekly,UPI,13,63.9,4,479010,Dewasa Muda (25-45)
cust_5772,27,Urban,High,120,3145.5,8164.2,1516.83,377460,52,202,2669,47,4521.53,Daily,Wallet Balance,4,28.33,8,53523,Dewasa Muda (25-45)
cust_5773,65,Rural,High,156,9433.88,38226.16,4411.15,1471685,210,261,2533,47,4096.95,Daily,Wallet Balance,14,56.74,1,155886,Dewasa (45-65)
cust_5774,19,Suburban,Low,973,1376.57,6269.34,399.72,1339399,313,36,4766,24,4092.52,Weekly,Debit Card,9,18.69,2,145825,Remaja (<25)
cust_5775,69,Rural,Middle,399,11612.79,27222.36,3304.28,4633504,279,19,4190,24,701.54,Weekly,Debit Card,5,31.45,10,483779,Senior (>65)
cust_5776,64,Urban,High,700,6812.69,11293.74,1023.81,4768885,202,256,3470,48,1317.36,Weekly,UPI,15,41.74,2,489969,Dewasa (45-65)
cust_5777,57,Urban,Low,188,2079.54,8210.1,1016.26,390952,139,286,2593,23,4901.31,Weekly,UPI,15,41.08,9,53130,Dewasa (45-65)
cust_5778,35,Rural,Middle,774,3681.04,15056.31,1487.28,2849125,340,41,4920,11,4751.38,Monthly,Wallet Balance,18,42.15,1,294476,Dewasa Muda (25-45)
cust_5779,53,Rural,High,52,6920.6,34050.26,3038.33,359871,19,284,4710,6,1132.72,Weekly,UPI,2,53.63,6,51440,Dewasa (45-65)
cust_5780,40,Rural,Middle,652,16130.09,25133.37,3123.84,10516815,321,287,4405,33,2164.51,Monthly,UPI,19,37.22,4,1066709,Dewasa Muda (25-45)
cust_5781,29,Suburban,High,531,3483.38,13368.1,907.19,1849672,95,228,4772,2,779.72,Weekly,Credit Card,17,14.01,9,203321,Dewasa Muda (25-45)
cust_5782,26,Urban,Middle,480,2202.19,5878.01,310.64,1057050,130,171,4263,5,1313.19,Weekly,Credit Card,18,42.26,6,120074,Dewasa Muda (25-45)
cust_5783,47,Rural,High,587,10323.62,48092.77,4917.4,6059965,105,245,2579,26,923.64,Weekly,Debit Card,1,22.16,9,622292,Dewasa (45-65)
cust_5784,26,Urban,High,230,11178.35,29413.86,2395.88,2571021,197,12,1132,18,404.69,Monthly,UPI,8,22.34,2,262963,Dewasa Muda (25-45)
cust_5785,33,Rural,Middle,481,1813.92,5049.68,613.84,872497,260,215,198,7,2897.39,Weekly,UPI,0,10.13,2,88897,Dewasa Muda (25-45)
cust_5786,42,Urban,Middle,130,5696.84,8586.21,916.55,740589,39,140,401,35,1203.93,Monthly,Wallet Balance,3,65.61,6,83759,Dewasa Muda (25-45)
cust_5787,69,Suburban,Middle,55,5262.65,12018.57,2216.2,289445,305,298,4279,38,4961.2,Daily,Credit Card,20,5.61,10,48821,Senior (>65)
cust_5788,33,Urban,Low,271,3732.57,9717.23,651.47,1011526,131,346,3801,35,2577.2,Daily,UPI,3,3.68,2,112966,Dewasa Muda (25-45)
cust_5789,38,Rural,Low,960,6319.61,6762.2,2677.96,6066821,154,185,16,17,1795.47,Weekly,Credit Card,5,52.47,4,611516,Dewasa Muda (25-45)
cust_5790,26,Urban,Middle,100,751.8,2067.67,196.0,75179,41,212,4649,6,4565.81,Weekly,Debit Card,5,51.04,4,19133,Dewasa Muda (25-45)
cust_5791,36,Suburban,Low,69,13034.48,30569.43,4315.75,899379,321,272,3014,0,3103.73,Weekly,Wallet Balance,18,25.89,5,99414,Dewasa Muda (25-45)
cust_5792,59,Suburban,High,911,19769.86,83337.05,4109.83,18010340,122,99,1044,4,635.39,Weekly,Debit Card,7,53.58,7,1810204,Dewasa (45-65)
cust_5793,20,Urban,Middle,299,12684.59,18119.32,5747.52,3792693,244,132,1174,41,2489.1,Daily,UPI,7,35.63,10,394472,Remaja (<25)
cust_5794,38,Rural,Low,970,7227.92,29206.89,2919.7,7011080,245,115,1839,13,2205.4,Monthly,UPI,19,52.71,1,705983,Dewasa Muda (25-45)
cust_5795,56,Suburban,Middle,529,13361.53,51522.66,3229.61,7068247,144,269,1338,0,3825.66,Weekly,UPI,12,39.75,5,712587,Dewasa (45-65)
cust_5796,40,Suburban,High,354,11434.6,22493.34,3820.82,4047849,186,60,639,11,3468.89,Daily,Credit Card,8,53.0,7,412428,Dewasa Muda (25-45)
cust_5797,56,Urban,High,628,16936.69,22578.08,2567.52,10636241,35,284,457,18,1853.96,Monthly,Credit Card,20,55.86,3,1068411,Dewasa (45-65)
cust_5798,69,Suburban,Low,152,12441.27,54335.19,2042.72,1891073,211,109,1005,1,2347.4,Weekly,Debit Card,18,21.13,10,200043,Senior (>65)
cust_5799,25,Suburban,High,330,12685.19,25341.45,3976.44,4186111,33,348,1075,13,2593.94,Daily,Credit Card,6,28.35,3,423764,Remaja (<25)
cust_5800,37,Rural,Middle,116,4441.07,7026.84,1582.08,515163,159,22,805,2,2112.3,Weekly,UPI,19,36.82,8,60270,Dewasa Muda (25-45)
cust_5801,34,Rural,Low,542,8318.39,20264.81,2686.61,4508566,317,341,4480,50,538.61,Weekly,Debit Card,7,14.53,4,468547,Dewasa Muda (25-45)
cust_5802,16,Rural,Middle,323,6894.88,17951.03,2232.31,2227045,364,27,4682,34,4527.23,Daily,Wallet Balance,10,69.89,2,235204,Remaja (<25)
cust_5803,22,Urban,Middle,563,238.39,549.33,94.62,134213,192,214,862,12,3362.8,Weekly,UPI,2,66.61,6,20663,Remaja (<25)
cust_5804,19,Suburban,Middle,572,6272.48,30772.32,2891.38,3587859,163,44,3883,48,2348.6,Weekly,Credit Card,16,56.17,5,375177,Remaja (<25)
cust_5805,16,Urban,High,229,9726.38,43995.17,2480.61,2227341,252,80,3159,2,2847.93,Daily,Credit Card,4,15.08,7,234828,Remaja (<25)
cust_5806,30,Suburban,Middle,771,12000.97,53907.2,3777.59,9252751,39,280,1454,13,1065.82,Weekly,UPI,5,33.17,2,930950,Dewasa Muda (25-45)
cust_5807,55,Suburban,High,360,18692.03,48507.14,8546.18,6729131,131,174,2628,33,2652.78,Monthly,UPI,14,66.84,5,685142,Dewasa (45-65)
cust_5808,27,Suburban,Middle,5,4789.88,23238.02,1368.52,23949,96,273,1193,44,3730.14,Weekly,Debit Card,8,44.47,5,12315,Dewasa Muda (25-45)
cust_5809,37,Rural,High,28,3057.06,11421.35,850.04,85597,141,261,4761,8,2668.37,Daily,Wallet Balance,18,28.37,3,20547,Dewasa Muda (25-45)
cust_5810,37,Urban,High,766,17390.22,75264.5,7070.96,13320908,270,38,2864,9,2403.33,Weekly,Credit Card,5,7.5,8,1345517,Dewasa Muda (25-45)
cust_5811,65,Urban,High,364,18837.53,56578.54,8494.23,6856861,169,59,2153,7,2311.93,Weekly,Credit Card,7,8.11,7,696536,Dewasa (45-65)
cust_5812,62,Suburban,Middle,462,9764.21,16037.41,3857.53,4511062,275,182,326,28,3808.11,Weekly,Debit Card,11,49.16,9,461654,Dewasa (45-65)
cust_5813,32,Urban,Middle,231,2313.18,10519.28,323.96,534344,365,105,1893,38,3766.7,Monthly,Debit Card,15,23.12,10,69137,Dewasa Muda (25-45)
cust_5814,44,Rural,High,395,9712.91,28611.39,2777.0,3836600,99,96,4360,32,3750.35,Weekly,Wallet Balance,19,36.27,6,399704,Dewasa Muda (25-45)
cust_5815,61,Urban,Middle,968,2197.77,10712.42,406.12,2127443,61,90,321,22,1230.85,Daily,Wallet Balance,2,54.36,5,219970,Dewasa (45-65)
cust_5816,29,Suburban,High,869,17664.88,35673.24,4008.85,15350780,323,71,2363,7,3089.47,Daily,Wallet Balance,15,13.98,5,1543959,Dewasa Muda (25-45)
cust_5817,65,Rural,Middle,712,14165.92,70397.77,4072.73,10086135,217,100,4203,39,3894.54,Daily,Credit Card,14,6.51,6,1024972,Dewasa (45-65)
cust_5818,35,Rural,High,844,4830.33,9127.87,911.06,4076797,77,311,1828,37,2809.47,Daily,Debit Card,10,27.74,1,414631,Dewasa Muda (25-45)
cust_5819,65,Suburban,High,271,17734.95,43852.62,5433.52,4806170,208,327,3580,22,3894.89,Weekly,Credit Card,5,12.53,7,495029,Dewasa (45-65)
cust_5820,63,Urban,Low,851,12761.66,43084.19,4559.87,10860168,348,171,2588,49,4272.02,Monthly,Credit Card,1,37.24,2,1095956,Dewasa (45-65)
cust_5821,48,Suburban,Middle,304,19065.73,71940.59,8578.81,5795983,45,347,3041,35,869.45,Daily,Debit Card,6,40.25,3,591745,Dewasa (45-65)
cust_5822,58,Urban,Middle,383,19609.79,76108.13,3619.66,7510550,347,166,1550,42,1531.7,Weekly,Wallet Balance,15,8.85,5,762589,Dewasa (45-65)
cust_5823,30,Urban,Low,558,75.6,219.63,16.95,42186,202,240,237,19,3006.55,Monthly,Debit Card,0,57.29,8,13089,Dewasa Muda (25-45)
cust_5824,27,Rural,High,28,2413.08,3154.64,633.0,67566,210,216,1032,47,1448.39,Monthly,Debit Card,12,2.66,9,21796,Dewasa Muda (25-45)
cust_5825,55,Suburban,High,519,10942.98,32655.95,2077.18,5679405,328,344,2383,11,4706.93,Daily,Credit Card,3,25.43,9,580453,Dewasa (45-65)
cust_5826,69,Rural,Low,744,19117.5,44711.09,4450.86,14223419,135,61,3393,35,970.67,Weekly,Debit Card,0,4.32,1,1433142,Senior (>65)
cust_5827,35,Suburban,Low,199,19884.73,72193.95,9014.55,3957061,22,186,2048,8,1784.74,Weekly,Credit Card,4,51.2,2,401709,Dewasa Muda (25-45)
cust_5828,45,Suburban,High,606,11352.48,19629.61,1764.88,6879605,358,364,120,32,4971.53,Weekly,Wallet Balance,15,63.37,5,693914,Dewasa Muda (25-45)
cust_5829,53,Rural,Middle,82,3484.29,8974.31,966.89,285711,60,182,3080,5,945.91,Weekly,Wallet Balance,18,25.72,3,37758,Dewasa (45-65)
cust_5830,18,Suburban,Low,88,3269.37,15903.77,733.6,287704,298,219,4408,31,2244.09,Daily,UPI,11,24.3,6,45564,Remaja (<25)
cust_5831,43,Suburban,Low,390,15279.52,20710.92,1999.57,5959011,59,34,183,0,1568.91,Monthly,Debit Card,8,50.3,3,598482,Dewasa Muda (25-45)
cust_5832,41,Urban,Low,698,11842.83,40376.21,1639.64,8266298,231,45,3731,23,4049.0,Monthly,Wallet Balance,5,62.88,3,837367,Dewasa Muda (25-45)
cust_5833,45,Suburban,Low,755,10979.99,14961.26,4545.19,8289892,285,138,4984,28,1520.74,Daily,Credit Card,8,63.99,10,850996,Dewasa Muda (25-45)
cust_5834,28,Suburban,Low,580,9320.64,15173.84,4109.78,5405971,183,186,1793,7,807.14,Monthly,Credit Card,1,42.48,5,549479,Dewasa Muda (25-45)
cust_5835,28,Rural,Low,823,14505.44,49604.8,5752.32,11937978,101,350,4864,12,4665.68,Monthly,Credit Card,0,43.18,10,1212392,Dewasa Muda (25-45)
cust_5836,17,Rural,High,451,17162.5,47642.8,5418.06,7740288,114,28,329,24,1587.01,Daily,Wallet Balance,9,44.97,7,783293,Remaja (<25)
cust_5837,52,Suburban,High,433,6066.13,19375.2,2481.43,2626635,42,106,2518,28,3708.74,Daily,Debit Card,2,37.08,7,275645,Dewasa (45-65)
cust_5838,64,Urban,Low,374,4426.15,20003.92,711.75,1655378,29,286,4917,23,1452.84,Monthly,Debit Card,17,38.7,8,184945,Dewasa (45-65)
cust_5839,53,Urban,High,435,13407.28,57235.16,5524.88,5832167,277,284,1042,26,892.91,Daily,Wallet Balance,11,7.72,2,589454,Dewasa (45-65)
cust_5840,17,Rural,Middle,187,18295.5,83279.76,4928.63,3421258,97,157,1303,50,4012.06,Weekly,Wallet Balance,14,70.77,5,352725,Remaja (<25)
cust_5841,51,Suburban,Middle,751,6969.67,24150.03,2788.75,5234220,191,287,4222,25,277.91,Weekly,UPI,13,5.39,2,536227,Dewasa (45-65)
cust_5842,69,Suburban,Low,390,5456.24,16142.68,1042.69,2127933,319,107,1352,19,1659.86,Monthly,Debit Card,9,35.11,6,222567,Senior (>65)
cust_5843,41,Urban,Middle,218,4530.03,12850.75,1961.58,987546,38,233,2747,3,3900.41,Daily,UPI,5,56.76,5,107598,Dewasa Muda (25-45)
cust_5844,26,Urban,Middle,108,5097.27,20181.3,1668.07,550505,207,196,4111,21,2560.69,Weekly,UPI,19,42.4,10,74092,Dewasa Muda (25-45)
cust_5845,23,Urban,High,819,2707.32,8352.61,278.68,2217293,194,339,2700,6,3447.87,Daily,UPI,19,7.82,1,227005,Remaja (<25)
cust_5846,59,Rural,High,550,11939.6,16990.94,3673.9,6566778,140,202,5,17,334.08,Monthly,UPI,11,40.44,8,666220,Dewasa (45-65)
cust_5847,55,Suburban,High,907,5623.71,8816.61,1260.34,5100707,289,109,3758,9,3749.05,Monthly,Debit Card,8,65.28,7,523612,Dewasa (45-65)
cust_5848,58,Rural,High,948,12302.74,29875.12,1513.25,11662995,257,31,2062,30,859.7,Daily,UPI,3,45.16,10,1182993,Dewasa (45-65)
cust_5849,37,Suburban,Middle,349,1669.82,2122.83,465.75,582766,225,226,1663,25,4043.52,Daily,Debit Card,3,56.33,10,72080,Dewasa Muda (25-45)
cust_5850,35,Rural,Low,788,2317.98,4536.12,520.59,1826569,28,41,1569,46,2820.87,Daily,Wallet Balance,1,33.84,1,189984,Dewasa Muda (25-45)
cust_5851,23,Suburban,High,522,10727.48,38893.58,1949.78,5599743,190,64,385,44,3695.81,Weekly,Debit Card,6,23.16,1,564296,Remaja (<25)
cust_5852,44,Urban,Middle,26,10235.5,10744.43,2452.93,266123,245,231,4857,25,1064.16,Monthly,Wallet Balance,10,15.21,1,39294,Dewasa Muda (25-45)
cust_5853,55,Urban,High,48,5437.48,18576.46,934.39,260999,334,170,2921,24,1977.13,Monthly,Debit Card,15,61.29,4,37353,Dewasa (45-65)
cust_5854,41,Urban,Middle,859,16544.35,67656.91,3638.51,14211592,315,300,2285,17,4010.35,Weekly,Debit Card,9,51.16,7,1432424,Dewasa Muda (25-45)
cust_5855,45,Rural,High,370,3749.07,6300.75,547.87,1387156,49,139,2973,23,4554.02,Weekly,Debit Card,14,13.63,8,152684,Dewasa Muda (25-45)
cust_5856,32,Urban,Low,14,7219.62,12445.71,965.44,101074,301,292,3890,43,1132.86,Weekly,Credit Card,1,40.17,9,30621,Dewasa Muda (25-45)
cust_5857,35,Suburban,High,612,11114.68,12397.6,5157.3,6802183,204,364,1266,14,3966.97,Monthly,Debit Card,11,51.39,8,690166,Dewasa Muda (25-45)
cust_5858,67,Rural,Low,187,17345.55,52900.46,7998.14,3243617,115,236,214,7,542.78,Daily,Wallet Balance,14,41.33,4,329218,Senior (>65)
cust_5859,31,Suburban,High,524,8376.83,30310.32,3612.11,4389461,20,288,3826,42,2128.74,Daily,Debit Card,10,68.41,3,452733,Dewasa Muda (25-45)
cust_5860,61,Rural,High,884,7978.03,22558.99,1532.82,7052581,85,360,2994,24,4693.6,Monthly,UPI,9,14.12,7,718299,Dewasa (45-65)
cust_5861,58,Suburban,High,891,11594.95,29657.52,4526.16,10331103,253,67,1837,34,4725.68,Monthly,Wallet Balance,2,51.72,6,1043821,Dewasa (45-65)
cust_5862,22,Suburban,Middle,279,6340.74,17866.0,2129.76,1769066,52,188,3623,23,1483.41,Daily,UPI,7,44.77,10,195710,Remaja (<25)
cust_5863,31,Rural,Middle,341,14186.37,58534.58,1709.36,4837553,148,348,2791,45,964.57,Weekly,Wallet Balance,20,66.24,10,503355,Dewasa Muda (25-45)
cust_5864,60,Rural,Low,328,4981.43,5649.23,2290.63,1633909,186,281,144,39,747.43,Weekly,UPI,19,62.24,1,168205,Dewasa (45-65)
cust_5865,62,Urban,Low,679,16465.69,68090.14,8219.55,11180202,173,28,2532,37,2404.38,Monthly,Wallet Balance,19,47.04,5,1130582,Dewasa (45-65)
cust_5866,63,Urban,Middle,634,5454.34,19992.18,2091.68,3458054,353,211,836,20,460.38,Monthly,UPI,4,31.95,6,355247,Dewasa (45-65)
cust_5867,42,Suburban,Low,905,19854.1,39027.32,3823.96,17967957,114,234,4600,0,1784.27,Monthly,UPI,10,12.65,4,1809103,Dewasa Muda (25-45)
cust_5868,68,Suburban,Low,984,6336.08,19635.27,2038.72,6234707,2,19,3668,25,85.06,Monthly,Wallet Balance,11,58.0,10,643264,Senior (>65)
cust_5869,38,Suburban,Middle,607,17577.73,21043.41,2526.84,10669684,34,312,1345,9,1296.99,Daily,Wallet Balance,19,59.54,1,1070909,Dewasa Muda (25-45)
cust_5870,39,Rural,Middle,25,7953.15,20028.84,1745.81,198828,282,113,1781,25,4501.38,Daily,Wallet Balance,10,26.71,4,27694,Dewasa Muda (25-45)
cust_5871,24,Rural,Middle,529,4928.64,8359.8,1906.9,2607248,161,344,3990,1,2234.89,Monthly,UPI,5,17.06,4,271687,Remaja (<25)
cust_5872,50,Urban,Middle,426,4531.0,4935.18,998.77,1930207,170,358,4558,39,368.73,Daily,Debit Card,7,67.15,2,207852,Dewasa (45-65)
cust_5873,66,Suburban,High,29,17005.32,41295.01,2701.85,493154,94,126,2198,13,3234.18,Weekly,Wallet Balance,12,34.29,10,63394,Senior (>65)
cust_5874,35,Urban,Middle,956,6181.97,24137.2,636.67,5909965,248,208,3206,32,4778.17,Weekly,Wallet Balance,14,53.27,8,606219,Dewasa Muda (25-45)
cust_5875,52,Rural,Low,323,6777.87,31748.16,2229.96,2189253,321,82,2986,38,2317.04,Monthly,Debit Card,1,45.14,9,236538,Dewasa (45-65)
cust_5876,57,Rural,High,853,3947.89,14406.07,1924.47,3367551,8,252,1213,0,3121.44,Weekly,UPI,5,50.67,5,342620,Dewasa (45-65)
cust_5877,32,Rural,High,313,19226.88,50141.41,5646.04,6018013,321,41,3105,29,4597.09,Monthly,Credit Card,19,2.32,4,612612,Dewasa Muda (25-45)
cust_5878,62,Urban,Low,584,4902.43,24502.28,907.17,2863019,110,269,3429,36,2095.5,Daily,Credit Card,1,45.46,4,299712,Dewasa (45-65)
cust_5879,46,Rural,High,270,4956.4,10565.92,1414.12,1338227,32,205,368,17,3322.93,Monthly,Debit Card,14,40.03,5,139597,Dewasa (45-65)
cust_5880,23,Suburban,Low,762,18878.52,33009.58,6434.43,14385431,51,99,171,29,2203.52,Weekly,Debit Card,0,54.5,8,1448683,Remaja (<25)
cust_5881,30,Urban,High,295,18018.97,51439.27,7577.83,5315595,168,83,3141,26,4810.65,Monthly,Credit Card,10,67.58,2,540036,Dewasa Muda (25-45)
cust_5882,46,Rural,High,656,4985.73,15055.13,1401.35,3270637,66,24,719,48,2519.01,Daily,Credit Card,7,59.92,4,336042,Dewasa (45-65)
cust_5883,68,Urban,Low,786,17295.86,41843.77,2926.13,13594549,31,353,2486,48,4428.26,Daily,UPI,8,32.39,4,1371012,Senior (>65)
cust_5884,45,Urban,Low,223,5003.97,18924.98,876.71,1115884,324,73,4778,29,2535.99,Monthly,Credit Card,14,43.29,1,123776,Dewasa Muda (25-45)
cust_5885,61,Rural,Low,75,1698.44,2947.57,781.1,127382,12,183,4206,44,3341.93,Weekly,UPI,4,17.94,5,28879,Dewasa (45-65)
cust_5886,35,Rural,Low,102,16409.02,49905.73,3191.5,1673720,287,3,3327,35,1930.71,Monthly,Wallet Balance,8,1.17,5,181560,Dewasa Muda (25-45)
cust_5887,54,Urban,Middle,532,15433.45,46308.18,6037.67,8210594,23,259,1445,20,4587.78,Monthly,Debit Card,3,11.32,8,831655,Dewasa (45-65)
cust_5888,68,Urban,Middle,629,5900.4,25343.06,1224.8,3711348,161,30,155,15,3234.71,Weekly,Wallet Balance,9,6.13,5,376327,Senior (>65)
cust_5889,27,Rural,Low,686,1811.88,8530.09,703.42,1242948,264,146,3256,16,99.56,Monthly,Debit Card,3,54.24,9,141357,Dewasa Muda (25-45)
cust_5890,64,Suburban,Middle,885,4136.71,15111.68,543.34,3660991,190,322,4808,17,78.21,Daily,Wallet Balance,4,14.32,2,379376,Dewasa (45-65)
cust_5891,32,Urban,Low,173,15423.42,34262.92,2821.83,2668251,241,212,3673,33,3380.89,Daily,UPI,18,8.91,9,284780,Dewasa Muda (25-45)
cust_5892,57,Urban,Low,4,19295.31,72520.34,5083.94,77181,80,27,1881,20,571.34,Weekly,Debit Card,20,21.24,6,19194,Dewasa (45-65)
cust_5893,45,Suburban,High,852,5187.45,10403.35,1588.02,4419708,271,356,1526,11,3580.82,Daily,Wallet Balance,12,67.29,7,451332,Dewasa Muda (25-45)
cust_5894,44,Rural,Low,479,16366.99,79644.7,3947.4,7839789,104,105,3396,30,1610.08,Daily,Debit Card,20,20.51,4,796965,Dewasa Muda (25-45)
cust_5895,34,Rural,Low,660,4566.37,19587.23,1504.19,3013806,78,110,4030,9,2694.6,Weekly,UPI,10,47.64,7,315993,Dewasa Muda (25-45)
cust_5896,61,Suburban,Low,395,13595.21,37043.7,3128.91,5370108,12,19,3448,40,872.0,Monthly,Credit Card,11,60.19,6,553470,Dewasa (45-65)
cust_5897,26,Rural,Low,626,1681.43,6956.72,624.44,1052577,283,16,1817,3,1231.11,Monthly,Wallet Balance,13,59.85,4,112576,Dewasa Muda (25-45)
cust_5898,49,Rural,High,833,11710.06,30851.59,3565.51,9754479,111,282,502,14,2184.59,Weekly,Debit Card,12,68.0,4,980759,Dewasa (45-65)
cust_5899,65,Urban,Low,914,5391.11,7000.03,2059.64,4927470,260,270,1898,41,3327.39,Weekly,Credit Card,3,26.73,10,508979,Dewasa (45-65)
cust_5900,22,Urban,High,167,18517.66,70868.48,5044.05,3092449,310,47,456,40,778.66,Monthly,Credit Card,12,35.65,10,323767,Remaja (<25)
cust_5901,59,Urban,Low,300,5802.12,15192.59,2614.44,1740636,351,146,2454,27,1406.42,Daily,Debit Card,4,17.87,1,181968,Dewasa (45-65)
cust_5902,49,Suburban,High,993,7974.83,37651.4,2016.46,7919005,196,156,4787,6,1034.81,Monthly,Credit Card,20,5.61,5,806557,Dewasa (45-65)
cust_5903,35,Rural,Middle,118,16815.18,37434.7,3754.05,1984190,340,30,1608,10,4313.37,Daily,Debit Card,8,70.45,4,204478,Dewasa Muda (25-45)
cust_5904,65,Rural,High,512,8771.11,38358.96,2831.61,4490807,184,105,3529,28,3240.03,Daily,Debit Card,0,62.53,4,461318,Dewasa (45-65)
cust_5905,53,Urban,High,612,4775.86,17774.57,1450.28,2922826,146,149,965,33,2342.48,Weekly,UPI,11,23.37,5,301341,Dewasa (45-65)
cust_5906,39,Urban,Low,786,10955.41,48349.5,3365.93,8610953,175,48,256,29,4734.72,Daily,Debit Card,16,57.08,9,871139,Dewasa Muda (25-45)
cust_5907,25,Suburban,High,175,16801.42,36417.55,7030.59,2940249,200,183,1157,26,3679.13,Weekly,Wallet Balance,0,59.91,8,305099,Remaja (<25)
cust_5908,47,Rural,High,159,8669.22,24667.24,2907.99,1378406,188,158,951,24,4661.13,Daily,UPI,18,18.4,7,146812,Dewasa (45-65)
cust_5909,67,Suburban,Low,384,2666.44,11445.74,1210.85,1023913,106,42,1771,47,2987.96,Monthly,UPI,4,67.3,3,112139,Senior (>65)
cust_5910,30,Rural,Middle,227,7667.91,27414.88,2665.66,1740614,73,165,4482,37,690.28,Daily,UPI,11,23.75,5,191380,Dewasa Muda (25-45)
cust_5911,52,Suburban,Middle,935,19089.96,46573.53,2074.71,17849110,272,297,620,39,3377.14,Monthly,UPI,11,41.33,7,1795362,Dewasa (45-65)
cust_5912,35,Urban,Middle,38,1449.71,4418.7,649.7,55089,214,174,4521,22,1007.46,Weekly,Wallet Balance,10,57.63,2,18247,Dewasa Muda (25-45)
cust_5913,18,Suburban,High,463,8174.82,40746.51,3563.52,3784941,186,352,3208,28,1729.84,Weekly,Wallet Balance,15,42.9,2,388845,Remaja (<25)
cust_5914,52,Suburban,Low,431,12964.1,51433.65,1549.73,5587525,140,94,848,49,2548.09,Daily,UPI,16,19.42,5,569074,Dewasa (45-65)
cust_5915,55,Urban,Middle,710,1579.57,5462.29,237.12,1121494,167,214,3642,10,786.83,Monthly,Credit Card,2,67.22,9,129040,Dewasa (45-65)
cust_5916,23,Rural,Middle,648,6905.6,29774.51,2227.35,4474829,143,188,4389,3,103.91,Daily,Wallet Balance,10,1.24,10,466509,Remaja (<25)
cust_5917,55,Rural,Middle,104,18812.16,52074.35,2203.68,1956464,72,88,3113,35,1635.43,Weekly,Wallet Balance,16,38.27,3,207554,Dewasa (45-65)
cust_5918,59,Urban,Middle,982,622.41,2987.72,164.61,611204,344,257,1783,30,4121.58,Monthly,UPI,0,4.18,1,66625,Dewasa (45-65)
cust_5919,38,Suburban,Low,193,15037.32,48241.0,7370.46,2902202,147,248,781,9,76.9,Weekly,Wallet Balance,14,47.49,7,299643,Dewasa Muda (25-45)
cust_5920,55,Suburban,Middle,250,16829.09,38832.92,2845.97,4207271,101,54,3965,15,547.17,Weekly,UPI,8,4.01,9,438883,Dewasa (45-65)
cust_5921,26,Suburban,High,13,5548.44,7457.55,1012.25,72129,338,291,288,29,4034.27,Daily,Credit Card,17,5.02,6,14671,Dewasa Muda (25-45)
cust_5922,61,Rural,High,567,4302.14,10767.31,1594.11,2439313,85,144,1939,34,1529.26,Daily,UPI,0,36.01,6,256444,Dewasa (45-65)
cust_5923,23,Suburban,Low,856,18297.27,59915.39,2151.6,15662462,305,5,2626,43,4691.07,Daily,Credit Card,5,49.84,4,1577452,Remaja (<25)
cust_5924,44,Rural,Middle,597,15282.39,58271.65,6545.06,9123589,295,365,3411,16,1901.22,Daily,Wallet Balance,1,30.89,8,927830,Dewasa Muda (25-45)
cust_5925,45,Suburban,Middle,621,2276.48,10245.22,408.88,1413694,334,37,322,4,3983.52,Weekly,Credit Card,4,65.89,2,142421,Dewasa Muda (25-45)
cust_5926,25,Urban,High,555,4251.82,20306.04,1329.21,2359761,143,119,2373,2,1293.95,Weekly,UPI,2,66.82,6,246275,Remaja (<25)
cust_5927,54,Urban,Low,388,12430.89,17525.26,2480.03,4823185,311,363,2780,15,309.16,Monthly,Debit Card,4,32.86,10,499223,Dewasa (45-65)
cust_5928,43,Rural,High,71,8394.14,28570.48,3051.71,595984,195,153,2782,50,4407.77,Daily,Wallet Balance,7,43.76,7,74958,Dewasa Muda (25-45)
cust_5929,64,Rural,Low,956,10088.45,36987.86,3378.48,9644554,184,323,4262,3,4636.48,Monthly,Debit Card,5,70.51,2,972961,Dewasa (45-65)
cust_5930,51,Urban,Low,780,19031.33,32129.75,9107.94,14844439,301,246,3440,8,3540.5,Daily,UPI,10,59.34,5,1495353,Dewasa (45-65)
cust_5931,28,Urban,Low,571,8410.51,26765.62,2340.14,4802399,67,294,4180,3,3850.34,Monthly,Debit Card,10,10.54,4,490974,Dewasa Muda (25-45)
cust_5932,47,Suburban,High,973,17634.82,41253.75,7934.82,17158682,222,212,4210,20,35.64,Monthly,Wallet Balance,10,6.05,1,1727270,Dewasa (45-65)
cust_5933,51,Urban,Low,438,13218.29,17311.58,4366.38,5789609,262,130,3883,9,3769.12,Daily,UPI,7,41.42,6,591742,Dewasa (45-65)
cust_5934,52,Rural,High,44,2441.17,3084.33,1137.06,107411,326,192,864,30,2360.98,Daily,UPI,5,60.83,9,23288,Dewasa (45-65)
cust_5935,41,Urban,High,272,14892.7,60119.61,3227.68,4050813,22,197,4553,16,2263.95,Weekly,Credit Card,15,54.76,5,419655,Dewasa Muda (25-45)
cust_5936,37,Rural,Middle,902,10408.98,36034.03,3329.88,9388899,341,256,371,15,2700.35,Weekly,UPI,19,45.49,4,943781,Dewasa Muda (25-45)
cust_5937,19,Rural,High,14,4509.69,17409.61,1154.54,63135,166,148,4354,38,1356.05,Daily,UPI,19,60.28,2,20143,Remaja (<25)
cust_5938,46,Suburban,High,371,5798.09,21691.31,732.64,2151091,102,342,1997,46,3481.44,Daily,Debit Card,2,10.24,8,229962,Dewasa (45-65)
cust_5939,33,Suburban,Middle,112,11151.08,17141.98,3676.58,1248920,314,267,2863,49,1477.94,Daily,Credit Card,7,34.43,9,143779,Dewasa Muda (25-45)
cust_5940,53,Suburban,Middle,379,12038.03,19336.22,5028.18,4562414,110,338,4320,5,2793.03,Daily,Credit Card,12,57.04,6,469984,Dewasa (45-65)
cust_5941,39,Suburban,Middle,314,19363.85,38920.07,6244.48,6080247,342,291,3929,29,684.64,Monthly,Debit Card,9,12.35,6,624440,Dewasa Muda (25-45)
cust_5942,38,Urban,Low,415,17095.86,44387.72,3619.82,7094780,316,172,2531,14,3375.38,Monthly,UPI,7,27.51,6,720252,Dewasa Muda (25-45)
cust_5943,37,Suburban,Low,740,4124.73,19620.11,847.76,3052298,179,301,3355,42,948.06,Monthly,Wallet Balance,9,33.6,2,317665,Dewasa Muda (25-45)
cust_5944,17,Urban,Middle,485,15482.1,57215.18,3021.11,7508819,167,149,4443,30,852.07,Monthly,Credit Card,12,6.33,5,767341,Remaja (<25)
cust_5945,46,Suburban,Low,169,175.75,355.14,86.44,29702,134,148,4794,29,121.42,Weekly,Credit Card,2,2.6,7,22397,Dewasa (45-65)
cust_5946,26,Suburban,Middle,888,2604.87,3188.2,676.45,2313125,30,265,1397,36,608.93,Daily,Wallet Balance,3,37.04,8,245402,Dewasa Muda (25-45)
cust_5947,43,Rural,Low,803,4002.01,14955.1,907.45,3213615,363,95,412,15,1162.85,Monthly,Wallet Balance,15,65.4,8,331104,Dewasa Muda (25-45)
cust_5948,61,Urban,High,246,11948.02,41833.27,3194.75,2939211,86,186,1441,43,1111.55,Monthly,Debit Card,2,8.29,5,305547,Dewasa (45-65)
cust_5949,47,Rural,Low,266,3901.75,14448.4,570.9,1037866,9,257,2880,35,1638.36,Daily,Credit Card,20,10.19,5,117227,Dewasa (45-65)
cust_5950,20,Suburban,Low,849,7311.81,14950.59,1304.48,6207723,136,211,4377,1,272.08,Monthly,UPI,8,5.09,6,635490,Remaja (<25)
cust_5951,53,Urban,High,243,4863.17,14919.48,1476.27,1181749,290,3,1266,27,4675.99,Monthly,Debit Card,18,26.71,4,125068,Dewasa (45-65)
cust_5952,25,Suburban,Middle,670,6754.96,16528.11,2833.97,4525822,136,167,4758,47,595.88,Weekly,Wallet Balance,11,28.97,8,474500,Remaja (<25)
cust_5953,55,Rural,Low,300,18849.6,80502.81,8493.08,5654881,140,350,4294,39,3509.82,Monthly,UPI,5,70.82,7,583221,Dewasa (45-65)
cust_5954,61,Urban,Low,951,19947.55,25484.73,8904.47,18970123,43,205,2837,16,2675.37,Daily,Wallet Balance,3,59.42,2,1904948,Dewasa (45-65)
cust_5955,39,Rural,High,327,13717.58,28831.17,6555.64,4485650,105,178,1454,40,2763.94,Monthly,Wallet Balance,13,26.95,6,460091,Dewasa Muda (25-45)
cust_5956,50,Suburban,High,530,11450.43,39066.76,1721.1,6068730,312,344,4322,37,527.58,Weekly,Credit Card,0,28.03,6,624953,Dewasa (45-65)
cust_5957,59,Suburban,High,595,14171.87,25805.49,1649.44,8432264,31,27,1006,35,1216.07,Weekly,Debit Card,7,30.55,4,852130,Dewasa (45-65)
cust_5958,63,Suburban,High,847,15435.33,56969.54,2196.33,13073722,170,29,1219,31,3899.41,Daily,UPI,18,42.91,6,1316960,Dewasa (45-65)
cust_5959,38,Urban,Middle,743,14782.86,22870.42,5030.56,10983668,161,127,4828,24,2318.43,Weekly,Credit Card,15,63.23,10,1119263,Dewasa Muda (25-45)
cust_5960,32,Rural,Low,342,1647.03,1797.32,531.08,563284,275,105,2916,12,2285.34,Monthly,UPI,7,17.3,9,71217,Dewasa Muda (25-45)
cust_5961,16,Rural,Low,765,6212.77,27671.52,2289.3,4752765,253,334,227,13,2729.56,Daily,UPI,4,18.43,10,485665,Remaja (<25)
cust_5962,46,Suburban,Low,679,6875.19,16045.17,1708.05,4668256,219,69,2385,43,2169.03,Monthly,Debit Card,7,71.32,9,483811,Dewasa (45-65)
cust_5963,46,Rural,Low,554,7391.4,12028.73,1896.9,4094833,113,107,4705,24,4030.68,Daily,UPI,16,35.73,1,420278,Dewasa (45-65)
cust_5964,57,Urban,Middle,249,6892.83,11654.65,2193.51,1716315,220,180,1550,34,3743.53,Weekly,Credit Card,5,49.6,7,183259,Dewasa (45-65)
cust_5965,57,Suburban,Low,760,15743.98,71534.03,2072.26,11965421,183,102,3057,28,1585.02,Weekly,Credit Card,2,58.39,4,1208663,Dewasa (45-65)
cust_5966,68,Suburban,Middle,950,14954.62,54101.7,6280.17,14206886,260,262,1917,14,4060.41,Monthly,Credit Card,20,35.74,2,1425892,Senior (>65)
cust_5967,49,Suburban,Middle,380,101.96,492.0,47.83,38744,12,152,113,14,2593.03,Weekly,Credit Card,19,2.17,8,12203,Dewasa (45-65)
cust_5968,24,Urban,High,798,5934.67,24926.56,1512.97,4735863,340,40,2151,46,3138.68,Monthly,UPI,10,54.23,10,490919,Remaja (<25)
cust_5969,37,Suburban,High,532,12477.04,50783.67,4938.77,6637783,360,289,427,46,4330.88,Weekly,Credit Card,12,42.4,3,670066,Dewasa Muda (25-45)
cust_5970,28,Suburban,Low,894,2414.11,7240.6,771.39,2158214,246,137,4598,39,2379.97,Weekly,Debit Card,18,63.32,2,229727,Dewasa Muda (25-45)
cust_5971,40,Suburban,Middle,864,1433.25,6138.94,278.63,1238331,250,177,3378,16,3781.3,Monthly,UPI,19,57.85,9,139298,Dewasa Muda (25-45)
cust_5972,63,Suburban,High,381,16569.68,43919.76,2106.32,6313047,58,67,1216,24,3140.44,Weekly,Debit Card,2,29.04,5,639566,Dewasa (45-65)
cust_5973,33,Rural,Middle,42,9059.16,39026.87,1796.97,380484,304,151,1944,22,2133.72,Daily,Credit Card,18,4.02,8,51069,Dewasa Muda (25-45)
cust_5974,66,Suburban,High,345,17115.19,68990.74,5852.75,5904740,1,278,956,45,3945.24,Weekly,Debit Card,19,40.03,8,602913,Senior (>65)
cust_5975,27,Urban,Middle,599,16472.82,61176.01,1912.36,9867218,361,328,144,31,525.8,Daily,Wallet Balance,6,70.66,4,993846,Dewasa Muda (25-45)
cust_5976,55,Suburban,Low,261,17868.48,41434.58,7763.43,4663672,203,212,608,30,2906.1,Daily,Credit Card,10,13.17,3,472130,Dewasa (45-65)
cust_5977,32,Suburban,Low,306,975.01,3434.81,475.92,298352,44,334,2105,22,232.05,Daily,UPI,8,37.01,6,42129,Dewasa Muda (25-45)
cust_5978,30,Rural,Middle,809,3730.74,11293.51,497.68,3018168,319,350,4773,37,780.85,Daily,Debit Card,14,9.51,7,321672,Dewasa Muda (25-45)
cust_5979,57,Suburban,High,862,5929.9,16877.52,1178.15,5111575,95,116,4218,16,2994.37,Daily,UPI,11,67.68,7,526696,Dewasa (45-65)
cust_5980,30,Rural,High,240,2733.25,13559.59,1011.99,655978,294,136,2282,28,1538.03,Weekly,Credit Card,11,59.74,5,77192,Dewasa Muda (25-45)
cust_5981,30,Urban,Low,679,9714.54,29314.52,4103.73,6596173,9,147,2538,1,1312.37,Weekly,UPI,5,39.14,7,671137,Dewasa Muda (25-45)
cust_5982,54,Rural,Low,313,15981.55,18026.3,3809.96,5002224,262,365,1953,10,4779.19,Monthly,Debit Card,16,46.35,2,504738,Dewasa (45-65)
cust_5983,28,Suburban,Low,731,19024.12,66696.14,5823.2,13906634,326,166,1826,15,1829.53,Monthly,Debit Card,17,46.86,9,1403900,Dewasa Muda (25-45)
cust_5984,32,Urban,High,441,17792.59,69605.37,8125.94,7846530,253,228,4027,50,2823.71,Monthly,Wallet Balance,8,68.72,3,799295,Dewasa Muda (25-45)
cust_5985,47,Suburban,High,933,9152.16,41557.54,2322.45,8538965,308,134,2342,16,2671.24,Monthly,Wallet Balance,10,69.93,1,859844,Dewasa (45-65)
cust_5986,24,Rural,Low,903,12733.46,44958.51,1688.65,11498311,323,180,499,20,310.09,Daily,Debit Card,18,48.23,3,1155674,Remaja (<25)
cust_5987,55,Urban,Middle,133,4621.62,4981.31,2301.37,614674,96,290,2733,20,3371.38,Weekly,Wallet Balance,9,21.87,5,72247,Dewasa (45-65)
cust_5988,35,Urban,High,719,8066.15,11929.65,1388.28,5799561,355,330,4439,5,2564.51,Daily,Credit Card,10,46.4,1,589051,Dewasa Muda (25-45)
cust_5989,41,Rural,Low,51,17424.94,28663.33,2082.5,888671,130,351,4877,45,1907.09,Monthly,Debit Card,5,40.47,6,108167,Dewasa Muda (25-45)
cust_5990,42,Rural,Middle,618,593.66,1095.33,156.88,366880,36,43,46,44,330.08,Daily,Debit Card,8,57.02,1,42015,Dewasa Muda (25-45)
cust_5991,36,Urban,High,392,10659.86,44761.89,1583.9,4178664,105,291,4709,22,1465.07,Monthly,Debit Card,15,62.29,10,438751,Dewasa Muda (25-45)
cust_5992,33,Urban,Middle,696,17457.24,39087.46,8580.12,12150237,199,139,4880,31,4420.48,Monthly,UPI,2,46.27,6,1231673,Dewasa Muda (25-45)
cust_5993,28,Rural,Middle,713,2448.98,5508.85,617.92,1746120,291,253,1187,38,868.56,Monthly,Credit Card,15,37.7,10,190351,Dewasa Muda (25-45)
cust_5994,31,Suburban,High,523,19651.1,79043.59,8456.35,10277524,30,346,4265,44,1096.67,Monthly,Credit Card,17,61.84,1,1041134,Dewasa Muda (25-45)
cust_5995,24,Urban,Low,766,257.71,682.85,43.98,197402,93,185,593,37,1026.47,Weekly,Credit Card,18,32.69,8,32112,Remaja (<25)
cust_5996,27,Rural,Middle,508,17723.54,22306.1,2756.47,9003557,236,65,1670,28,4454.02,Monthly,Credit Card,15,34.88,2,906268,Dewasa Muda (25-45)
cust_5997,59,Suburban,Low,662,7079.91,23650.5,2546.77,4686903,361,304,2870,30,3499.98,Weekly,Debit Card,3,2.22,2,477680,Dewasa (45-65)
cust_5998,53,Urban,High,354,2662.48,4047.7,1234.66,942519,195,180,511,24,4409.22,Weekly,Wallet Balance,4,6.1,2,97469,Dewasa (45-65)
cust_5999,34,Urban,Middle,867,3155.59,10371.34,460.13,2735896,256,295,1143,1,4568.73,Monthly,Credit Card,9,31.5,1,274691,Dewasa Muda (25-45)
cust_6000,22,Rural,Middle,973,14026.56,57769.13,4708.74,13647845,356,214,2076,21,4639.84,Weekly,Credit Card,18,1.54,2,1370716,Remaja (<25)
cust_6001,50,Suburban,Middle,395,17415.69,82166.49,2333.28,6879196,359,153,3010,36,2428.58,Monthly,Wallet Balance,18,15.45,8,704325,Dewasa (45-65)
cust_6002,63,Urban,Middle,956,12824.92,16264.69,5448.86,12260620,31,360,2209,43,2381.12,Monthly,Debit Card,2,49.25,8,1241589,Dewasa (45-65)
cust_6003,33,Suburban,Middle,96,18575.21,41160.19,8613.74,1783220,25,357,3745,14,4144.61,Monthly,Debit Card,7,45.65,6,191139,Dewasa Muda (25-45)
cust_6004,31,Suburban,High,106,16851.15,60830.23,5923.48,1786222,303,288,3038,5,1659.63,Monthly,Debit Card,18,41.25,4,188368,Dewasa Muda (25-45)
cust_6005,54,Urban,Middle,655,190.55,430.98,71.52,124807,1,123,558,32,111.06,Weekly,Debit Card,16,59.58,10,26741,Dewasa (45-65)
cust_6006,19,Suburban,High,678,13391.9,37552.26,1636.15,9079707,358,94,1759,10,1657.74,Daily,Wallet Balance,0,26.66,4,915659,Remaja (<25)
cust_6007,40,Urban,Low,513,6099.65,6589.84,788.02,3129119,118,82,3705,11,3581.75,Daily,UPI,20,47.85,8,327631,Dewasa Muda (25-45)
cust_6008,47,Suburban,High,558,9095.46,34326.18,1563.22,5075264,165,108,3225,23,618.07,Monthly,Wallet Balance,12,46.76,8,523967,Dewasa (45-65)
cust_6009,55,Urban,Middle,242,1889.67,8566.12,395.95,457301,113,240,1404,2,3923.9,Monthly,Credit Card,10,47.8,8,54776,Dewasa (45-65)
cust_6010,28,Rural,Low,856,5649.16,27722.92,2281.94,4835682,195,67,2697,29,4077.37,Monthly,Debit Card,11,48.85,10,499823,Dewasa Muda (25-45)
cust_6011,60,Urban,High,939,12657.39,54706.94,3470.3,11885291,140,268,1816,18,504.56,Daily,Credit Card,1,57.97,4,1197708,Dewasa (45-65)
cust_6012,32,Urban,High,488,4375.46,4931.6,574.5,2135223,20,243,3303,44,489.2,Daily,UPI,9,44.19,2,226283,Dewasa Muda (25-45)
cust_6013,64,Urban,High,790,12954.26,46731.4,5713.58,10233863,286,276,2160,42,994.06,Monthly,Debit Card,8,63.21,3,1034409,Dewasa (45-65)
cust_6014,52,Suburban,Middle,515,18461.41,55063.69,9185.12,9507627,231,306,3930,6,1781.95,Weekly,UPI,15,31.36,3,961331,Dewasa (45-65)
cust_6015,21,Rural,Middle,654,108.76,516.77,30.67,71126,79,136,650,11,2663.67,Weekly,Credit Card,3,70.12,6,14180,Remaja (<25)
cust_6016,34,Suburban,High,898,15717.56,72435.23,4789.23,14114365,128,159,4497,49,2427.71,Daily,Wallet Balance,15,3.39,1,1425116,Dewasa Muda (25-45)
cust_6017,28,Suburban,High,61,12829.96,63536.35,1685.91,782627,85,152,3335,28,4265.84,Weekly,UPI,3,10.52,1,86599,Dewasa Muda (25-45)
cust_6018,41,Urban,Low,416,942.19,4190.61,238.57,391950,64,42,3854,47,711.16,Weekly,Wallet Balance,6,6.94,3,54247,Dewasa Muda (25-45)
cust_6019,29,Suburban,Middle,294,15805.44,50380.93,3931.16,4646799,274,334,1612,7,3487.86,Monthly,Credit Card,14,32.12,3,469860,Dewasa Muda (25-45)
cust_6020,46,Urban,Middle,737,4498.18,17361.17,2187.54,3315155,288,335,4067,20,2744.43,Weekly,Credit Card,10,42.74,2,342277,Dewasa (45-65)
cust_6021,69,Rural,Low,302,5323.75,25866.56,1938.76,1607773,253,26,4476,12,3684.12,Monthly,Credit Card,9,32.42,4,173087,Senior (>65)
cust_6022,19,Suburban,High,170,1879.38,6225.38,775.95,319494,94,166,2125,48,1709.73,Monthly,Credit Card,9,15.92,5,45144,Remaja (<25)
cust_6023,54,Suburban,High,646,10692.25,46617.33,1618.09,6907195,289,294,2030,26,2356.9,Monthly,Credit Card,5,17.48,3,699201,Dewasa (45-65)
cust_6024,23,Suburban,Low,41,9969.49,47542.91,2659.57,408749,150,97,3287,3,142.96,Monthly,Debit Card,19,58.31,7,54677,Remaja (<25)
cust_6025,40,Urban,High,231,6950.02,22811.01,1227.52,1605454,365,267,4726,31,580.53,Weekly,Debit Card,4,4.79,10,182807,Dewasa Muda (25-45)
cust_6026,28,Urban,High,409,3383.39,5537.31,1502.48,1383805,157,123,2276,23,1874.98,Daily,Wallet Balance,19,71.4,10,154295,Dewasa Muda (25-45)
cust_6027,47,Suburban,Low,738,16760.69,27190.09,2697.62,12369390,216,23,3886,40,2406.27,Weekly,UPI,0,52.17,5,1252507,Dewasa (45-65)
cust_6028,53,Suburban,Low,651,17528.8,25614.29,4830.04,11411251,260,318,3999,8,428.73,Daily,UPI,14,66.4,4,1153708,Dewasa (45-65)
cust_6029,53,Rural,Low,622,10816.19,31424.19,1313.74,6727667,100,198,3753,9,4124.94,Daily,Debit Card,13,13.98,2,681110,Dewasa (45-65)
cust_6030,43,Rural,High,997,4892.06,14287.6,1730.41,4877388,122,41,1119,10,4730.26,Monthly,Credit Card,3,40.7,9,497611,Dewasa Muda (25-45)
cust_6031,68,Rural,Low,297,1931.24,6700.41,565.41,573578,132,121,2532,32,2981.99,Weekly,Credit Card,11,38.56,3,67130,Senior (>65)
cust_6032,45,Rural,High,455,17372.2,50926.45,5197.53,7904350,5,349,676,48,267.01,Daily,Debit Card,14,45.08,9,805453,Dewasa Muda (25-45)
cust_6033,18,Rural,Middle,57,1930.09,9442.44,271.46,110015,233,4,3054,6,3694.13,Daily,Credit Card,16,56.22,1,16862,Remaja (<25)
cust_6034,43,Urban,Middle,942,273.47,592.13,83.57,257607,167,255,1263,10,1085.82,Weekly,UPI,15,51.68,3,31743,Dewasa Muda (25-45)
cust_6035,18,Rural,Low,635,9393.26,42225.2,3057.63,5964718,57,131,3994,44,3668.26,Daily,Credit Card,14,28.9,10,617025,Remaja (<25)
cust_6036,60,Rural,High,240,14628.11,20498.68,7096.62,3510745,31,307,3344,27,2171.73,Weekly,Credit Card,7,62.72,4,363376,Dewasa (45-65)
cust_6037,69,Suburban,High,598,9156.16,31201.19,1037.29,5475386,7,183,3117,37,267.13,Monthly,UPI,11,2.01,3,560339,Senior (>65)
cust_6038,49,Urban,High,176,1037.7,3728.76,486.77,182634,12,107,2638,29,1393.74,Daily,UPI,17,18.98,6,31742,Dewasa (45-65)
cust_6039,31,Rural,Low,63,13803.68,56442.16,4028.27,869631,10,177,3060,7,2135.15,Monthly,Debit Card,13,37.88,7,99715,Dewasa Muda (25-45)
cust_6040,37,Rural,High,551,12850.23,38706.03,2365.03,7080476,157,72,4769,26,3681.25,Daily,Credit Card,1,62.0,9,727344,Dewasa Muda (25-45)
cust_6041,47,Rural,High,138,13633.78,24389.54,4992.94,1881461,213,70,2306,21,665.35,Monthly,Wallet Balance,11,29.32,9,203525,Dewasa (45-65)
cust_6042,53,Suburban,High,981,4231.94,10478.24,1298.45,4151530,141,69,3735,41,1435.01,Daily,UPI,1,56.1,7,433005,Dewasa (45-65)
cust_6043,23,Suburban,Middle,454,15916.01,33242.91,3035.22,7225869,127,264,1081,31,417.69,Weekly,UPI,17,19.82,10,737640,Remaja (<25)
cust_6044,23,Suburban,High,753,9588.57,25663.07,3363.01,7220195,198,123,1227,13,3079.03,Monthly,UPI,3,69.82,7,731233,Remaja (<25)
cust_6045,21,Rural,Middle,449,10731.69,33481.52,3104.73,4818530,137,227,1480,25,2371.36,Weekly,UPI,8,2.1,10,496127,Remaja (<25)
cust_6046,29,Suburban,High,226,10921.14,38227.07,4102.04,2468178,179,183,1901,43,4645.02,Daily,UPI,7,13.56,3,255597,Dewasa Muda (25-45)
cust_6047,47,Rural,High,443,5743.26,25158.28,2157.35,2544264,88,227,3001,10,3702.77,Monthly,UPI,6,2.56,8,267577,Dewasa (45-65)
cust_6048,50,Urban,High,206,5010.18,23247.45,1448.57,1032097,267,72,421,6,3889.44,Monthly,Debit Card,12,2.22,2,104707,Dewasa (45-65)
cust_6049,25,Rural,Middle,676,105.27,300.07,26.98,71165,164,8,3120,44,821.96,Daily,Credit Card,11,65.31,4,21345,Remaja (<25)
cust_6050,18,Suburban,High,27,7938.24,10753.82,994.64,214332,249,72,1834,29,1333.11,Daily,Wallet Balance,11,20.59,3,30334,Remaja (<25)
cust_6051,27,Urban,Low,457,9707.21,40656.32,2888.27,4436194,1,212,2490,1,2565.7,Daily,Wallet Balance,12,17.63,9,456416,Dewasa Muda (25-45)
cust_6052,64,Rural,High,695,14858.65,43218.32,2930.81,10326759,277,263,4116,34,67.42,Weekly,Wallet Balance,18,19.97,6,1050274,Dewasa (45-65)
cust_6053,46,Urban,Middle,710,1341.87,4274.92,162.77,952729,172,46,396,25,4350.64,Monthly,Credit Card,3,58.0,7,103389,Dewasa (45-65)
cust_6054,44,Urban,Middle,991,18480.55,62522.96,4290.3,18314223,356,150,1112,24,3888.7,Monthly,Wallet Balance,1,23.14,6,1840101,Dewasa Muda (25-45)
cust_6055,20,Urban,Low,849,5286.53,19409.34,713.62,4488263,262,81,2975,0,289.7,Weekly,Credit Card,12,43.11,8,462631,Remaja (<25)
cust_6056,67,Rural,Low,949,7340.75,33476.77,2436.37,6966368,142,261,1812,28,4245.17,Monthly,Credit Card,10,61.94,1,701938,Senior (>65)
cust_6057,40,Suburban,Low,107,976.77,4696.86,294.46,104513,93,175,2526,23,22.44,Weekly,Credit Card,6,23.63,7,24792,Dewasa Muda (25-45)
cust_6058,56,Rural,Middle,444,13066.2,62203.95,5448.23,5801391,129,143,3207,37,571.1,Weekly,Credit Card,8,11.35,6,595967,Dewasa (45-65)
cust_6059,46,Suburban,High,701,14181.37,60098.57,2936.3,9941138,136,192,6,0,276.82,Daily,Wallet Balance,6,5.79,1,994987,Dewasa (45-65)
cust_6060,36,Rural,High,36,18576.54,84652.7,4618.34,668755,111,159,4835,24,2395.8,Weekly,Credit Card,2,41.0,1,78747,Dewasa Muda (25-45)
cust_6061,35,Rural,Low,597,6743.21,8082.54,2532.62,4025697,44,237,98,33,3920.25,Monthly,Debit Card,2,44.01,1,405105,Dewasa Muda (25-45)
cust_6062,54,Rural,Low,155,5154.8,22662.83,2562.85,798994,211,83,1490,41,892.7,Monthly,UPI,0,62.84,6,92533,Dewasa (45-65)
cust_6063,37,Suburban,High,169,14524.47,18722.93,6705.48,2454635,343,300,2746,43,3857.43,Daily,UPI,0,34.62,3,256326,Dewasa Muda (25-45)
cust_6064,19,Rural,Low,796,14138.95,56340.54,4359.46,11254604,359,175,4225,4,924.62,Monthly,UPI,19,62.57,6,1139848,Remaja (<25)
cust_6065,28,Urban,High,272,18743.11,31440.71,6957.05,5098125,361,140,4113,40,4952.68,Weekly,Debit Card,13,37.53,9,528562,Dewasa Muda (25-45)
cust_6066,60,Rural,High,547,4114.32,10040.76,1286.83,2250532,331,64,4814,11,4267.37,Monthly,UPI,1,42.91,4,237647,Dewasa (45-65)
cust_6067,57,Urban,High,420,14108.8,24503.24,3864.71,5925695,247,279,3215,7,3685.93,Weekly,Wallet Balance,10,39.17,1,598856,Dewasa (45-65)
cust_6068,65,Suburban,High,184,1346.7,3735.55,459.12,247793,232,50,2315,41,2958.44,Monthly,Wallet Balance,9,22.33,2,34030,Dewasa (45-65)
cust_6069,64,Suburban,Middle,611,9612.56,25444.34,2447.35,5873273,292,215,2411,13,1212.74,Monthly,Debit Card,14,60.9,5,597842,Dewasa (45-65)
cust_6070,35,Rural,High,237,2396.62,2857.38,508.26,567999,170,125,1493,19,596.34,Daily,Debit Card,10,63.79,7,68387,Dewasa Muda (25-45)
cust_6071,67,Rural,Low,915,13066.39,56472.82,4994.88,11955745,234,36,987,46,2301.53,Weekly,Debit Card,7,61.24,5,1205997,Senior (>65)
cust_6072,28,Rural,Low,509,12033.32,53148.12,5400.43,6124960,8,139,4597,39,2013.3,Daily,Debit Card,0,8.62,6,630583,Dewasa Muda (25-45)
cust_6073,32,Urban,Low,441,986.17,4092.64,212.23,434901,302,86,2051,8,3372.4,Daily,UPI,5,48.32,1,47705,Dewasa Muda (25-45)
cust_6074,69,Suburban,Low,981,6399.16,28095.04,2449.32,6277576,100,56,4555,4,850.45,Daily,Credit Card,19,32.53,5,641842,Senior (>65)
cust_6075,51,Urban,Middle,122,7906.72,31654.69,2163.34,964620,253,249,3034,0,2810.64,Daily,UPI,7,7.94,6,107124,Dewasa (45-65)
cust_6076,48,Urban,High,417,4968.72,23601.13,1097.26,2071958,308,222,2217,10,3466.75,Weekly,Debit Card,18,5.39,1,211896,Dewasa (45-65)
cust_6077,16,Rural,High,535,783.01,2588.31,272.84,418912,282,325,2856,3,1494.83,Weekly,Wallet Balance,20,50.55,2,49155,Remaja (<25)
cust_6078,30,Rural,Low,375,6383.25,21259.86,3036.93,2393718,291,293,3471,37,3900.07,Monthly,Debit Card,16,29.23,6,254063,Dewasa Muda (25-45)
cust_6079,28,Urban,Low,575,15854.57,70388.59,3815.82,9116378,188,249,607,16,2159.21,Monthly,Debit Card,13,28.13,7,920372,Dewasa Muda (25-45)
cust_6080,32,Urban,Low,326,7208.58,17283.74,2910.77,2349997,123,214,2595,3,813.16,Daily,UPI,3,16.13,2,242083,Dewasa Muda (25-45)
cust_6081,39,Rural,High,480,6474.16,7771.13,1462.38,3107597,132,298,1296,31,973.85,Weekly,Credit Card,1,43.75,1,316964,Dewasa Muda (25-45)
cust_6082,23,Rural,Middle,150,18835.65,75331.69,7940.12,2825346,236,158,2513,4,1394.49,Monthly,UPI,15,11.54,6,293263,Remaja (<25)
cust_6083,65,Urban,Middle,707,842.2,1699.86,340.24,595434,221,94,2394,21,790.63,Daily,Debit Card,19,1.29,10,76036,Dewasa (45-65)
cust_6084,42,Rural,Middle,995,15348.09,44462.55,6235.21,15271350,62,278,2950,13,2814.6,Daily,Wallet Balance,1,2.0,5,1537927,Dewasa Muda (25-45)
cust_6085,60,Rural,Middle,592,9667.04,18964.41,4824.66,5722888,320,166,1909,20,4745.71,Monthly,Credit Card,10,27.12,3,578733,Dewasa (45-65)
cust_6086,38,Urban,Low,490,18889.81,81384.15,2950.72,9256004,178,56,2472,17,4480.37,Weekly,Debit Card,13,52.03,9,939004,Dewasa Muda (25-45)
cust_6087,61,Urban,High,827,7875.48,38063.55,2012.47,6513022,220,334,869,2,1618.77,Monthly,Wallet Balance,17,43.78,1,653430,Dewasa (45-65)
cust_6088,23,Suburban,Low,153,14163.77,17281.1,4990.25,2167056,171,352,2677,10,4323.35,Monthly,Wallet Balance,9,18.8,9,229897,Remaja (<25)
cust_6089,23,Urban,Middle,17,1408.01,2722.36,473.36,23936,82,82,251,46,4770.11,Weekly,Wallet Balance,11,8.24,1,6110,Remaja (<25)
cust_6090,41,Rural,Low,551,18576.16,32661.51,7658.08,10235464,14,34,3896,38,1470.84,Monthly,Credit Card,10,26.69,7,1041403,Dewasa Muda (25-45)
cust_6091,62,Urban,Middle,845,6897.41,25470.84,819.16,5828309,270,63,98,35,4526.42,Daily,Credit Card,8,64.65,1,585263,Dewasa (45-65)
cust_6092,28,Urban,High,348,10484.85,28463.37,4005.43,3648728,54,2,1312,26,4987.15,Monthly,Debit Card,15,25.63,6,373603,Dewasa Muda (25-45)
cust_6093,54,Urban,Middle,459,2778.25,7848.68,1097.66,1275215,131,190,4858,37,3988.36,Weekly,UPI,7,9.52,9,147943,Dewasa (45-65)
cust_6094,52,Suburban,Low,202,18911.7,30794.23,2353.38,3820163,98,43,4695,24,1951.12,Weekly,UPI,4,64.27,7,399830,Dewasa (45-65)
cust_6095,64,Suburban,High,423,13462.68,35796.43,4247.11,5694712,201,95,3863,41,3042.71,Monthly,Credit Card,14,24.0,6,585775,Dewasa (45-65)
cust_6096,43,Rural,Middle,280,1088.41,2408.56,215.5,304754,360,274,584,38,1820.93,Monthly,Debit Card,14,55.81,5,39533,Dewasa Muda (25-45)
cust_6097,40,Suburban,Middle,422,3112.58,10722.11,1309.31,1313510,261,148,1039,34,4979.81,Monthly,Debit Card,16,20.39,3,137339,Dewasa Muda (25-45)
cust_6098,31,Urban,High,600,8002.68,14956.64,959.08,4801608,221,7,4204,14,339.27,Daily,Debit Card,1,62.71,2,491799,Dewasa Muda (25-45)
cust_6099,17,Suburban,Low,993,4343.25,15024.38,688.26,4312849,5,214,4182,47,4465.4,Weekly,UPI,12,6.81,2,444116,Remaja (<25)
cust_6100,69,Urban,High,465,6099.47,15315.64,864.79,2836251,117,308,2414,20,372.74,Daily,Credit Card,10,18.98,9,299266,Senior (>65)
cust_6101,33,Suburban,Low,953,19949.85,47583.94,2515.42,19012205,301,293,656,2,210.99,Daily,Debit Card,0,52.65,3,1905627,Dewasa Muda (25-45)
cust_6102,32,Suburban,Middle,812,13176.39,29280.92,4480.36,10699226,192,98,1369,23,4699.7,Daily,UPI,8,29.01,7,1079610,Dewasa Muda (25-45)
cust_6103,45,Suburban,Middle,804,18445.13,68160.92,8252.7,14829884,116,302,3517,43,4336.41,Weekly,UPI,3,40.09,4,1496154,Dewasa Muda (25-45)
cust_6104,54,Urban,High,355,8721.61,28342.38,2654.76,3096171,236,359,3340,4,1807.81,Weekly,UPI,15,20.67,7,322793,Dewasa (45-65)
cust_6105,28,Suburban,Middle,582,14208.54,62615.44,2617.68,8269371,51,42,4998,36,4787.66,Daily,Debit Card,15,26.65,6,844139,Dewasa Muda (25-45)
cust_6106,47,Urban,High,378,9199.21,18089.7,2184.98,3477300,13,316,2577,32,4309.28,Weekly,Credit Card,2,44.06,10,363929,Dewasa (45-65)
cust_6107,65,Urban,Middle,124,6571.21,7625.75,1604.34,814829,218,242,3116,23,4509.91,Weekly,Wallet Balance,17,57.26,4,91760,Dewasa (45-65)
cust_6108,44,Rural,Middle,80,10388.27,17951.91,2915.51,831061,329,104,407,5,2975.58,Weekly,Debit Card,6,64.33,3,85932,Dewasa Muda (25-45)
cust_6109,61,Suburban,Low,557,8551.95,20297.41,2293.76,4763434,68,247,1974,46,4791.64,Monthly,Wallet Balance,9,26.48,4,486495,Dewasa (45-65)
cust_6110,45,Rural,High,988,19611.01,33703.87,7225.88,19375675,231,336,1311,44,4047.91,Weekly,UPI,9,45.76,2,1944565,Dewasa Muda (25-45)
cust_6111,33,Rural,High,233,9928.37,13244.86,2342.75,2313309,325,78,3078,6,4699.76,Weekly,UPI,6,36.36,2,237737,Dewasa Muda (25-45)
cust_6112,28,Urban,Middle,480,16224.15,45125.11,5924.84,7787592,92,124,275,49,1407.55,Weekly,Credit Card,0,47.6,4,787505,Dewasa Muda (25-45)
cust_6113,58,Suburban,Low,154,13339.72,49460.15,4251.49,2054317,104,32,2937,18,2660.49,Daily,UPI,16,45.15,3,214775,Dewasa (45-65)
cust_6114,36,Urban,Low,907,9597.75,38451.3,1146.01,8705157,78,167,4461,20,4338.31,Monthly,UPI,19,45.04,5,884268,Dewasa Muda (25-45)
cust_6115,45,Urban,High,692,9488.26,24621.17,4439.26,6565875,102,282,2915,5,2898.65,Monthly,UPI,4,31.98,1,662468,Dewasa Muda (25-45)
cust_6116,36,Suburban,High,409,6844.38,19932.07,1171.64,2799352,261,30,4784,39,4005.49,Daily,Credit Card,10,21.84,7,298400,Dewasa Muda (25-45)
cust_6117,63,Urban,Middle,31,2148.57,8641.28,602.91,66605,304,254,4697,2,4865.48,Weekly,UPI,1,30.91,4,17821,Dewasa (45-65)
cust_6118,32,Suburban,High,597,15231.77,36721.23,7296.61,9093367,226,169,3027,48,4022.81,Weekly,Debit Card,9,60.43,6,924179,Dewasa Muda (25-45)
cust_6119,55,Suburban,Middle,557,18362.71,76004.47,3652.96,10228032,348,359,734,13,1576.8,Monthly,UPI,13,25.34,2,1026782,Dewasa (45-65)
cust_6120,34,Urban,Low,503,4366.92,21264.72,475.41,2196559,175,32,135,19,593.5,Weekly,UPI,5,62.16,4,225529,Dewasa Muda (25-45)
cust_6121,67,Urban,High,371,18514.21,83719.84,5480.58,6868773,88,184,1753,13,1363.73,Monthly,UPI,1,12.8,5,696001,Senior (>65)
cust_6122,30,Rural,Low,323,4653.76,13097.46,882.23,1503164,118,53,1785,1,3313.96,Daily,UPI,6,40.32,6,158329,Dewasa Muda (25-45)
cust_6123,24,Urban,Low,332,10606.28,35192.43,3529.89,3521285,280,337,2929,24,54.72,Monthly,Debit Card,9,8.75,1,361359,Remaja (<25)
cust_6124,67,Suburban,Middle,243,6879.0,26592.2,2936.26,1671597,141,149,4515,3,948.59,Monthly,Debit Card,17,32.41,4,180015,Senior (>65)
cust_6125,25,Rural,Low,552,2299.03,5511.24,700.03,1269064,113,76,23,40,1634.51,Monthly,Debit Card,0,69.91,2,132135,Remaja (<25)
cust_6126,59,Suburban,Middle,430,1066.24,4474.95,381.73,458482,249,69,1264,47,4376.12,Monthly,Wallet Balance,11,45.47,10,60888,Dewasa (45-65)
cust_6127,46,Rural,Middle,182,7313.28,20094.46,2680.03,1331016,89,274,3719,32,255.02,Monthly,Debit Card,3,2.27,1,144612,Dewasa (45-65)
cust_6128,68,Urban,Low,809,956.4,4196.09,409.55,773730,365,229,2560,1,249.68,Daily,Debit Card,0,59.4,9,91468,Senior (>65)
cust_6129,38,Urban,Low,473,2093.09,4225.81,785.26,990030,309,37,2377,22,2758.91,Weekly,Credit Card,13,36.54,1,105577,Dewasa Muda (25-45)
cust_6130,67,Urban,Middle,376,2854.53,2984.44,1400.06,1073302,220,135,3694,43,888.83,Weekly,Wallet Balance,8,48.68,2,120573,Senior (>65)
cust_6131,45,Suburban,Middle,81,48.29,170.52,13.64,3911,51,61,3542,47,1211.08,Monthly,Debit Card,9,46.59,9,20569,Dewasa Muda (25-45)
cust_6132,48,Rural,Low,550,3073.51,8629.06,369.14,1690431,175,131,457,20,921.18,Weekly,Credit Card,11,14.38,8,179496,Dewasa (45-65)
cust_6133,67,Suburban,Middle,868,11549.8,14313.58,2975.35,10025227,209,1,2789,14,2908.04,Monthly,Debit Card,13,29.8,10,1018046,Senior (>65)
cust_6134,24,Rural,Middle,420,16392.27,48364.56,7146.23,6884752,117,60,4172,50,277.74,Weekly,Credit Card,11,16.26,10,711680,Remaja (<25)
cust_6135,69,Urban,High,467,3876.66,6490.62,594.01,1810402,313,327,3133,23,4700.0,Weekly,Wallet Balance,19,13.68,10,197256,Senior (>65)
cust_6136,62,Suburban,High,428,1626.64,5724.15,641.51,696203,313,347,3618,19,615.69,Weekly,UPI,1,40.55,4,82448,Dewasa (45-65)
cust_6137,16,Urban,High,57,14592.99,40571.17,4586.06,831800,291,31,2222,37,4757.98,Weekly,Debit Card,2,15.46,2,90945,Remaja (<25)
cust_6138,59,Suburban,High,322,173.17,291.71,79.71,55761,86,264,1951,24,3890.65,Daily,Credit Card,12,15.3,8,17932,Dewasa (45-65)
cust_6139,50,Urban,High,977,14685.9,38884.68,5763.86,14348124,135,7,2494,21,4140.08,Monthly,UPI,5,45.48,3,1442830,Dewasa (45-65)
cust_6140,26,Suburban,Middle,542,2631.03,5080.09,958.25,1426020,309,135,1670,50,864.04,Monthly,Debit Card,16,29.55,10,160509,Dewasa Muda (25-45)
cust_6141,49,Suburban,Middle,495,4573.42,16520.96,2079.77,2263842,266,20,1157,46,3348.24,Daily,Credit Card,15,15.39,1,232624,Dewasa (45-65)
cust_6142,31,Rural,High,266,2410.2,5255.61,1116.62,641112,220,327,2984,3,4085.36,Daily,UPI,4,28.24,2,70336,Dewasa Muda (25-45)
cust_6143,24,Urban,Low,227,4954.29,21244.34,1258.22,1124623,295,142,4047,15,2790.18,Daily,Credit Card,17,42.14,4,124661,Remaja (<25)
cust_6144,47,Rural,High,829,15965.54,16870.03,7521.99,13235430,186,143,523,42,2755.37,Daily,Debit Card,3,43.51,1,1328411,Dewasa (45-65)
cust_6145,30,Rural,Low,959,2659.56,6951.21,324.14,2550514,163,210,3524,6,797.07,Daily,UPI,14,64.76,6,268300,Dewasa Muda (25-45)
cust_6146,27,Urban,Middle,804,19883.37,68961.93,8053.3,15986230,127,125,1977,23,2071.16,Monthly,UPI,12,67.04,4,1607841,Dewasa Muda (25-45)
cust_6147,48,Suburban,Low,54,6548.68,7140.9,1536.4,353628,315,321,898,33,752.7,Daily,UPI,13,15.41,6,46082,Dewasa (45-65)
cust_6148,60,Rural,Middle,609,18440.14,34360.76,5439.08,11230046,117,354,99,38,4864.29,Monthly,Wallet Balance,8,35.81,5,1129570,Dewasa (45-65)
cust_6149,29,Urban,Low,961,3808.76,8797.02,1654.14,3660219,137,3,3626,28,3424.25,Monthly,Debit Card,7,32.64,4,378361,Dewasa Muda (25-45)
cust_6150,23,Suburban,Middle,978,3766.07,4095.14,1336.26,3683217,256,131,2823,43,242.11,Weekly,UPI,13,55.48,7,385146,Remaja (<25)
cust_6151,23,Rural,Middle,4,11311.06,36045.67,3200.99,45244,356,75,1676,25,2383.84,Weekly,Credit Card,20,14.68,7,16184,Remaja (<25)
cust_6152,42,Rural,High,439,1021.5,3599.21,169.13,448436,264,324,4279,13,3189.82,Weekly,Wallet Balance,6,17.05,4,57106,Dewasa Muda (25-45)
cust_6153,27,Rural,Middle,310,16022.05,30603.54,7621.78,4966834,222,160,1170,46,478.2,Daily,Debit Card,2,12.23,4,507384,Dewasa Muda (25-45)
cust_6154,16,Suburban,High,879,8797.91,27923.95,2049.83,7733361,314,272,4374,19,3324.94,Daily,UPI,3,52.99,4,786321,Remaja (<25)
cust_6155,58,Rural,High,603,13986.94,69885.84,1964.67,8434123,351,17,2346,6,886.53,Weekly,Debit Card,16,17.15,8,856261,Dewasa (45-65)
cust_6156,55,Suburban,High,89,3500.9,15920.95,1140.1,311579,150,356,2327,17,2039.4,Daily,Debit Card,8,30.8,5,41492,Dewasa (45-65)
cust_6157,57,Rural,Low,320,12850.72,15866.06,3373.47,4112231,236,32,4482,42,3127.77,Weekly,UPI,10,19.44,5,427823,Dewasa (45-65)
cust_6158,66,Urban,Low,375,11885.47,17965.25,3995.95,4457052,351,155,224,9,1825.27,Monthly,UPI,20,70.74,9,455140,Senior (>65)
cust_6159,26,Rural,Middle,604,15115.67,45008.62,2923.55,9129863,168,112,4493,45,1904.42,Monthly,UPI,0,47.01,10,935520,Dewasa Muda (25-45)
cust_6160,54,Urban,High,501,5955.05,11795.79,1497.65,2983480,69,98,4050,29,4218.08,Monthly,Credit Card,11,21.28,6,313239,Dewasa (45-65)
cust_6161,58,Urban,High,662,18663.98,24708.81,9126.75,12355554,209,261,1440,2,1546.32,Monthly,Wallet Balance,6,9.24,4,1241862,Dewasa (45-65)
cust_6162,46,Urban,Middle,234,19226.41,38803.08,9125.13,4498979,52,345,4950,49,3275.97,Weekly,Wallet Balance,8,32.15,7,470059,Dewasa (45-65)
cust_6163,32,Suburban,High,921,17363.79,21612.93,7739.96,15992051,267,92,154,43,4245.76,Monthly,Wallet Balance,2,13.86,8,1609690,Dewasa Muda (25-45)
cust_6164,48,Urban,Middle,337,11444.95,35704.25,4711.3,3856949,150,146,4747,0,763.25,Monthly,Wallet Balance,10,12.87,7,401807,Dewasa (45-65)
cust_6165,47,Rural,High,571,8411.56,24906.64,1367.92,4803002,303,3,1069,29,229.64,Daily,UPI,20,21.95,6,491223,Dewasa (45-65)
cust_6166,44,Suburban,Low,185,1169.27,1198.86,335.31,216314,345,284,4806,44,4127.67,Monthly,Credit Card,9,69.61,2,35579,Dewasa Muda (25-45)
cust_6167,36,Urban,Middle,438,18945.08,55510.34,7410.58,8297946,13,290,4323,1,2755.65,Monthly,Wallet Balance,18,29.39,5,842162,Dewasa Muda (25-45)
cust_6168,36,Suburban,Middle,556,19036.11,58616.38,3896.83,10584076,100,342,301,14,4138.51,Weekly,Wallet Balance,0,15.94,6,1064340,Dewasa Muda (25-45)
cust_6169,55,Suburban,Low,180,383.58,1312.93,43.43,69044,173,286,3215,10,1065.18,Daily,UPI,13,24.32,2,15801,Dewasa (45-65)
cust_6170,38,Suburban,Middle,76,7144.18,34866.46,1909.21,542957,237,48,2617,31,4163.16,Daily,Debit Card,7,34.92,9,69548,Dewasa Muda (25-45)
cust_6171,21,Rural,Low,656,17601.93,86791.05,4753.52,11546864,75,65,426,5,476.55,Daily,Debit Card,6,6.1,10,1165800,Remaja (<25)
cust_6172,37,Urban,High,613,1626.23,5053.87,204.97,996880,325,221,4570,5,4416.02,Daily,Wallet Balance,9,22.65,4,111120,Dewasa Muda (25-45)
cust_6173,65,Suburban,Low,893,3939.36,17257.35,899.14,3517850,250,147,1437,27,4112.67,Weekly,UPI,11,11.17,5,360302,Dewasa (45-65)
cust_6174,53,Suburban,Low,272,19573.76,26241.82,9139.38,5324062,78,180,1067,24,2836.67,Weekly,UPI,18,7.41,5,540521,Dewasa (45-65)
cust_6175,52,Suburban,Middle,977,16947.3,52953.86,3391.47,16557515,278,297,5000,22,3041.7,Weekly,UPI,20,65.54,7,1673430,Dewasa (45-65)
cust_6176,60,Urban,High,55,18242.15,67780.53,5977.29,1003318,242,349,2907,11,1729.22,Monthly,Debit Card,6,21.17,9,115381,Dewasa (45-65)
cust_6177,66,Suburban,Low,701,2851.67,9293.34,841.68,1999018,314,353,2442,47,1008.08,Daily,Debit Card,8,15.85,9,217981,Senior (>65)
cust_6178,69,Suburban,High,863,4234.21,8141.89,1883.59,3654119,216,81,3941,47,2277.19,Daily,Debit Card,18,50.72,6,382855,Senior (>65)
cust_6179,23,Rural,Low,847,12112.28,15148.0,4377.62,10259099,220,358,4373,9,3287.26,Weekly,UPI,6,5.08,9,1042912,Remaja (<25)
cust_6180,56,Urban,Middle,77,10039.75,25567.99,1640.21,773060,21,193,1939,16,4992.32,Daily,UPI,15,70.1,4,84287,Dewasa (45-65)
cust_6181,64,Rural,Low,296,5977.08,21461.13,939.28,1769216,305,297,2972,1,4086.27,Monthly,Debit Card,6,70.93,5,185922,Dewasa (45-65)
cust_6182,50,Urban,Low,219,17678.09,87804.45,5709.93,3871501,353,123,4953,44,2171.54,Daily,Wallet Balance,11,55.31,5,405370,Dewasa (45-65)
cust_6183,66,Urban,High,277,18028.76,35086.38,2137.97,4993966,92,289,4030,16,3716.24,Monthly,Credit Card,2,71.08,5,512198,Senior (>65)
cust_6184,26,Urban,Low,578,5840.76,27283.14,1503.48,3375961,295,228,3787,8,540.24,Daily,UPI,4,19.18,1,346700,Dewasa Muda (25-45)
cust_6185,39,Rural,Middle,648,3123.51,3976.36,810.88,2024031,100,82,737,46,2075.18,Daily,UPI,5,19.08,7,214439,Dewasa Muda (25-45)
cust_6186,64,Rural,Middle,746,2990.36,14126.32,533.88,2230806,266,84,2095,6,2124.62,Weekly,Credit Card,16,62.69,6,232808,Dewasa (45-65)
cust_6187,36,Rural,Low,711,9693.66,41968.38,2136.53,6892192,168,243,740,12,4994.12,Monthly,Wallet Balance,16,44.13,3,692402,Dewasa Muda (25-45)
cust_6188,66,Rural,Low,266,2667.04,2890.49,618.7,709432,58,215,1883,9,1955.07,Daily,Debit Card,3,52.34,8,82631,Senior (>65)
cust_6189,17,Suburban,High,953,9472.07,20769.8,991.76,9026883,89,174,944,21,416.41,Daily,UPI,9,1.98,6,912468,Remaja (<25)
cust_6190,55,Suburban,High,900,9244.06,11128.25,3904.29,8319655,173,346,3781,27,336.14,Weekly,Credit Card,7,33.93,9,851059,Dewasa (45-65)
cust_6191,34,Suburban,Middle,43,17683.36,88098.93,8540.68,760384,145,327,1727,49,3491.92,Monthly,Wallet Balance,13,20.76,7,89646,Dewasa Muda (25-45)
cust_6192,54,Urban,High,361,5931.25,16081.84,1279.41,2141180,121,105,1335,41,1445.47,Monthly,Credit Card,10,11.93,8,228165,Dewasa (45-65)
cust_6193,43,Suburban,Low,228,11217.44,40929.02,1624.22,2557576,245,57,2629,49,4344.57,Weekly,Debit Card,5,37.83,9,272743,Dewasa Muda (25-45)
cust_6194,32,Urban,Middle,227,14872.56,28804.62,7159.96,3376071,324,276,4002,13,2414.74,Daily,Credit Card,12,20.66,6,351703,Dewasa Muda (25-45)
cust_6195,21,Rural,High,63,11922.34,56451.61,4723.87,751107,266,169,1556,18,1651.86,Monthly,Wallet Balance,14,39.58,8,87196,Remaja (<25)
cust_6196,34,Urban,Middle,171,19081.82,40008.77,8710.03,3262990,62,239,3630,0,3795.57,Weekly,Debit Card,11,6.55,2,333661,Dewasa Muda (25-45)
cust_6197,53,Urban,Low,963,12049.53,24591.38,2944.31,11603694,89,75,4328,26,2087.66,Weekly,Credit Card,20,57.64,1,1171581,Dewasa (45-65)
cust_6198,43,Suburban,High,762,18038.22,40737.53,5296.47,13745127,72,294,4840,3,3686.92,Weekly,UPI,9,68.42,9,1391649,Dewasa Muda (25-45)
cust_6199,17,Rural,Low,850,4908.68,13989.52,2317.37,4172375,170,283,4880,23,3570.46,Weekly,Debit Card,11,45.69,10,437512,Remaja (<25)
cust_6200,53,Rural,Low,762,11219.45,12051.16,3184.31,8549219,173,196,4860,13,3616.06,Weekly,Debit Card,3,11.14,6,870133,Dewasa (45-65)
cust_6201,52,Suburban,Middle,307,10870.69,36866.3,4009.52,3337300,76,218,710,36,4285.61,Daily,Credit Card,7,54.18,10,346607,Dewasa (45-65)
cust_6202,66,Rural,Middle,750,19789.15,22295.7,7557.86,14841860,365,153,1817,22,4242.0,Monthly,UPI,19,63.36,10,1497899,Senior (>65)
cust_6203,67,Rural,Middle,568,4098.08,12936.86,1782.03,2327710,158,270,1033,4,3323.04,Weekly,Wallet Balance,2,27.02,3,236575,Senior (>65)
cust_6204,19,Rural,High,683,2828.46,8008.89,1386.15,1931836,330,37,1360,19,4784.81,Daily,Credit Card,6,37.48,3,198411,Remaja (<25)
cust_6205,37,Suburban,High,920,12237.32,24109.83,2863.04,11258338,213,178,2690,21,103.64,Daily,Credit Card,2,5.52,8,1141262,Dewasa Muda (25-45)
cust_6206,41,Rural,Middle,992,4481.61,10393.17,891.75,4445753,9,348,3386,45,4652.11,Weekly,Credit Card,0,39.89,3,456521,Dewasa Muda (25-45)
cust_6207,64,Urban,High,34,12786.72,48879.0,1676.11,434748,3,200,2127,39,741.27,Monthly,UPI,18,4.37,10,61258,Dewasa (45-65)
cust_6208,58,Urban,High,827,19450.06,20196.75,8608.89,16085197,309,170,2095,43,1058.22,Weekly,UPI,13,26.0,6,1622480,Dewasa (45-65)
cust_6209,51,Rural,Middle,642,18930.65,42908.01,4109.31,12153480,170,310,90,48,4087.0,Weekly,Credit Card,2,20.76,6,1224284,Dewasa (45-65)
cust_6210,28,Suburban,Low,130,4629.75,17228.17,554.85,601867,147,125,1668,34,2002.18,Monthly,Debit Card,1,13.99,5,70921,Dewasa Muda (25-45)
cust_6211,67,Suburban,High,394,3426.22,5513.11,1528.46,1349929,6,163,4791,35,2126.55,Weekly,Debit Card,3,61.56,7,154011,Senior (>65)
cust_6212,47,Suburban,High,151,11219.18,36367.44,3410.22,1694095,171,287,4005,4,1306.13,Daily,Wallet Balance,4,43.84,4,181166,Dewasa (45-65)
cust_6213,32,Rural,Low,655,11739.68,19672.55,5110.58,7689489,80,354,4049,32,1122.21,Daily,Debit Card,5,49.14,10,789685,Dewasa Muda (25-45)
cust_6214,56,Rural,Low,630,13248.38,21449.75,4263.23,8346478,292,250,2123,23,531.2,Monthly,Debit Card,8,35.95,6,846928,Dewasa (45-65)
cust_6215,51,Urban,Low,716,14832.4,60651.48,3344.59,10620000,224,228,3156,33,983.86,Monthly,Credit Card,9,54.07,1,1072120,Dewasa (45-65)
cust_6216,61,Suburban,Middle,384,12023.14,24841.02,1826.47,4616884,352,145,262,36,2833.73,Weekly,Credit Card,4,27.28,3,467395,Dewasa (45-65)
cust_6217,34,Urban,Low,747,2243.94,5616.76,616.78,1676225,295,113,4496,24,3533.04,Daily,UPI,17,32.34,7,184247,Dewasa Muda (25-45)
cust_6218,50,Urban,Middle,17,15805.26,61957.75,1748.37,268689,43,341,1257,50,3694.2,Daily,Debit Card,6,6.91,9,41535,Dewasa (45-65)
cust_6219,61,Suburban,Low,594,1599.55,2748.15,545.42,950131,245,346,215,36,1850.62,Weekly,Credit Card,9,23.7,1,99117,Dewasa (45-65)
cust_6220,55,Rural,Low,14,409.65,1280.97,111.04,5735,50,92,1197,24,4609.77,Monthly,Wallet Balance,10,8.49,4,7062,Dewasa (45-65)
cust_6221,43,Rural,Middle,81,15395.47,71916.52,2411.08,1247032,295,181,902,21,1643.64,Daily,Debit Card,16,35.2,7,134785,Dewasa Muda (25-45)
cust_6222,16,Urban,Middle,207,10971.66,35277.27,3424.19,2271134,130,128,1552,44,555.68,Daily,Debit Card,7,67.65,10,244339,Remaja (<25)
cust_6223,57,Urban,Low,204,13974.84,16705.29,5874.52,2850867,252,278,2934,4,4726.11,Weekly,Credit Card,6,58.58,9,297991,Dewasa (45-65)
cust_6224,33,Urban,Low,379,7661.12,25732.08,3753.34,2903564,165,169,1832,7,2703.39,Monthly,Wallet Balance,13,32.04,8,301368,Dewasa Muda (25-45)
cust_6225,63,Urban,Low,784,231.74,315.31,72.06,181683,101,259,2367,40,4856.88,Weekly,Credit Card,10,22.35,2,26473,Dewasa (45-65)
cust_6226,55,Suburban,High,544,6627.0,14105.55,1006.11,3605086,275,348,1874,46,1968.33,Daily,Wallet Balance,7,24.39,2,369872,Dewasa (45-65)
cust_6227,48,Urban,Low,23,12166.62,53517.33,5162.09,279832,69,63,2092,26,3786.97,Weekly,Wallet Balance,0,34.56,9,41873,Dewasa (45-65)
cust_6228,27,Urban,Middle,614,4521.8,4722.01,1710.67,2776387,44,322,3436,34,549.68,Weekly,Credit Card,5,18.24,2,289635,Dewasa Muda (25-45)
cust_6229,23,Rural,High,162,13759.21,17997.78,6626.28,2228991,150,302,4973,0,4270.4,Monthly,Debit Card,13,25.01,10,240709,Remaja (<25)
cust_6230,39,Rural,Middle,610,15890.08,38985.61,4990.84,9692946,135,212,903,19,853.5,Weekly,UPI,4,35.95,7,979573,Dewasa Muda (25-45)
cust_6231,31,Rural,High,144,9090.8,45432.02,2207.62,1309074,318,242,4442,6,343.4,Daily,Debit Card,15,60.72,10,150219,Dewasa Muda (25-45)
cust_6232,65,Suburban,High,930,17515.67,37964.43,8497.48,16289571,345,136,2859,44,488.77,Daily,Credit Card,12,7.77,9,1647830,Dewasa (45-65)
cust_6233,19,Suburban,Middle,104,17097.78,27853.97,5392.26,1778169,218,39,2374,2,2786.88,Monthly,Wallet Balance,15,29.74,8,189371,Remaja (<25)
cust_6234,53,Rural,High,382,17562.38,56159.02,1867.97,6708828,148,350,1141,41,1459.37,Weekly,Wallet Balance,13,14.52,5,681535,Dewasa (45-65)
cust_6235,59,Rural,Middle,455,13224.13,40690.91,3827.96,6016979,126,303,1103,49,4804.77,Monthly,Debit Card,1,46.23,2,608401,Dewasa (45-65)
cust_6236,42,Urban,Low,417,6102.73,17078.36,616.08,2544839,249,68,4696,47,4263.38,Weekly,UPI,17,41.52,6,272444,Dewasa Muda (25-45)
cust_6237,24,Urban,High,324,9630.21,46096.12,3804.73,3120189,54,57,4652,8,4016.54,Monthly,Credit Card,1,41.99,7,327114,Remaja (<25)
cust_6238,62,Suburban,Middle,171,14213.11,30140.28,4638.85,2430441,332,153,4851,46,4048.19,Weekly,Wallet Balance,2,38.83,10,265322,Dewasa (45-65)
cust_6239,31,Suburban,High,576,4219.17,9169.5,607.22,2430240,223,201,392,13,4453.39,Monthly,Credit Card,8,53.08,7,249881,Dewasa Muda (25-45)
cust_6240,27,Urban,Middle,756,14779.48,23071.18,6284.3,11173288,209,87,3359,18,4326.05,Weekly,Debit Card,17,11.94,5,1128683,Dewasa Muda (25-45)
cust_6241,46,Rural,Low,583,10966.29,41552.95,3449.72,6393347,144,318,1812,26,4641.04,Daily,Wallet Balance,19,14.19,10,653238,Dewasa (45-65)
cust_6242,39,Urban,Low,274,1929.39,4409.58,280.97,528652,313,39,3420,5,4671.83,Weekly,Wallet Balance,12,51.33,9,66869,Dewasa Muda (25-45)
cust_6243,29,Suburban,High,452,11150.15,46952.86,1828.67,5039869,320,248,4728,6,1491.61,Weekly,Wallet Balance,9,10.36,6,519297,Dewasa Muda (25-45)
cust_6244,60,Suburban,High,881,1344.86,6572.35,576.73,1184817,138,114,4630,36,1097.82,Weekly,Credit Card,1,52.62,10,140792,Dewasa (45-65)
cust_6245,40,Urban,Middle,125,296.0,347.73,71.69,37000,355,204,3783,25,3215.49,Monthly,UPI,20,12.67,9,21158,Dewasa Muda (25-45)
cust_6246,49,Urban,Middle,383,17793.66,88478.74,7623.49,6814970,225,206,525,12,616.66,Daily,Wallet Balance,18,71.4,8,691438,Dewasa (45-65)
cust_6247,18,Urban,High,317,9803.42,19767.79,1252.89,3107685,102,135,2518,36,1055.73,Monthly,Credit Card,8,4.2,10,328876,Remaja (<25)
cust_6248,39,Suburban,Middle,843,10870.36,29137.36,2147.37,9163713,99,351,4058,45,3864.78,Daily,Debit Card,7,56.13,9,936054,Dewasa Muda (25-45)
cust_6249,69,Rural,Middle,107,5605.96,23045.94,2275.08,599837,307,262,4852,32,3246.68,Monthly,Credit Card,12,17.47,1,72264,Senior (>65)
cust_6250,57,Urban,Middle,660,10859.47,39760.03,3873.36,7167248,283,123,290,32,3254.26,Weekly,Debit Card,5,23.98,2,720877,Dewasa (45-65)
cust_6251,24,Suburban,High,907,3385.69,13927.85,754.09,3070816,91,83,3703,40,4753.19,Weekly,Credit Card,8,65.74,8,324111,Remaja (<25)
cust_6252,41,Suburban,Low,463,14915.46,42737.68,7076.05,6905857,297,213,3605,8,3338.12,Monthly,Credit Card,13,22.77,6,702926,Dewasa Muda (25-45)
cust_6253,35,Suburban,Low,430,16468.75,76814.67,3037.27,7081562,204,275,1710,14,2154.04,Weekly,Debit Card,1,27.77,1,712899,Dewasa Muda (25-45)
cust_6254,55,Urban,Middle,704,17118.96,71210.81,7530.83,12051745,238,175,3167,4,1401.66,Monthly,Wallet Balance,6,13.94,10,1221207,Dewasa (45-65)
cust_6255,25,Urban,High,337,2141.99,4791.44,810.31,721849,97,275,492,28,1692.78,Monthly,UPI,11,6.48,1,76122,Remaja (<25)
cust_6256,34,Rural,Middle,738,11159.51,53497.81,1656.59,8235718,121,236,1438,6,1389.07,Daily,Debit Card,10,8.67,1,827353,Dewasa Muda (25-45)
cust_6257,18,Suburban,Low,754,16176.93,78364.56,5209.72,12197406,117,34,3752,30,174.94,Weekly,UPI,18,43.15,3,1233157,Remaja (<25)
cust_6258,39,Urban,Middle,496,2573.05,6844.86,1214.38,1276231,66,171,867,33,1307.87,Weekly,Debit Card,18,4.32,9,141003,Dewasa Muda (25-45)
cust_6259,20,Suburban,Low,972,1999.45,7213.71,694.93,1943468,131,141,3815,10,4176.85,Weekly,Credit Card,14,17.02,6,206888,Remaja (<25)
cust_6260,18,Suburban,High,362,16340.67,69596.13,5090.49,5915322,267,25,4557,41,3641.14,Monthly,Wallet Balance,19,28.94,2,604925,Remaja (<25)
cust_6261,42,Rural,Middle,796,15936.75,68037.23,3928.88,12685655,316,97,495,18,3109.19,Daily,Wallet Balance,12,8.7,8,1277800,Dewasa Muda (25-45)
cust_6262,31,Urban,High,432,8979.38,9486.66,3731.07,3879090,92,312,25,4,4511.03,Weekly,UPI,14,54.13,10,396103,Dewasa Muda (25-45)
cust_6263,64,Urban,Middle,675,2203.13,7746.31,1024.95,1487110,77,21,765,22,1320.63,Monthly,Debit Card,20,69.97,3,154780,Dewasa (45-65)
cust_6264,30,Suburban,Middle,520,10327.3,50550.05,4144.62,5370196,238,290,3026,46,2888.42,Weekly,Debit Card,4,64.54,1,547227,Dewasa Muda (25-45)
cust_6265,50,Suburban,Middle,859,7902.12,15214.64,3082.61,6787917,252,110,3449,1,156.63,Daily,Debit Card,0,68.71,10,695711,Dewasa (45-65)
cust_6266,27,Rural,Middle,406,10375.76,43395.96,1836.47,4212559,227,281,3430,42,4460.03,Monthly,Debit Card,15,39.69,6,436085,Dewasa Muda (25-45)
cust_6267,56,Rural,Middle,377,8803.51,27616.51,3817.15,3318921,360,82,2443,3,2238.68,Monthly,UPI,10,11.51,4,339958,Dewasa (45-65)
cust_6268,68,Rural,High,152,11374.6,21451.15,1322.62,1728939,320,107,3950,16,889.36,Monthly,UPI,14,48.34,6,187949,Senior (>65)
cust_6269,59,Rural,High,322,14545.32,17514.78,5860.96,4683594,141,267,1902,30,1196.58,Monthly,UPI,12,5.24,8,482565,Dewasa (45-65)
cust_6270,41,Rural,Low,607,15499.45,62612.92,2857.29,9408165,54,275,4945,29,4241.2,Daily,UPI,14,34.81,4,955485,Dewasa Muda (25-45)
cust_6271,62,Rural,Middle,214,12983.15,29418.29,3828.79,2778394,140,177,3329,1,544.03,Monthly,Debit Card,17,57.04,4,288325,Dewasa (45-65)
cust_6272,49,Suburban,Low,576,3986.82,9976.4,1507.39,2296409,146,286,333,23,4626.01,Monthly,UPI,14,61.7,6,236293,Dewasa (45-65)
cust_6273,38,Rural,High,65,7948.49,23375.9,3208.26,516651,274,109,1427,9,1867.31,Monthly,UPI,1,21.97,2,56485,Dewasa Muda (25-45)
cust_6274,46,Suburban,Low,893,1433.77,4342.57,652.7,1280355,145,38,1465,27,1255.43,Daily,Credit Card,8,16.76,3,136037,Dewasa (45-65)
cust_6275,65,Suburban,High,270,9038.96,16493.77,1925.63,2440518,167,271,2195,42,1659.29,Weekly,Credit Card,16,49.95,2,253812,Dewasa (45-65)
cust_6276,35,Urban,Middle,537,19407.08,71467.91,3682.07,10421604,86,331,3617,31,2044.92,Weekly,UPI,17,10.85,9,1060471,Dewasa Muda (25-45)
cust_6277,27,Suburban,Low,996,12838.2,48402.06,6399.82,12786844,141,216,571,32,2740.57,Daily,Credit Card,9,71.57,4,1285656,Dewasa Muda (25-45)
cust_6278,38,Suburban,Low,100,3100.7,4865.64,567.5,310070,45,316,801,17,2934.04,Daily,Credit Card,8,24.58,3,35842,Dewasa Muda (25-45)
cust_6279,19,Rural,Low,105,5378.87,16844.67,1969.7,564781,128,132,1188,23,2239.1,Monthly,Credit Card,19,54.21,2,62034,Remaja (<25)
cust_6280,38,Suburban,Low,131,1300.83,4470.99,625.83,170408,358,339,194,36,2231.82,Daily,Credit Card,19,52.52,1,20912,Dewasa Muda (25-45)
cust_6281,63,Rural,Middle,389,3656.45,6380.53,1676.93,1422360,117,221,4578,29,1426.5,Weekly,Wallet Balance,20,23.02,2,155578,Dewasa (45-65)
cust_6282,63,Rural,High,321,9761.95,44688.75,2707.04,3133587,147,270,126,4,1919.05,Weekly,Debit Card,19,28.42,4,317051,Dewasa (45-65)
cust_6283,16,Rural,High,438,6903.68,20236.78,2451.03,3023811,147,337,4320,22,2335.69,Weekly,Credit Card,8,60.76,4,316053,Remaja (<25)
cust_6284,69,Urban,Middle,19,4087.21,5967.79,1273.73,77656,21,264,2834,29,2987.94,Daily,Debit Card,3,17.18,7,21839,Senior (>65)
cust_6285,40,Rural,High,225,2940.5,6873.67,701.79,661613,24,77,3294,3,653.5,Daily,Debit Card,14,5.26,3,75722,Dewasa Muda (25-45)
cust_6286,17,Suburban,Low,618,13124.86,38165.02,2070.69,8111164,158,215,2611,40,3819.87,Monthly,Credit Card,19,11.46,7,825428,Remaja (<25)
cust_6287,45,Rural,Middle,566,11166.47,11619.56,4705.08,6320220,48,93,4651,50,3402.86,Monthly,Debit Card,9,49.57,4,648622,Dewasa Muda (25-45)
cust_6288,18,Rural,High,990,16854.38,19005.66,2295.17,16685836,110,139,1621,23,1493.84,Monthly,Wallet Balance,9,17.86,9,1682378,Remaja (<25)
cust_6289,36,Rural,Middle,460,3673.23,4488.98,1263.04,1689683,59,80,4250,2,2296.72,Monthly,Debit Card,15,41.27,7,183519,Dewasa Muda (25-45)
cust_6290,40,Urban,Middle,394,16961.23,53470.97,5728.62,6682724,17,50,4699,14,4734.64,Monthly,Debit Card,0,28.94,2,678703,Dewasa Muda (25-45)
cust_6291,35,Suburban,High,226,11562.44,27106.45,2704.8,2613112,304,236,3732,45,102.39,Daily,Debit Card,18,62.64,9,282224,Dewasa Muda (25-45)
cust_6292,64,Urban,High,912,5331.8,24379.22,821.97,4862603,55,343,3027,0,4056.76,Weekly,Credit Card,3,35.61,9,499285,Dewasa (45-65)
cust_6293,67,Suburban,Middle,360,5478.33,17732.99,2300.1,1972197,137,332,2396,9,2558.62,Monthly,Credit Card,7,10.91,2,203632,Senior (>65)
cust_6294,37,Urban,Middle,430,7813.7,31564.12,2225.11,3359892,77,294,2452,44,3094.06,Monthly,Wallet Balance,16,60.13,8,351746,Dewasa Muda (25-45)
cust_6295,36,Suburban,High,925,9207.94,34516.28,3592.1,8517347,270,152,809,25,3422.66,Weekly,Debit Card,2,6.87,7,861141,Dewasa Muda (25-45)
cust_6296,48,Urban,Middle,15,1659.28,5112.7,176.87,24889,180,95,224,11,2280.1,Weekly,Credit Card,2,59.81,1,3896,Dewasa (45-65)
cust_6297,67,Rural,High,560,16841.56,67010.59,2186.06,9431275,85,166,4399,0,959.3,Weekly,UPI,11,3.95,1,952445,Senior (>65)
cust_6298,53,Urban,Middle,651,2439.61,7755.08,415.56,1588183,300,321,3117,1,4547.95,Weekly,UPI,7,1.26,8,170878,Dewasa (45-65)
cust_6299,30,Urban,Middle,546,9674.36,24590.54,1407.96,5282201,139,90,219,10,3700.95,Daily,Credit Card,20,54.64,10,537807,Dewasa Muda (25-45)
cust_6300,61,Rural,Middle,932,7665.53,21028.24,1354.37,7144278,307,17,2125,11,2797.95,Weekly,UPI,4,40.77,5,723378,Dewasa (45-65)
cust_6301,67,Rural,High,414,10250.62,44631.25,3839.83,4243756,170,356,2025,27,2242.28,Monthly,Wallet Balance,14,16.27,9,439004,Senior (>65)
cust_6302,30,Suburban,Low,355,17750.78,57744.95,2108.77,6301525,242,229,3891,32,2496.66,Weekly,Credit Card,7,69.58,3,642886,Dewasa Muda (25-45)
cust_6303,61,Suburban,High,457,19781.88,49636.38,2277.81,9040317,64,283,277,41,4117.69,Monthly,Debit Card,12,46.23,3,909626,Dewasa (45-65)
cust_6304,40,Suburban,Middle,722,415.22,713.76,46.78,299792,240,345,528,2,62.52,Daily,Wallet Balance,5,17.94,8,39203,Dewasa Muda (25-45)
cust_6305,36,Urban,Low,531,7870.86,23466.42,2983.52,4179424,95,222,480,40,4326.67,Monthly,Credit Card,9,30.54,5,425739,Dewasa Muda (25-45)
cust_6306,39,Suburban,Low,999,16354.03,32865.34,5142.59,16337680,146,233,3173,48,233.76,Daily,Wallet Balance,0,65.84,1,1645797,Dewasa Muda (25-45)
cust_6307,20,Urban,Middle,196,6538.79,31532.14,1622.25,1281603,49,281,2841,18,3079.57,Monthly,Debit Card,8,15.44,9,143102,Remaja (<25)
cust_6308,21,Urban,High,838,12984.23,38484.34,4807.32,10880787,145,358,4774,17,1665.61,Daily,UPI,4,66.81,2,1100493,Remaja (<25)
cust_6309,64,Suburban,Low,115,19845.26,20555.58,6379.09,2282205,259,352,1982,36,3391.18,Weekly,Debit Card,11,16.39,7,241088,Dewasa (45-65)
cust_6310,58,Suburban,Low,417,12938.96,17745.89,1331.86,5395545,159,204,2776,27,427.71,Daily,Debit Card,12,2.67,8,555592,Dewasa (45-65)
cust_6311,63,Urban,High,352,2232.72,4771.98,972.17,785915,217,314,1714,30,2781.16,Weekly,UPI,5,20.06,4,87629,Dewasa (45-65)
cust_6312,59,Rural,High,976,16860.21,23075.75,4047.69,16455564,303,257,1181,6,4276.17,Daily,Wallet Balance,15,4.88,3,1649380,Dewasa (45-65)
cust_6313,62,Rural,Low,75,19333.48,88467.09,5023.31,1450011,17,277,4648,46,2473.19,Weekly,Credit Card,11,17.54,1,158660,Dewasa (45-65)
cust_6314,38,Urban,High,662,14253.04,62961.48,5885.31,9435514,81,257,2097,37,421.73,Daily,Credit Card,3,20.31,10,961234,Dewasa Muda (25-45)
cust_6315,19,Suburban,Low,36,8387.17,40958.3,1466.38,301938,184,159,1819,4,186.89,Monthly,Wallet Balance,2,30.58,7,41138,Remaja (<25)
cust_6316,42,Urban,Middle,242,18968.52,72570.95,1973.27,4590381,283,317,2803,18,3106.01,Monthly,Credit Card,1,21.07,7,471891,Dewasa Muda (25-45)
cust_6317,33,Urban,High,663,19371.75,69386.88,8979.49,12843473,71,259,2113,12,347.65,Monthly,Credit Card,9,51.53,9,1298599,Dewasa Muda (25-45)
cust_6318,36,Suburban,Low,63,18702.98,87791.55,5651.88,1178287,90,203,2673,38,356.44,Weekly,Debit Card,11,69.93,6,132796,Dewasa Muda (25-45)
cust_6319,43,Rural,High,666,8242.26,39443.94,1976.58,5489346,197,176,2986,27,2127.2,Monthly,Debit Card,3,4.37,4,560543,Dewasa Muda (25-45)
cust_6320,50,Urban,High,509,15796.26,71240.35,6754.77,8040294,130,82,415,1,1047.54,Monthly,Wallet Balance,14,37.43,1,805435,Dewasa (45-65)
cust_6321,37,Rural,Low,188,13087.05,58183.58,1446.35,2460364,80,25,3160,5,1020.98,Daily,UPI,13,19.58,6,258345,Dewasa Muda (25-45)
cust_6322,55,Rural,Middle,735,3602.34,13281.14,651.72,2647717,365,18,2569,14,2404.88,Monthly,UPI,12,33.85,2,272107,Dewasa (45-65)
cust_6323,38,Suburban,Low,93,10714.94,10783.77,1737.06,996489,203,284,3982,27,1404.01,Weekly,Debit Card,16,51.03,10,119610,Dewasa Muda (25-45)
cust_6324,18,Urban,High,5,14956.34,40652.36,5909.73,74781,231,260,2546,36,1096.33,Weekly,UPI,4,63.25,9,24622,Remaja (<25)
cust_6325,55,Urban,Low,438,17919.29,63481.78,4028.88,7848647,87,116,2448,24,2572.07,Daily,Credit Card,9,63.95,7,797874,Dewasa (45-65)
cust_6326,65,Rural,High,166,17253.34,55012.44,7059.42,2864054,227,149,3774,31,1454.42,Weekly,Debit Card,9,12.58,1,297326,Dewasa (45-65)
cust_6327,25,Rural,Low,446,3101.62,13288.93,361.62,1383324,6,326,2613,36,401.1,Weekly,UPI,16,40.95,4,150957,Remaja (<25)
cust_6328,40,Suburban,Middle,25,9765.78,41754.68,3352.07,244144,357,21,1686,35,3413.7,Daily,UPI,18,21.09,5,34579,Dewasa Muda (25-45)
cust_6329,67,Rural,Middle,508,9570.59,32489.55,2175.28,4861859,225,94,838,29,2928.04,Monthly,Credit Card,11,36.35,3,492297,Senior (>65)
cust_6330,64,Suburban,Middle,98,17975.75,19557.19,3141.59,1761623,146,148,931,44,1060.59,Daily,Debit Card,1,66.32,9,190894,Dewasa (45-65)
cust_6331,23,Urban,Middle,268,48.73,120.71,20.79,13058,55,126,2309,23,2911.23,Daily,UPI,2,5.31,9,15768,Remaja (<25)
cust_6332,26,Suburban,Low,662,14776.88,28301.67,3914.4,9782296,67,224,4545,17,4777.95,Monthly,UPI,14,43.19,9,995630,Dewasa Muda (25-45)
cust_6333,20,Rural,Middle,393,12376.64,29148.88,4067.61,4864021,185,121,4972,0,4782.39,Daily,UPI,12,26.54,2,495954,Remaja (<25)
cust_6334,60,Urban,Low,764,18432.21,63944.49,2087.14,14082211,147,128,2079,2,2659.71,Weekly,Wallet Balance,3,62.64,3,1414249,Dewasa (45-65)
cust_6335,68,Suburban,High,596,9143.78,11574.63,3809.75,5449691,74,287,3947,6,490.15,Daily,Credit Card,20,16.5,10,563218,Senior (>65)
cust_6336,52,Urban,High,285,13156.87,14327.41,2825.48,3749707,139,356,4164,32,2290.93,Monthly,Wallet Balance,13,24.64,7,392353,Dewasa (45-65)
cust_6337,60,Suburban,High,684,19455.21,53453.04,7341.67,13307365,224,153,82,20,134.92,Monthly,UPI,12,2.44,6,1338833,Dewasa (45-65)
cust_6338,53,Rural,Middle,733,14880.64,62116.17,6014.6,10907506,232,325,769,13,2076.01,Daily,Debit Card,6,31.53,8,1100550,Dewasa (45-65)
cust_6339,44,Rural,Middle,109,1357.01,1523.64,199.27,147913,183,200,810,46,4547.09,Monthly,Credit Card,13,45.96,1,19737,Dewasa Muda (25-45)
cust_6340,20,Urban,Middle,27,3359.0,14766.8,733.47,90692,96,273,470,47,2337.22,Daily,Debit Card,5,14.93,8,21540,Remaja (<25)
cust_6341,24,Urban,High,758,16430.81,41660.62,6397.76,12454552,342,148,3623,36,2752.44,Weekly,Credit Card,4,46.13,1,1255924,Remaja (<25)
cust_6342,63,Urban,High,55,6702.56,9872.48,1292.73,368640,248,301,3245,2,790.18,Weekly,Wallet Balance,12,53.87,6,49159,Dewasa (45-65)
cust_6343,17,Suburban,High,977,14121.3,46176.53,6203.06,13796513,132,221,2195,48,78.25,Monthly,Wallet Balance,5,14.66,8,1396802,Remaja (<25)
cust_6344,16,Rural,High,133,13999.48,67329.67,3146.93,1861930,13,228,121,36,4966.92,Monthly,UPI,16,54.62,10,197551,Remaja (<25)
cust_6345,55,Urban,Low,52,19874.07,63001.84,5185.78,1033451,70,306,1890,24,1691.29,Daily,Wallet Balance,7,67.23,7,115679,Dewasa (45-65)
cust_6346,66,Urban,Low,493,9402.76,35227.79,1315.42,4635558,349,179,2554,32,1396.75,Weekly,Wallet Balance,6,16.8,3,474165,Senior (>65)
cust_6347,45,Urban,Middle,765,14759.27,62958.39,2347.76,11290840,256,98,1933,12,2856.41,Monthly,Debit Card,13,10.58,7,1139721,Dewasa Muda (25-45)
cust_6348,26,Suburban,Middle,781,984.57,4132.6,206.93,768949,188,116,4784,49,3726.59,Weekly,UPI,2,24.67,3,92499,Dewasa Muda (25-45)
cust_6349,43,Urban,High,298,9257.19,11964.69,1106.82,2758643,89,123,1410,32,1257.04,Daily,Debit Card,17,14.54,3,284255,Dewasa Muda (25-45)
cust_6350,59,Urban,Low,399,3741.76,14832.28,663.09,1492963,319,285,4628,28,2620.62,Weekly,Wallet Balance,20,56.04,5,165042,Dewasa (45-65)
cust_6351,27,Suburban,Low,591,16813.03,80665.5,4431.53,9936497,316,195,316,18,1663.18,Daily,Wallet Balance,14,10.43,2,997250,Dewasa Muda (25-45)
cust_6352,54,Suburban,Middle,18,16799.77,63882.95,4233.29,302395,154,240,4244,25,2404.83,Monthly,UPI,14,2.6,1,41025,Dewasa (45-65)
cust_6353,41,Urban,Low,818,4734.92,20576.9,849.81,3873168,150,215,504,37,806.55,Monthly,UPI,18,25.98,4,395621,Dewasa Muda (25-45)
cust_6354,28,Urban,Middle,770,6372.52,18749.22,842.32,4906840,330,3,2825,8,2550.59,Monthly,Debit Card,18,56.72,4,499858,Dewasa Muda (25-45)
cust_6355,23,Suburban,High,855,14052.53,31987.46,3193.57,12014913,132,248,1882,45,236.74,Monthly,Wallet Balance,12,47.24,4,1213637,Remaja (<25)
cust_6356,69,Rural,High,619,14767.94,54714.57,5879.69,9141352,144,262,2542,29,4199.99,Daily,Credit Card,13,38.67,10,930019,Senior (>65)
cust_6357,43,Suburban,Middle,909,13156.06,39057.7,3999.96,11958854,247,168,3508,21,3138.3,Daily,Debit Card,18,33.51,10,1213432,Dewasa Muda (25-45)
cust_6358,45,Rural,High,964,19933.93,91320.41,9542.8,19216304,63,332,432,42,4707.45,Monthly,Credit Card,18,47.11,9,1933340,Dewasa Muda (25-45)
cust_6359,24,Urban,High,559,17374.98,85094.44,2709.71,9712612,170,261,591,3,2998.66,Monthly,Debit Card,16,35.94,3,974243,Remaja (<25)
cust_6360,54,Urban,Low,246,8347.01,35718.58,1526.89,2053363,302,3,2744,6,910.83,Weekly,Wallet Balance,11,56.02,6,216968,Dewasa (45-65)
cust_6361,46,Rural,Low,503,6546.26,32539.64,1388.59,3292771,236,260,600,17,2420.25,Daily,Wallet Balance,15,62.52,7,337966,Dewasa (45-65)
cust_6362,36,Suburban,Low,89,11941.03,28580.64,1256.21,1062751,289,216,3479,49,3323.48,Weekly,Debit Card,18,13.33,7,123471,Dewasa Muda (25-45)
cust_6363,62,Urban,Low,203,16354.55,74953.26,7806.88,3319973,123,261,3630,5,1871.12,Daily,Debit Card,20,17.47,5,343821,Dewasa (45-65)
cust_6364,49,Rural,Low,946,9512.12,22065.58,2645.75,8998461,270,57,2023,28,2763.25,Daily,Credit Card,12,37.47,2,907310,Dewasa (45-65)
cust_6365,46,Suburban,Middle,240,14756.48,21723.78,4318.63,3541554,8,355,3153,4,813.44,Monthly,Wallet Balance,9,62.47,2,362454,Dewasa (45-65)
cust_6366,67,Rural,Middle,490,393.01,1369.83,64.12,192574,218,170,2452,5,3885.62,Monthly,UPI,7,66.21,9,31718,Senior (>65)
cust_6367,40,Suburban,Low,780,18517.54,52218.63,8315.84,14443684,342,83,1147,33,4547.65,Weekly,Credit Card,16,9.93,1,1448688,Dewasa Muda (25-45)
cust_6368,27,Suburban,High,13,15478.96,72546.72,5836.39,201226,174,200,4359,33,1574.38,Monthly,UPI,12,22.52,1,32353,Dewasa Muda (25-45)
cust_6369,16,Suburban,High,649,7889.86,23423.22,2150.34,5120519,126,156,658,0,3966.66,Monthly,UPI,1,55.64,8,519384,Remaja (<25)
cust_6370,37,Suburban,Middle,315,7686.41,36207.05,3468.02,2421218,315,311,1114,17,459.73,Monthly,Debit Card,11,67.29,7,252819,Dewasa Muda (25-45)
cust_6371,55,Rural,Middle,685,2066.71,2716.76,955.2,1415694,316,279,995,26,1233.52,Daily,Debit Card,17,6.76,9,154542,Dewasa (45-65)
cust_6372,52,Rural,Middle,742,16324.91,70557.05,1955.6,12113085,49,135,2963,9,2309.35,Monthly,UPI,18,34.34,6,1222979,Dewasa (45-65)
cust_6373,62,Rural,High,198,15374.9,62060.14,2271.33,3044230,336,294,360,38,1932.04,Monthly,Credit Card,15,36.19,3,310977,Dewasa (45-65)
cust_6374,16,Rural,Middle,243,12608.69,48920.63,1400.21,3063912,236,205,3784,1,3098.13,Daily,Debit Card,19,1.61,2,314510,Remaja (<25)
cust_6375,16,Rural,High,507,2038.11,4933.35,678.06,1033324,349,365,2262,18,2814.92,Weekly,Wallet Balance,1,61.66,7,115248,Remaja (<25)
cust_6376,57,Suburban,Middle,43,5254.2,21726.34,983.47,225930,317,185,1708,26,436.36,Monthly,UPI,19,8.62,1,29390,Dewasa (45-65)
cust_6377,69,Urban,High,330,9183.7,26937.5,4022.2,3030621,256,85,4020,21,658.47,Monthly,Debit Card,5,60.46,8,320872,Senior (>65)
cust_6378,57,Urban,Middle,791,5326.78,20565.7,1525.41,4213482,116,293,4273,9,258.56,Daily,Credit Card,13,2.49,8,438664,Dewasa (45-65)
cust_6379,36,Rural,Middle,591,8685.14,27869.82,3778.76,5132916,279,138,1179,43,4763.03,Monthly,Debit Card,2,70.8,9,526568,Dewasa Muda (25-45)
cust_6380,30,Rural,High,429,4526.89,7377.74,1458.75,1942036,85,218,3641,26,3226.72,Monthly,UPI,20,38.27,9,211472,Dewasa Muda (25-45)
cust_6381,32,Urban,Middle,791,6998.51,8805.77,2928.65,5535824,120,106,1054,11,4277.92,Daily,UPI,18,22.22,9,563651,Dewasa Muda (25-45)
cust_6382,37,Suburban,Low,744,13049.41,32163.5,3245.94,9708764,50,57,4735,14,2706.32,Weekly,Debit Card,7,44.05,7,987393,Dewasa Muda (25-45)
cust_6383,53,Rural,High,613,17848.3,84443.07,8534.3,10941006,164,92,3898,49,969.19,Daily,Wallet Balance,7,21.15,3,1109312,Dewasa (45-65)
cust_6384,50,Suburban,Middle,162,7706.76,24036.93,2827.33,1248495,148,272,2275,0,3133.0,Monthly,Wallet Balance,5,8.65,10,137833,Dewasa (45-65)
cust_6385,60,Urban,High,656,13841.25,58254.6,4681.06,9079857,43,59,4211,37,2526.69,Weekly,Credit Card,9,18.9,6,924844,Dewasa (45-65)
cust_6386,31,Urban,Middle,959,2704.51,8935.21,651.63,2593628,136,259,4554,40,2040.96,Daily,Wallet Balance,10,60.7,6,277450,Dewasa Muda (25-45)
cust_6387,23,Rural,Low,621,10820.95,52282.74,5138.58,6719810,246,193,3595,23,1859.03,Monthly,Credit Card,16,18.54,2,682541,Remaja (<25)
cust_6388,62,Suburban,Middle,435,18434.87,45678.32,4333.92,8019167,218,117,321,5,3250.38,Monthly,Wallet Balance,10,30.17,4,805433,Dewasa (45-65)
cust_6389,32,Rural,Middle,233,568.44,698.16,246.9,132445,281,195,2919,28,3088.81,Weekly,Wallet Balance,18,40.01,2,22338,Dewasa Muda (25-45)
cust_6390,32,Urban,Low,111,5358.47,22091.23,1402.44,594790,234,158,2472,5,757.83,Weekly,UPI,12,62.77,3,67544,Dewasa Muda (25-45)
cust_6391,69,Suburban,High,928,2658.55,10160.5,1081.69,2467130,263,275,3937,37,4081.11,Monthly,Debit Card,2,1.77,7,263246,Senior (>65)
cust_6392,41,Rural,Middle,934,10667.1,33176.14,4957.55,9963069,115,353,4278,47,3180.46,Weekly,UPI,5,63.63,8,1015972,Dewasa Muda (25-45)
cust_6393,28,Rural,Middle,232,13596.05,31346.58,3891.77,3154284,342,275,3908,14,2679.04,Monthly,Credit Card,1,53.62,1,324304,Dewasa Muda (25-45)
cust_6394,32,Rural,Low,952,1165.01,2042.33,361.68,1109085,189,36,4612,7,3744.59,Weekly,Wallet Balance,0,28.46,8,126960,Dewasa Muda (25-45)
cust_6395,53,Urban,High,750,1414.99,4144.64,328.47,1061239,197,112,3062,28,768.33,Daily,Debit Card,15,71.44,8,122663,Dewasa (45-65)
cust_6396,32,Rural,High,709,17393.89,63745.22,2119.94,12332266,38,229,3723,1,4598.58,Daily,Credit Card,8,5.18,7,1245473,Dewasa Muda (25-45)
cust_6397,63,Suburban,Low,273,9130.1,30271.27,3295.9,2492517,12,197,4396,10,1352.94,Weekly,UPI,20,53.38,7,265367,Dewasa (45-65)
cust_6398,29,Rural,Low,598,9264.4,25476.76,1369.81,5540112,124,316,2715,8,1313.79,Weekly,Wallet Balance,0,52.11,3,562584,Dewasa Muda (25-45)
cust_6399,60,Urban,Middle,807,18892.16,59676.14,4564.79,15245974,44,290,2303,15,4074.51,Monthly,Wallet Balance,17,68.23,9,1537666,Dewasa (45-65)
cust_6400,21,Rural,Low,41,6410.99,9179.38,1537.34,262850,309,183,2727,23,1669.96,Monthly,Debit Card,16,59.53,3,36204,Remaja (<25)
cust_6401,50,Urban,Low,560,17941.5,67879.17,2877.84,10047241,14,254,3704,33,4153.54,Monthly,Credit Card,15,41.87,7,1020355,Dewasa (45-65)
cust_6402,61,Urban,Low,466,19485.35,76714.3,7144.97,9080174,348,239,2428,42,1640.05,Daily,Debit Card,5,17.5,8,924253,Dewasa (45-65)
cust_6403,29,Suburban,High,924,4841.47,5063.26,822.27,4473515,52,298,3379,23,2753.44,Daily,Debit Card,17,37.2,2,457032,Dewasa Muda (25-45)
cust_6404,62,Suburban,Low,77,10285.64,21415.5,4230.84,791994,245,42,4618,48,1154.22,Daily,Credit Card,13,8.29,4,96658,Dewasa (45-65)
cust_6405,23,Rural,Middle,690,10691.78,14631.35,2135.27,7377327,180,88,689,37,3657.6,Weekly,UPI,16,35.69,4,744981,Remaja (<25)
cust_6406,30,Urban,Middle,490,17324.7,86500.99,3723.34,8489103,302,176,2170,37,834.71,Daily,Credit Card,5,14.77,7,863532,Dewasa Muda (25-45)
cust_6407,69,Urban,Middle,769,6085.12,20527.38,1445.16,4679460,130,278,4574,24,4497.16,Weekly,Credit Card,10,67.36,6,483245,Senior (>65)
cust_6408,42,Suburban,Low,117,15962.87,45700.93,2571.63,1867655,100,343,4092,40,1858.24,Weekly,Debit Card,1,29.87,10,208020,Dewasa Muda (25-45)
cust_6409,28,Suburban,High,434,19420.44,55387.17,5315.49,8428469,284,297,4655,32,2357.87,Weekly,Debit Card,2,11.61,6,860178,Dewasa Muda (25-45)
cust_6410,64,Rural,Low,19,16808.33,81673.28,2220.89,319358,111,280,4563,43,120.11,Daily,Credit Card,7,2.69,6,51301,Dewasa (45-65)
cust_6411,46,Urban,Low,994,18183.71,66178.22,4924.99,18074611,288,307,2437,42,4878.95,Daily,Credit Card,8,24.46,9,1823095,Dewasa (45-65)
cust_6412,68,Suburban,Middle,571,14170.01,23729.63,3343.62,8091072,92,33,2800,16,4065.88,Weekly,UPI,9,5.11,4,818274,Senior (>65)
cust_6413,50,Rural,Low,196,18080.08,50491.06,4254.35,3543694,76,28,2303,6,2235.04,Daily,Wallet Balance,20,33.61,10,368457,Dewasa (45-65)
cust_6414,21,Urban,High,619,3305.36,13541.37,1204.04,2046020,205,209,212,26,4601.31,Weekly,Debit Card,12,4.34,2,207325,Remaja (<25)
cust_6415,20,Urban,Middle,451,14250.1,38381.24,5808.47,6426797,22,90,4994,35,4655.3,Weekly,Credit Card,11,60.16,2,655840,Remaja (<25)
cust_6416,37,Suburban,High,425,14640.23,32766.79,3548.78,6222097,170,82,1320,40,2665.26,Daily,UPI,9,34.06,9,636517,Dewasa Muda (25-45)
cust_6417,64,Rural,High,394,8789.23,43637.32,1800.09,3462955,157,248,2267,18,1169.25,Weekly,Debit Card,20,57.29,4,356044,Dewasa (45-65)
cust_6418,38,Suburban,High,284,1603.97,7606.91,477.57,455528,222,335,2587,14,2435.55,Daily,Wallet Balance,13,26.85,10,60909,Dewasa Muda (25-45)
cust_6419,40,Rural,Low,34,12452.65,59352.34,5168.94,423390,360,358,4518,5,1623.99,Daily,UPI,5,55.52,9,60063,Dewasa Muda (25-45)
cust_6420,49,Urban,Low,295,1047.1,1598.59,374.68,308893,68,191,1214,35,2239.93,Weekly,Wallet Balance,1,29.78,1,36697,Dewasa (45-65)
cust_6421,41,Rural,Low,251,7654.23,14826.4,881.77,1921210,161,278,128,4,4556.96,Monthly,Credit Card,14,48.67,2,192498,Dewasa Muda (25-45)
cust_6422,62,Rural,Low,638,7879.47,21812.48,2300.58,5027100,174,18,4256,44,1409.17,Daily,Debit Card,14,51.64,7,521917,Dewasa (45-65)
cust_6423,20,Rural,Middle,339,19978.46,86477.11,9917.03,6772698,38,213,1056,4,4194.83,Weekly,UPI,3,43.78,7,684684,Remaja (<25)
cust_6424,41,Rural,Low,618,6003.04,23695.87,1448.24,3709880,336,211,4106,1,4676.51,Monthly,Credit Card,10,4.92,1,377961,Dewasa Muda (25-45)
cust_6425,35,Rural,Middle,440,16410.87,72186.01,4534.11,7220784,26,2,2554,42,4025.26,Monthly,UPI,6,27.06,8,737373,Dewasa Muda (25-45)
cust_6426,21,Suburban,High,180,1072.9,5024.46,230.63,193122,254,94,3286,17,2636.27,Monthly,UPI,14,56.15,7,33266,Remaja (<25)
cust_6427,21,Rural,Middle,622,10600.02,43704.61,3170.23,6593213,299,345,1777,31,2819.89,Weekly,Credit Card,19,66.65,10,674565,Remaja (<25)
cust_6428,65,Rural,Low,228,10738.47,21982.5,1765.07,2448370,283,295,3867,46,4098.17,Weekly,Debit Card,18,47.89,2,257121,Dewasa (45-65)
cust_6429,33,Urban,Middle,633,12578.71,26940.86,2500.72,7962323,247,17,1781,48,222.5,Monthly,Credit Card,13,69.68,1,805483,Dewasa Muda (25-45)
cust_6430,19,Rural,Low,619,16202.0,39046.03,6232.82,10029040,11,239,1838,28,3679.65,Weekly,Debit Card,9,20.48,2,1009540,Remaja (<25)
cust_6431,32,Urban,Low,643,15240.85,33717.35,2367.13,9799865,238,16,1424,48,2644.34,Daily,UPI,5,10.68,7,993312,Dewasa Muda (25-45)
cust_6432,29,Suburban,Middle,23,15222.55,30390.24,7161.56,350118,107,155,4937,19,1985.69,Monthly,UPI,1,24.28,10,55793,Dewasa Muda (25-45)
cust_6433,29,Suburban,Middle,657,8651.56,34692.26,1930.89,5684072,334,177,2440,18,3834.64,Monthly,Credit Card,6,49.15,4,577169,Dewasa Muda (25-45)
cust_6434,28,Rural,High,327,14552.15,16530.73,4802.36,4758554,313,131,1106,15,1331.24,Monthly,UPI,20,28.73,6,484901,Dewasa Muda (25-45)
cust_6435,22,Suburban,High,154,9831.4,38475.93,2248.76,1514035,1,298,3002,10,4477.67,Monthly,UPI,2,47.8,5,161168,Remaja (<25)
cust_6436,59,Rural,High,619,1348.35,5790.18,392.66,834631,11,63,3405,27,3442.44,Weekly,Wallet Balance,7,50.84,8,99251,Dewasa (45-65)
cust_6437,30,Suburban,High,146,17804.73,22508.32,8217.25,2599491,158,285,812,21,3050.78,Monthly,Wallet Balance,17,44.59,7,269147,Dewasa Muda (25-45)
cust_6438,34,Rural,High,252,17804.36,22208.96,2268.83,4486699,88,130,3232,26,2615.6,Monthly,Wallet Balance,14,56.3,7,463426,Dewasa Muda (25-45)
cust_6439,58,Rural,Middle,302,6464.35,13845.69,2860.71,1952232,242,363,4202,16,1063.79,Monthly,Debit Card,10,17.55,9,213695,Dewasa (45-65)
cust_6440,62,Urban,High,70,18278.91,33509.4,5904.63,1279523,132,104,3051,7,3084.72,Monthly,Wallet Balance,9,8.79,4,137212,Dewasa (45-65)
cust_6441,59,Urban,Middle,543,15162.1,50406.93,5549.76,8233020,86,270,3877,7,3624.57,Daily,Credit Card,20,4.43,9,838943,Dewasa (45-65)
cust_6442,50,Urban,High,93,8022.02,29695.95,981.53,746047,110,268,2882,22,58.45,Monthly,Wallet Balance,16,70.3,3,85539,Dewasa (45-65)
cust_6443,32,Urban,Low,649,6636.8,23471.48,2684.98,4307281,328,280,359,31,1832.1,Weekly,Debit Card,17,51.97,3,436630,Dewasa Muda (25-45)
cust_6444,50,Rural,High,886,19503.1,47380.63,2947.14,17279748,111,28,2197,43,4162.32,Daily,Wallet Balance,0,17.93,5,1739587,Dewasa (45-65)
cust_6445,34,Suburban,Low,163,14255.41,42674.88,6927.11,2323632,208,217,98,14,3161.05,Daily,Credit Card,1,34.86,10,242378,Dewasa Muda (25-45)
cust_6446,35,Rural,Middle,81,7582.41,26993.11,3182.45,614175,289,357,2703,26,3076.35,Monthly,Wallet Balance,4,5.42,3,70885,Dewasa Muda (25-45)
cust_6447,51,Urban,High,828,12843.26,18978.55,3816.34,10634217,74,134,3742,3,1143.06,Weekly,Wallet Balance,9,48.2,9,1079634,Dewasa (45-65)
cust_6448,50,Urban,Middle,588,11434.81,21932.51,5370.55,6723667,322,286,811,39,3160.44,Daily,UPI,11,69.66,1,677308,Dewasa (45-65)
cust_6449,47,Suburban,High,63,10495.56,47880.56,1759.36,661219,249,34,2510,31,3930.75,Daily,Wallet Balance,12,51.11,6,78276,Dewasa (45-65)
cust_6450,63,Urban,Middle,612,12897.59,30558.33,6405.79,7893325,108,211,1920,46,2008.78,Weekly,Wallet Balance,15,45.2,7,803768,Dewasa (45-65)
cust_6451,59,Rural,High,436,10757.15,45229.79,4160.09,4690117,4,186,1875,36,910.46,Daily,UPI,2,66.48,1,476906,Dewasa (45-65)
cust_6452,55,Rural,High,48,13099.26,26250.38,1825.4,628764,215,331,4694,9,386.37,Monthly,Wallet Balance,3,37.38,5,77971,Dewasa (45-65)
cust_6453,39,Rural,Low,445,18152.3,21175.77,5711.38,8077771,179,181,1240,27,2528.48,Daily,Credit Card,15,53.9,9,820692,Dewasa Muda (25-45)
cust_6454,32,Rural,Middle,920,19865.37,59627.93,7635.26,18276137,155,272,2798,31,3419.29,Monthly,Credit Card,9,67.23,6,1840600,Dewasa Muda (25-45)
cust_6455,22,Rural,Middle,74,14188.64,64841.09,4898.05,1049959,289,185,3070,31,813.2,Weekly,Wallet Balance,13,46.93,4,117829,Remaja (<25)
cust_6456,58,Suburban,Middle,826,18557.14,79371.44,5002.63,15328195,225,27,684,50,2107.22,Weekly,Credit Card,20,38.35,4,1542133,Dewasa (45-65)
cust_6457,65,Rural,Middle,704,17169.62,34541.1,3421.17,12087413,105,112,2239,14,2843.22,Daily,UPI,18,42.21,5,1218197,Dewasa (45-65)
cust_6458,16,Urban,Middle,542,5907.8,27410.66,1153.74,3202026,84,305,898,5,779.29,Weekly,Wallet Balance,4,55.63,5,327108,Remaja (<25)
cust_6459,50,Urban,Low,157,18658.83,54462.58,8784.21,2929436,77,137,1687,8,1349.45,Monthly,Wallet Balance,18,4.68,6,302442,Dewasa (45-65)
cust_6460,47,Urban,High,487,1425.47,1704.86,276.39,694204,203,26,1831,37,3042.07,Monthly,Debit Card,10,24.3,3,78261,Dewasa (45-65)
cust_6461,51,Urban,Low,266,6605.14,7342.92,3203.24,1756966,339,262,2481,29,3625.12,Monthly,UPI,16,4.65,4,185746,Dewasa (45-65)
cust_6462,28,Suburban,Middle,256,12802.5,37645.17,2356.82,3277439,241,135,4425,40,3179.97,Daily,UPI,6,56.82,5,344003,Dewasa Muda (25-45)
cust_6463,21,Urban,Middle,39,10543.04,33582.65,2674.91,411178,288,269,2574,39,3568.17,Monthly,Wallet Balance,3,65.95,2,50381,Remaja (<25)
cust_6464,29,Suburban,High,55,10852.82,14321.95,1138.78,596905,195,177,20,15,2907.52,Monthly,Wallet Balance,14,29.36,10,69776,Dewasa Muda (25-45)
cust_6465,52,Urban,Low,28,15899.82,74553.65,7333.91,445194,205,10,4411,24,4179.16,Weekly,UPI,3,18.9,4,57651,Dewasa (45-65)
cust_6466,63,Suburban,High,914,3902.13,15112.42,553.09,3566543,214,299,3292,9,4133.68,Daily,Credit Card,15,3.88,7,369071,Dewasa (45-65)
cust_6467,30,Suburban,High,937,19641.69,82595.85,4771.59,18404263,19,110,617,29,3981.24,Weekly,UPI,18,1.49,4,1846569,Dewasa Muda (25-45)
cust_6468,62,Suburban,Low,118,8754.79,29206.79,3825.91,1033065,159,112,4840,8,2877.29,Monthly,Debit Card,1,39.72,8,120347,Dewasa (45-65)
cust_6469,19,Urban,High,370,18997.37,69419.73,7917.33,7029025,212,101,1088,39,4970.65,Monthly,Credit Card,10,24.67,1,707493,Remaja (<25)
cust_6470,55,Suburban,Low,209,7668.49,19565.69,3348.06,1602713,53,274,148,45,195.56,Weekly,UPI,18,69.45,9,173969,Dewasa (45-65)
cust_6471,31,Rural,Low,587,12039.72,44753.89,5606.21,7067313,88,267,4377,6,978.27,Weekly,Wallet Balance,13,59.04,5,720596,Dewasa Muda (25-45)
cust_6472,43,Rural,Middle,577,9011.73,44272.19,4185.3,5199766,160,266,112,42,4044.39,Weekly,UPI,11,33.01,2,524378,Dewasa Muda (25-45)
cust_6473,31,Urban,High,849,13521.94,48555.46,5519.65,11480130,9,156,1069,47,4131.46,Monthly,Wallet Balance,18,15.1,6,1158785,Dewasa Muda (25-45)
cust_6474,19,Rural,Middle,868,3680.66,8710.41,1225.55,3194811,179,213,2493,48,4093.76,Weekly,UPI,9,28.18,4,331220,Remaja (<25)
cust_6475,60,Rural,High,612,8018.56,17167.4,2602.98,4907361,83,309,1093,39,4363.57,Daily,Wallet Balance,7,6.09,8,502640,Dewasa (45-65)
cust_6476,41,Rural,High,558,1376.94,6682.81,144.81,768331,151,54,2229,11,2113.04,Daily,UPI,16,45.21,8,89334,Dewasa Muda (25-45)
cust_6477,43,Urban,Middle,316,11966.05,20821.03,4655.13,3781270,25,153,3971,16,4659.17,Weekly,Credit Card,7,62.42,10,395339,Dewasa Muda (25-45)
cust_6478,47,Urban,Middle,393,19254.01,81344.07,3671.17,7566824,225,262,980,24,1045.85,Daily,Wallet Balance,8,31.91,7,767519,Dewasa (45-65)
cust_6479,60,Rural,Middle,941,927.67,2654.11,400.27,872938,194,362,2357,46,4684.74,Daily,Credit Card,13,35.11,3,97265,Dewasa (45-65)
cust_6480,17,Urban,Low,444,13196.0,36619.43,4242.8,5859025,118,289,3280,6,2783.39,Daily,Credit Card,14,67.59,10,601670,Remaja (<25)
cust_6481,46,Suburban,High,668,15504.21,61864.13,7673.02,10356811,323,325,4438,18,819.42,Weekly,Credit Card,15,22.98,4,1049947,Dewasa (45-65)
cust_6482,18,Rural,Low,752,4270.04,6798.56,786.15,3211068,248,226,3051,16,3680.39,Daily,Credit Card,7,8.22,3,329968,Remaja (<25)
cust_6483,69,Urban,High,865,5468.76,15668.99,2129.46,4730473,78,96,4093,31,1479.4,Daily,UPI,2,5.9,1,484593,Senior (>65)
cust_6484,23,Urban,High,259,4039.61,4618.62,1288.69,1046257,152,174,2595,22,1102.29,Monthly,Credit Card,1,55.54,7,118464,Remaja (<25)
cust_6485,39,Rural,Low,947,5955.28,21925.12,2815.2,5639648,56,344,1971,44,860.38,Weekly,Wallet Balance,0,16.5,10,581876,Dewasa Muda (25-45)
cust_6486,30,Urban,Low,648,2210.55,2726.73,456.25,1432436,306,205,4485,31,147.03,Monthly,Wallet Balance,7,71.93,8,163240,Dewasa Muda (25-45)
cust_6487,58,Rural,High,882,7413.25,10001.63,917.58,6538489,357,55,2981,25,3823.27,Monthly,UPI,5,69.38,8,668399,Dewasa (45-65)
cust_6488,46,Urban,Middle,198,7384.89,32340.71,2345.05,1462209,259,235,4384,7,2432.52,Weekly,Debit Card,10,61.62,8,162472,Dewasa (45-65)
cust_6489,24,Suburban,Middle,699,16147.28,44757.36,4983.78,11286946,23,198,4662,21,4893.66,Daily,Debit Card,2,36.78,1,1138671,Remaja (<25)
cust_6490,54,Rural,Middle,628,16021.16,28900.61,3599.68,10061286,162,226,2582,45,2196.36,Monthly,Wallet Balance,13,37.05,1,1015694,Dewasa (45-65)
cust_6491,60,Suburban,Middle,445,15936.5,53711.4,7882.43,7091742,265,307,3964,7,4216.75,Daily,UPI,4,67.18,10,725693,Dewasa (45-65)
cust_6492,17,Rural,High,570,11345.05,34910.22,1450.86,6466677,82,281,4084,45,4840.47,Daily,UPI,20,22.11,5,661915,Remaja (<25)
cust_6493,23,Urban,Middle,582,6524.35,17248.0,2138.74,3797174,59,105,4860,4,112.31,Daily,Credit Card,19,35.56,10,399781,Remaja (<25)
cust_6494,22,Suburban,Middle,605,8225.18,38014.06,1678.65,4976234,66,279,4651,11,526.59,Weekly,Credit Card,12,29.58,3,510762,Remaja (<25)
cust_6495,59,Urban,Middle,741,6361.69,25432.98,641.03,4714014,115,178,1123,26,1739.32,Monthly,Wallet Balance,20,26.46,1,476377,Dewasa (45-65)
cust_6496,66,Rural,High,908,11642.74,18702.56,5764.78,10571606,291,302,1051,19,4350.58,Monthly,Debit Card,4,64.32,2,1060987,Senior (>65)
cust_6497,54,Rural,Low,649,18760.2,61591.6,5490.08,12175371,242,205,4671,10,4189.75,Weekly,Debit Card,4,52.43,8,1233784,Dewasa (45-65)
cust_6498,57,Rural,Middle,617,5697.09,7719.42,2523.11,3515104,334,220,815,35,1833.68,Daily,UPI,9,68.06,5,360723,Dewasa (45-65)
cust_6499,31,Rural,High,305,9182.45,18168.54,4003.79,2800646,109,141,978,1,999.52,Daily,Debit Card,12,6.12,4,285620,Dewasa Muda (25-45)
cust_6500,50,Rural,High,339,13105.79,60803.53,5568.8,4442861,304,145,2858,9,4011.6,Daily,UPI,9,59.74,2,450896,Dewasa (45-65)
cust_6501,45,Suburban,Middle,529,16895.45,48123.65,4791.67,8937693,309,14,682,41,2984.57,Weekly,UPI,7,24.29,8,905741,Dewasa Muda (25-45)
cust_6502,25,Rural,Low,54,5074.15,23180.85,2325.84,274003,331,158,3655,6,158.0,Monthly,Debit Card,1,42.96,6,41231,Remaja (<25)
cust_6503,53,Urban,Low,112,5613.0,9340.0,1385.9,628655,32,105,2602,11,4021.08,Monthly,UPI,1,50.96,8,75159,Dewasa (45-65)
cust_6504,33,Suburban,Low,684,17704.46,32246.32,4662.55,12109849,213,230,780,15,4784.8,Weekly,UPI,18,11.05,1,1212652,Dewasa Muda (25-45)
cust_6505,65,Urban,High,928,1614.36,3892.7,326.56,1498125,88,289,4599,30,210.43,Monthly,UPI,9,54.14,3,164905,Dewasa (45-65)
cust_6506,20,Rural,Middle,419,12112.9,29861.96,3382.33,5075304,62,120,1442,26,1429.37,Monthly,Wallet Balance,14,25.19,1,513299,Remaja (<25)
cust_6507,68,Urban,Middle,974,17210.5,68516.89,8512.32,16763030,3,182,4500,31,4097.32,Weekly,UPI,15,20.78,4,1690354,Senior (>65)
cust_6508,44,Suburban,High,305,18435.64,62637.7,6070.79,5622869,262,185,2759,41,2923.25,Monthly,Wallet Balance,9,34.48,5,575443,Dewasa Muda (25-45)
cust_6509,54,Suburban,Middle,438,263.62,847.0,114.0,115464,112,217,2201,39,4946.78,Daily,Credit Card,9,56.59,6,23375,Dewasa (45-65)
cust_6510,49,Suburban,Middle,656,7399.62,25229.03,1519.42,4854152,12,31,2261,26,4577.52,Daily,Debit Card,19,30.04,6,496248,Dewasa (45-65)
cust_6511,58,Urban,Low,85,5152.72,20243.84,2485.51,437981,53,279,3633,24,891.36,Weekly,Debit Card,18,39.71,7,60018,Dewasa (45-65)
cust_6512,60,Suburban,Middle,524,11364.97,51952.31,1196.38,5955245,148,225,3120,39,3370.14,Daily,UPI,3,17.93,6,609979,Dewasa (45-65)
cust_6513,38,Urban,Middle,252,12660.92,33664.87,5977.19,3190551,134,310,2545,4,3266.43,Daily,Debit Card,1,23.57,3,325911,Dewasa Muda (25-45)
cust_6514,20,Rural,High,728,19995.49,84215.09,9181.96,14556718,84,175,4041,3,554.29,Daily,Debit Card,8,67.84,2,1465776,Remaja (<25)
cust_6515,45,Rural,High,126,10260.12,30579.14,1302.45,1292775,184,177,1370,43,447.59,Monthly,Credit Card,10,66.25,8,144093,Dewasa Muda (25-45)
cust_6516,21,Urban,Low,610,11033.82,42902.96,3772.89,6730631,169,84,2389,42,2847.22,Monthly,Credit Card,2,64.02,6,686617,Remaja (<25)
cust_6517,61,Suburban,High,904,8292.13,37308.73,3433.75,7496082,49,56,2828,14,2014.87,Daily,Wallet Balance,6,28.58,1,756656,Dewasa (45-65)
cust_6518,59,Urban,Low,405,2962.07,3343.76,774.65,1199637,108,92,1462,12,2727.23,Daily,Credit Card,5,3.08,10,132724,Dewasa (45-65)
cust_6519,19,Urban,Low,304,6073.46,19353.19,830.5,1846331,193,8,553,32,1194.14,Weekly,Credit Card,0,66.25,10,198342,Remaja (<25)
cust_6520,44,Urban,Middle,904,4947.23,24526.0,2136.02,4472294,340,150,2572,4,2783.32,Daily,Credit Card,11,29.45,9,460381,Dewasa Muda (25-45)
cust_6521,38,Rural,Low,28,16026.38,47837.11,4593.15,448738,214,62,715,5,1916.98,Weekly,UPI,17,58.05,2,47845,Dewasa Muda (25-45)
cust_6522,21,Urban,Middle,848,10920.87,48676.66,2242.06,9260897,360,54,4295,44,4437.69,Daily,Wallet Balance,8,37.61,10,946860,Remaja (<25)
cust_6523,47,Rural,Low,266,5930.91,10341.13,761.19,1577622,95,163,3389,24,1530.43,Monthly,Debit Card,4,64.43,5,171175,Dewasa (45-65)
cust_6524,57,Urban,High,52,9786.97,33443.52,3484.83,508922,31,119,3742,24,4354.17,Weekly,Credit Card,12,9.3,2,60599,Dewasa (45-65)
cust_6525,33,Rural,High,655,4385.11,19650.66,512.71,2872246,156,108,4044,9,1949.96,Daily,Wallet Balance,17,59.91,9,304237,Dewasa Muda (25-45)
cust_6526,30,Urban,High,644,3710.69,10115.84,1545.27,2389685,12,344,3163,11,2890.83,Weekly,Wallet Balance,14,62.59,9,253949,Dewasa Muda (25-45)
cust_6527,55,Urban,Low,858,17200.25,50687.2,7022.87,14757810,272,271,3651,2,1431.89,Daily,Credit Card,14,21.6,3,1485567,Dewasa (45-65)
cust_6528,47,Suburban,Low,511,18896.77,25096.26,4330.71,9656248,225,114,3135,28,4045.44,Monthly,Debit Card,5,45.39,2,974672,Dewasa (45-65)
cust_6529,24,Suburban,Middle,207,1609.49,1880.99,465.01,333164,163,237,2833,28,4218.23,Weekly,UPI,6,4.91,8,47673,Remaja (<25)
cust_6530,52,Urban,Middle,996,15300.01,43984.96,5625.63,15238805,44,261,3495,42,4045.25,Weekly,Wallet Balance,12,23.25,9,1542047,Dewasa (45-65)
cust_6531,25,Urban,Middle,992,9071.7,39678.71,4387.52,8999124,324,17,1337,23,3199.18,Monthly,Debit Card,11,27.46,2,905286,Remaja (<25)
cust_6532,35,Urban,Middle,574,7785.54,36789.0,2398.42,4468901,226,92,2421,23,1523.92,Daily,Credit Card,9,7.73,9,462270,Dewasa Muda (25-45)
cust_6533,21,Urban,Low,875,13791.33,50126.14,6877.35,12067415,253,117,4131,24,3182.44,Monthly,Wallet Balance,0,31.77,3,1218812,Remaja (<25)
cust_6534,63,Suburban,Low,511,5332.41,22959.2,1226.68,2724862,233,358,3011,46,4797.56,Monthly,UPI,10,47.0,1,281709,Dewasa (45-65)
cust_6535,18,Rural,Middle,998,421.42,1660.14,130.89,420575,259,219,2659,48,3241.93,Weekly,Wallet Balance,15,47.09,6,56554,Remaja (<25)
cust_6536,57,Urban,Low,644,4287.92,16319.57,627.09,2761418,287,149,1164,36,4781.97,Daily,Wallet Balance,0,34.37,2,281678,Dewasa (45-65)
cust_6537,26,Suburban,Low,553,3706.65,15108.81,1195.68,2049778,180,357,2735,4,1522.9,Weekly,Wallet Balance,17,9.76,1,211086,Dewasa Muda (25-45)
cust_6538,58,Urban,Low,201,690.65,2086.59,217.23,138820,223,51,4813,10,4230.01,Weekly,UPI,10,6.59,4,26393,Dewasa (45-65)
cust_6539,32,Urban,Low,611,6433.1,18216.93,2827.51,3930621,116,54,4713,39,3592.34,Weekly,UPI,8,59.39,9,413591,Dewasa Muda (25-45)
cust_6540,47,Rural,Middle,823,9495.63,15540.29,4734.71,7814899,5,139,4718,42,4096.02,Weekly,Debit Card,13,40.73,8,801077,Dewasa (45-65)
cust_6541,19,Urban,Middle,284,14719.22,64400.41,7278.23,4180257,261,158,178,21,3553.81,Monthly,Debit Card,10,54.24,3,421704,Remaja (<25)
cust_6542,19,Urban,Low,357,6519.97,7683.49,1268.27,2327629,66,346,1037,14,2401.81,Daily,Wallet Balance,0,3.35,8,243036,Remaja (<25)
cust_6543,32,Rural,High,47,3898.86,8069.77,917.71,183246,15,237,3834,8,3432.87,Monthly,Debit Card,10,32.35,6,31076,Dewasa Muda (25-45)
cust_6544,56,Rural,Middle,137,4620.09,14228.33,969.58,632952,149,113,4778,49,4660.45,Weekly,Credit Card,8,65.17,5,80420,Dewasa (45-65)
cust_6545,34,Rural,Middle,130,17824.63,87098.14,3206.15,2317201,101,292,4805,5,2087.71,Weekly,UPI,1,51.27,1,241786,Dewasa Muda (25-45)
cust_6546,20,Rural,High,195,4102.36,16999.74,656.6,799960,267,346,2557,25,4758.73,Weekly,Credit Card,9,55.41,9,94230,Remaja (<25)
cust_6547,47,Suburban,Middle,629,17586.02,43519.86,5358.42,11061607,218,234,1839,5,247.0,Monthly,UPI,2,34.45,2,1112215,Dewasa (45-65)
cust_6548,37,Suburban,High,364,8947.51,34499.75,4017.43,3256893,42,120,3568,31,70.86,Monthly,UPI,12,53.9,9,344889,Dewasa Muda (25-45)
cust_6549,21,Suburban,High,432,18688.66,88312.87,6278.4,8073503,66,91,4423,42,2469.01,Daily,UPI,10,48.72,5,824161,Remaja (<25)
cust_6550,50,Urban,Low,69,8167.76,25773.65,3667.86,563575,350,210,4812,19,4242.56,Daily,UPI,17,10.49,3,68760,Dewasa (45-65)
cust_6551,37,Rural,Middle,458,3561.88,10143.39,1723.23,1631341,317,228,3986,34,1239.18,Weekly,UPI,13,7.47,10,183886,Dewasa Muda (25-45)
cust_6552,16,Rural,High,540,10985.11,35283.87,2782.05,5931958,316,98,3176,42,3467.12,Monthly,UPI,4,13.54,7,609014,Remaja (<25)
cust_6553,35,Suburban,Low,335,11758.25,26410.45,5106.22,3939015,120,316,3313,2,2734.52,Monthly,Wallet Balance,7,6.65,1,400360,Dewasa Muda (25-45)
cust_6554,37,Urban,Middle,526,12713.43,58855.5,1537.49,6687264,245,90,491,17,1453.98,Weekly,UPI,9,42.04,5,675681,Dewasa Muda (25-45)
cust_6555,63,Urban,Low,558,8235.82,34500.9,2408.39,4595587,287,278,4896,34,1428.97,Weekly,Debit Card,5,69.53,5,477036,Dewasa (45-65)
cust_6556,26,Urban,Low,983,981.54,3751.39,242.75,964854,48,24,4210,9,366.38,Weekly,Wallet Balance,14,55.92,7,112622,Dewasa Muda (25-45)
cust_6557,28,Suburban,High,909,12538.13,42082.59,2281.2,11397161,288,75,309,35,2681.07,Weekly,Debit Card,7,53.91,8,1150493,Dewasa Muda (25-45)
cust_6558,57,Urban,Middle,16,18661.27,91027.81,5138.51,298580,313,316,2598,29,2250.7,Monthly,Credit Card,3,59.94,8,44828,Dewasa (45-65)
cust_6559,18,Urban,Low,990,19151.6,41957.76,5314.2,18960081,255,149,1701,25,1447.12,Weekly,UPI,8,64.98,1,1902186,Remaja (<25)
cust_6560,24,Urban,High,936,11941.74,25466.24,5056.32,11177467,351,336,805,29,4852.16,Daily,Credit Card,4,22.58,4,1123830,Remaja (<25)
cust_6561,27,Rural,High,456,407.54,802.27,182.4,185838,155,164,4019,30,4092.37,Weekly,Debit Card,18,7.4,6,33575,Dewasa Muda (25-45)
cust_6562,38,Suburban,Low,510,2129.71,8448.78,772.62,1086151,338,7,4207,3,2624.75,Weekly,Wallet Balance,16,54.35,10,126016,Dewasa Muda (25-45)
cust_6563,29,Rural,Low,209,16681.47,69881.06,5894.49,3486427,261,53,1892,23,2608.52,Weekly,Credit Card,1,31.31,2,355422,Dewasa Muda (25-45)
cust_6564,48,Rural,High,158,16596.59,56236.83,2391.12,2622261,17,156,1326,0,968.06,Daily,Credit Card,12,68.12,7,271394,Dewasa (45-65)
cust_6565,33,Suburban,Low,337,18920.85,68265.2,6245.86,6376327,203,280,1917,25,3245.64,Monthly,UPI,16,67.28,9,651343,Dewasa Muda (25-45)
cust_6566,64,Rural,Low,739,11279.85,27024.75,2366.26,8335809,166,309,2624,48,4768.18,Daily,Credit Card,13,70.16,10,851244,Dewasa (45-65)
cust_6567,56,Urban,Middle,961,17277.69,20025.36,3764.9,16603857,48,269,4410,28,4491.45,Daily,Credit Card,10,56.01,5,1674760,Dewasa (45-65)
cust_6568,24,Urban,High,241,16499.49,33238.94,2275.44,3976377,229,334,2241,37,423.86,Monthly,Credit Card,6,44.51,5,410607,Remaja (<25)
cust_6569,38,Urban,Low,58,11792.52,39354.16,4178.65,683966,213,95,1973,35,265.49,Daily,Debit Card,1,55.45,5,80709,Dewasa Muda (25-45)
cust_6570,25,Urban,High,984,15674.91,66645.52,5227.95,15424116,216,328,4040,8,4806.23,Monthly,UPI,2,20.54,9,1557888,Remaja (<25)
cust_6571,34,Suburban,Middle,816,2522.95,10366.26,474.59,2058730,305,1,3978,41,999.53,Weekly,UPI,10,1.16,5,222429,Dewasa Muda (25-45)
cust_6572,62,Rural,High,305,12787.66,21968.56,2624.22,3900237,169,360,1315,31,2752.07,Monthly,UPI,2,33.73,4,398377,Dewasa (45-65)
cust_6573,20,Rural,High,345,19069.48,22993.7,7803.24,6578972,22,115,3429,36,373.55,Daily,Wallet Balance,0,46.42,8,676168,Remaja (<25)
cust_6574,62,Urban,High,642,3247.53,14296.41,1354.78,2084914,275,337,2572,39,4216.49,Weekly,UPI,18,60.56,4,219427,Dewasa (45-65)
cust_6575,67,Urban,Middle,729,14883.41,19383.52,4423.85,10850008,113,41,610,17,589.32,Daily,Debit Card,13,4.61,8,1095626,Senior (>65)
cust_6576,38,Rural,Middle,14,6422.51,16526.69,1025.04,89915,357,187,2867,23,3218.79,Weekly,UPI,16,4.25,7,22416,Dewasa Muda (25-45)
cust_6577,45,Suburban,High,359,16343.91,22503.97,1997.83,5867462,203,269,1489,39,283.14,Daily,Credit Card,18,67.51,8,601482,Dewasa Muda (25-45)
cust_6578,40,Rural,High,377,13947.25,45414.95,2909.22,5258111,33,27,203,17,783.36,Weekly,Debit Card,18,15.29,2,529525,Dewasa Muda (25-45)
cust_6579,43,Urban,Middle,243,18524.22,45446.32,7270.28,4501386,89,123,3389,38,2560.71,Weekly,Credit Card,20,49.87,4,463436,Dewasa Muda (25-45)
cust_6580,49,Urban,Low,993,14241.59,25776.91,4846.79,14141897,134,40,1399,7,228.43,Daily,Debit Card,18,11.43,3,1420573,Dewasa (45-65)
cust_6581,60,Suburban,Middle,145,8212.11,27762.44,3180.08,1190755,11,219,2267,38,978.06,Daily,UPI,18,64.98,7,133920,Dewasa (45-65)
cust_6582,63,Rural,High,891,227.74,558.78,65.75,202917,27,254,1372,50,680.86,Weekly,Wallet Balance,0,54.11,9,36695,Dewasa (45-65)
cust_6583,62,Suburban,Low,415,15860.41,26441.73,6374.02,6582069,31,186,1256,10,202.88,Daily,UPI,10,4.87,6,667617,Dewasa (45-65)
cust_6584,40,Suburban,Low,394,8175.21,31068.64,2389.8,3221034,91,76,2347,42,4854.98,Daily,Debit Card,0,20.33,4,332569,Dewasa Muda (25-45)
cust_6585,25,Urban,Low,838,13415.98,58322.37,1792.45,11242587,169,52,3203,34,2250.83,Weekly,UPI,6,69.86,10,1142939,Remaja (<25)
cust_6586,29,Rural,Middle,615,2110.28,4420.97,278.44,1297821,47,205,1694,23,4294.68,Monthly,Debit Card,7,61.08,4,137322,Dewasa Muda (25-45)
cust_6587,57,Urban,Middle,729,17820.46,31109.19,7709.15,12991117,79,336,2682,12,1791.11,Weekly,UPI,6,4.38,3,1307780,Dewasa (45-65)
cust_6588,61,Rural,Middle,358,8718.8,11343.22,3067.71,3121330,2,290,2992,30,212.96,Monthly,Debit Card,14,22.82,6,327010,Dewasa (45-65)
cust_6589,45,Urban,Middle,933,18394.64,57236.91,3893.24,17162197,20,304,233,29,3478.27,Daily,Wallet Balance,15,24.35,3,1720846,Dewasa Muda (25-45)
cust_6590,56,Urban,High,576,14143.28,61172.15,5697.91,8146528,106,337,2137,28,193.77,Monthly,UPI,7,35.06,5,826629,Dewasa (45-65)
cust_6591,40,Rural,Low,158,2438.03,4883.76,376.17,385208,295,167,3575,41,2763.91,Daily,UPI,9,20.59,5,53388,Dewasa Muda (25-45)
cust_6592,29,Rural,High,674,11588.14,32939.88,4149.68,7810406,330,263,2806,5,695.56,Weekly,Debit Card,3,59.89,5,791804,Dewasa Muda (25-45)
cust_6593,50,Urban,Middle,18,18199.59,29905.82,9023.25,327592,90,262,1927,2,3354.08,Weekly,Credit Card,12,34.43,7,42136,Dewasa (45-65)
cust_6594,67,Rural,Middle,728,16001.41,41872.55,2560.35,11649027,138,226,4850,27,4463.52,Weekly,UPI,3,1.89,5,1180070,Senior (>65)
cust_6595,63,Urban,High,831,8365.43,8882.25,1311.51,6951670,168,309,1957,9,4778.82,Daily,Wallet Balance,18,28.66,1,698591,Dewasa (45-65)
cust_6596,49,Rural,Low,561,19101.74,88687.77,5484.75,10716074,141,1,1493,33,2638.88,Daily,Debit Card,5,43.1,7,1083574,Dewasa (45-65)
cust_6597,25,Urban,Low,568,5378.84,19935.52,1920.59,3055179,213,29,931,0,2663.52,Daily,UPI,15,47.81,7,313048,Remaja (<25)
cust_6598,50,Urban,Middle,347,7508.4,17504.0,830.57,2605415,300,92,47,11,191.4,Weekly,UPI,6,7.84,10,271639,Dewasa (45-65)
cust_6599,26,Urban,Middle,58,14996.79,67857.35,4497.06,869813,32,103,2270,35,3849.38,Daily,Credit Card,12,36.31,3,96096,Dewasa Muda (25-45)
cust_6600,26,Suburban,Middle,155,4665.76,8079.79,621.8,723193,30,123,2760,31,4781.04,Monthly,Wallet Balance,2,31.56,6,84548,Dewasa Muda (25-45)
cust_6601,36,Rural,Middle,567,10312.34,13560.05,2026.68,5847094,309,102,4561,10,2191.17,Weekly,Debit Card,20,13.49,5,598735,Dewasa Muda (25-45)
cust_6602,36,Urban,Low,487,14578.5,69546.52,5612.12,7099727,332,354,2064,0,3968.46,Daily,Credit Card,17,13.8,1,713116,Dewasa Muda (25-45)
cust_6603,37,Suburban,High,853,12882.92,28807.07,5095.79,10989127,44,213,678,47,3987.28,Daily,UPI,16,70.09,7,1109975,Dewasa Muda (25-45)
cust_6604,60,Urban,Low,531,3115.84,14781.24,1221.08,1654513,35,177,3945,5,3928.5,Monthly,Debit Card,2,30.36,4,175877,Dewasa (45-65)
cust_6605,22,Suburban,High,487,12596.91,44724.72,1587.95,6134695,45,315,1590,26,3793.4,Weekly,Credit Card,19,46.46,2,619352,Remaja (<25)
cust_6606,32,Urban,Middle,151,11458.48,56377.71,4751.89,1730231,138,45,2518,14,1075.48,Monthly,Wallet Balance,3,15.64,2,180921,Dewasa Muda (25-45)
cust_6607,17,Urban,Middle,359,11161.32,44798.37,3045.73,4006913,47,279,828,9,3757.12,Daily,Wallet Balance,10,68.91,8,409368,Remaja (<25)
cust_6608,27,Suburban,High,368,16522.68,23494.19,4793.62,6080347,185,288,1566,23,721.98,Daily,Wallet Balance,17,68.22,3,616105,Dewasa Muda (25-45)
cust_6609,57,Suburban,Middle,620,3686.08,16251.62,987.41,2285370,18,328,1567,7,3562.52,Monthly,Debit Card,18,57.34,6,236589,Dewasa (45-65)
cust_6610,33,Rural,Low,47,15033.8,23926.51,6657.1,706588,185,331,3334,16,17.69,Weekly,UPI,7,31.97,8,86918,Dewasa Muda (25-45)
cust_6611,69,Rural,Middle,207,15220.91,57364.42,5662.0,3150728,72,309,205,23,4594.13,Daily,UPI,12,30.48,7,322485,Senior (>65)
cust_6612,26,Suburban,Middle,875,14455.68,43390.61,4336.85,12648722,123,276,1805,12,4136.94,Monthly,Credit Card,17,64.18,3,1270613,Dewasa Muda (25-45)
cust_6613,31,Rural,Middle,450,10124.31,38785.21,4391.06,4555937,171,313,479,8,3414.82,Weekly,UPI,0,62.68,9,464644,Dewasa Muda (25-45)
cust_6614,64,Suburban,Middle,483,7916.82,32141.96,3342.05,3823823,77,66,2120,5,472.34,Daily,Wallet Balance,19,66.65,2,388886,Dewasa (45-65)
cust_6615,66,Rural,Low,947,7899.6,33294.12,805.9,7480917,9,46,1461,28,4124.94,Monthly,Wallet Balance,16,20.4,8,759751,Senior (>65)
cust_6616,33,Urban,High,852,14678.84,63704.98,4279.64,12506368,201,30,2629,22,4375.87,Monthly,Wallet Balance,2,48.01,7,1262906,Dewasa Muda (25-45)
cust_6617,50,Rural,Middle,924,9962.96,43726.39,1164.65,9205770,243,197,2766,21,3439.94,Weekly,Debit Card,6,48.69,10,936489,Dewasa (45-65)
cust_6618,68,Urban,Middle,640,6775.29,17956.54,1510.04,4336185,69,263,1437,20,4879.43,Daily,UPI,5,26.56,2,438052,Senior (>65)
cust_6619,41,Urban,Low,697,12513.14,57021.28,5274.73,8721657,239,95,1942,16,464.4,Weekly,Wallet Balance,14,7.71,5,882417,Dewasa Muda (25-45)
cust_6620,31,Rural,Low,570,16741.86,64930.29,7996.26,9542857,317,43,3742,33,3543.25,Weekly,Credit Card,6,8.41,5,968298,Dewasa Muda (25-45)
cust_6621,21,Suburban,Low,143,1239.56,5399.38,243.98,177257,11,250,2805,25,2623.98,Daily,UPI,6,60.85,10,34523,Remaja (<25)
cust_6622,59,Urban,Middle,400,19443.02,96374.48,2110.93,7777207,320,335,2827,49,728.03,Daily,Credit Card,11,25.26,2,789910,Dewasa (45-65)
cust_6623,58,Urban,High,97,1942.07,2846.42,506.75,188381,38,36,770,24,3292.07,Weekly,Credit Card,8,64.22,8,29132,Dewasa (45-65)
cust_6624,62,Rural,Low,47,10239.65,25418.06,2396.56,481263,10,129,66,47,3997.64,Weekly,Wallet Balance,8,21.33,2,52959,Dewasa (45-65)
cust_6625,62,Suburban,Low,191,11208.59,47369.6,4155.99,2140840,16,7,1445,37,823.74,Daily,Wallet Balance,10,15.39,7,227262,Dewasa (45-65)
cust_6626,63,Suburban,Low,140,2772.83,3730.05,826.37,388196,325,44,2901,2,3967.45,Monthly,Wallet Balance,9,28.89,6,48837,Dewasa (45-65)
cust_6627,57,Rural,High,615,18312.72,57925.41,4752.86,11262322,243,61,2418,2,464.85,Monthly,Credit Card,9,52.4,7,1138035,Dewasa (45-65)
cust_6628,27,Suburban,Middle,231,9434.63,41829.28,1809.77,2179398,247,26,363,13,2957.0,Daily,Credit Card,14,45.03,9,227487,Dewasa Muda (25-45)
cust_6629,28,Rural,Middle,939,2870.98,3089.07,1238.52,2695849,42,363,4495,41,3992.35,Monthly,Wallet Balance,15,11.66,5,285678,Dewasa Muda (25-45)
cust_6630,19,Rural,Middle,340,14235.13,67731.83,2837.85,4839944,234,363,2897,9,729.78,Monthly,Debit Card,7,70.66,7,497323,Remaja (<25)
cust_6631,54,Rural,Low,925,13271.45,65197.06,1617.71,12276093,44,121,259,1,2857.6,Weekly,Credit Card,12,70.47,4,1230798,Dewasa (45-65)
cust_6632,69,Urban,Middle,491,19257.68,44083.22,6275.0,9455522,164,158,3859,6,2124.39,Weekly,Wallet Balance,8,20.3,4,956808,Senior (>65)
cust_6633,17,Urban,Low,49,8835.91,35937.11,2005.22,432959,150,257,1068,13,3036.38,Weekly,Wallet Balance,13,38.64,10,55213,Remaja (<25)
cust_6634,41,Urban,High,899,5363.24,8091.55,2064.71,4821554,280,63,3934,48,2121.11,Monthly,Debit Card,19,17.16,9,502762,Dewasa Muda (25-45)
cust_6635,42,Rural,High,624,1209.28,4947.72,160.05,754590,204,271,4993,16,1254.56,Weekly,Wallet Balance,17,71.45,7,93417,Dewasa Muda (25-45)
cust_6636,42,Urban,Middle,453,14665.1,42911.35,7134.91,6643289,231,311,1310,9,1269.05,Monthly,Wallet Balance,1,25.73,8,675214,Dewasa Muda (25-45)
cust_6637,30,Urban,Low,316,12349.38,54844.74,2157.97,3902404,291,313,1442,34,4323.5,Monthly,Debit Card,8,65.04,9,403362,Dewasa Muda (25-45)
cust_6638,23,Urban,Low,322,19452.49,35995.39,4723.51,6263701,306,117,1328,48,782.27,Weekly,Debit Card,9,31.46,7,640435,Remaja (<25)
cust_6639,22,Rural,Middle,87,14246.18,52577.4,4165.33,1239417,339,276,228,44,615.57,Daily,UPI,19,51.85,5,133489,Remaja (<25)
cust_6640,62,Rural,High,894,18663.9,77352.09,8511.61,16685524,334,345,4845,26,485.4,Monthly,Credit Card,10,65.28,4,1684599,Dewasa (45-65)
cust_6641,61,Rural,High,474,19831.66,35894.69,7714.84,9400206,296,178,1209,47,370.77,Monthly,Credit Card,9,45.11,4,950953,Dewasa (45-65)
cust_6642,55,Urban,High,282,8574.34,36639.43,1354.16,2417963,22,117,1970,2,72.46,Daily,UPI,18,17.39,7,252900,Dewasa (45-65)
cust_6643,27,Suburban,High,839,3014.4,14565.39,830.3,2529079,175,164,4221,46,802.03,Weekly,Credit Card,0,57.63,1,266548,Dewasa Muda (25-45)
cust_6644,28,Urban,High,764,3925.06,13597.63,1244.89,2998743,242,243,4227,24,963.64,Monthly,UPI,13,65.53,1,311246,Dewasa Muda (25-45)
cust_6645,58,Urban,Middle,74,6374.32,26385.87,2427.66,471699,331,165,3232,6,1348.62,Daily,Credit Card,8,7.33,8,61559,Dewasa (45-65)
cust_6646,32,Rural,Middle,453,10182.83,31875.66,3347.36,4612820,66,174,1725,12,620.2,Daily,Wallet Balance,4,27.51,6,471621,Dewasa Muda (25-45)
cust_6647,32,Rural,Middle,47,2457.18,8335.76,695.22,115487,94,119,1616,38,470.78,Daily,Debit Card,11,71.48,1,19345,Dewasa Muda (25-45)
cust_6648,51,Urban,High,588,6041.34,6364.01,2454.11,3552308,213,237,1897,42,2707.38,Weekly,Debit Card,19,47.28,5,366871,Dewasa (45-65)
cust_6649,36,Urban,High,96,6162.8,19087.11,1548.24,591628,241,155,4441,45,3593.43,Daily,Debit Card,17,13.37,8,78748,Dewasa Muda (25-45)
cust_6650,23,Suburban,Middle,938,91.67,302.73,45.37,85988,110,147,1962,24,3150.94,Weekly,Credit Card,16,60.86,1,14347,Remaja (<25)
cust_6651,20,Suburban,Middle,31,7089.83,26091.93,3396.83,219784,47,83,2131,42,2783.53,Daily,Wallet Balance,19,34.45,10,39048,Remaja (<25)
cust_6652,41,Rural,High,534,2331.88,3911.88,893.0,1245225,360,272,2482,28,2202.82,Monthly,Debit Card,7,62.19,8,139185,Dewasa Muda (25-45)
cust_6653,31,Suburban,Low,17,8599.93,16903.14,3896.15,146198,156,310,1450,18,3169.9,Monthly,UPI,0,55.21,3,20734,Dewasa Muda (25-45)
cust_6654,51,Suburban,Middle,212,3938.77,15849.68,1013.33,835019,80,213,4280,38,4509.33,Daily,Credit Card,3,52.27,10,103607,Dewasa (45-65)
cust_6655,43,Rural,High,660,16444.06,27470.72,5469.1,10853082,45,225,1255,21,3137.09,Monthly,Credit Card,11,20.19,10,1098349,Dewasa Muda (25-45)
cust_6656,69,Suburban,High,235,1619.7,4315.05,338.62,380629,357,234,400,1,304.31,Weekly,Wallet Balance,15,40.65,3,41810,Senior (>65)
cust_6657,44,Urban,Middle,392,17314.55,34663.06,7865.23,6787304,195,351,1747,21,2852.09,Daily,Credit Card,4,61.73,4,686898,Dewasa Muda (25-45)
cust_6658,62,Suburban,Low,354,11614.73,36943.39,3349.8,4111613,237,162,1982,34,2621.07,Monthly,Debit Card,17,61.65,8,425214,Dewasa (45-65)
cust_6659,27,Rural,High,305,9178.23,45409.13,2886.16,2799359,211,79,1975,33,2260.12,Daily,Debit Card,17,13.11,10,296055,Dewasa Muda (25-45)
cust_6660,52,Urban,Middle,599,10999.35,48486.8,4903.81,6588609,268,179,3653,4,2843.98,Monthly,UPI,18,29.48,8,673145,Dewasa (45-65)
cust_6661,45,Suburban,High,550,7528.42,15643.29,3153.74,4140631,83,292,3464,26,3363.09,Weekly,UPI,12,33.65,2,423909,Dewasa Muda (25-45)
cust_6662,38,Urban,High,565,2560.96,6336.97,585.69,1446943,113,127,2414,17,186.3,Daily,Credit Card,0,35.14,2,153129,Dewasa Muda (25-45)
cust_6663,31,Urban,High,540,15319.94,71613.57,2067.75,8272766,267,181,3182,47,2401.0,Monthly,UPI,7,33.51,5,842140,Dewasa Muda (25-45)
cust_6664,29,Suburban,High,589,18558.95,85244.61,3059.21,10931223,131,90,2308,2,4086.14,Daily,Credit Card,0,7.81,1,1096895,Dewasa Muda (25-45)
cust_6665,25,Suburban,Low,925,19001.85,31203.17,4477.56,17576712,317,94,1087,46,2653.89,Monthly,Debit Card,19,65.15,8,1771118,Remaja (<25)
cust_6666,22,Rural,Middle,509,13417.52,57924.58,2980.25,6829519,56,89,3874,20,339.29,Daily,Wallet Balance,6,56.48,9,701530,Remaja (<25)
cust_6667,60,Rural,Middle,712,8212.85,17989.68,947.14,5847545,238,268,2547,23,3875.35,Weekly,Debit Card,18,31.62,4,594210,Dewasa (45-65)
cust_6668,67,Urban,Middle,395,9572.42,30394.46,2611.6,3781104,26,249,3160,25,4706.66,Weekly,Credit Card,2,68.54,8,392577,Senior (>65)
cust_6669,52,Rural,Middle,431,13142.74,13410.77,1870.74,5664522,342,181,1392,19,4259.22,Monthly,Debit Card,20,39.44,2,571006,Dewasa (45-65)
cust_6670,44,Urban,Middle,685,16463.22,82223.26,3100.94,11277305,245,61,1515,12,1812.84,Weekly,Debit Card,17,5.11,7,1138054,Dewasa Muda (25-45)
cust_6671,18,Urban,Low,786,7497.6,30323.18,3111.45,5893111,209,147,2693,5,2674.12,Weekly,Wallet Balance,20,32.46,5,598860,Remaja (<25)
cust_6672,30,Rural,High,562,18336.46,36066.57,5463.38,10305088,290,119,2903,25,2956.56,Weekly,Debit Card,17,15.65,10,1047336,Dewasa Muda (25-45)
cust_6673,51,Rural,High,857,6492.2,24249.53,1617.73,5563815,183,184,3958,47,3578.99,Daily,Credit Card,20,71.87,3,570208,Dewasa (45-65)
cust_6674,62,Rural,Middle,177,10621.89,23083.8,1850.06,1880073,207,265,4500,42,3330.34,Daily,UPI,5,9.8,3,202542,Dewasa (45-65)
cust_6675,61,Suburban,High,406,19227.62,26107.71,8585.36,7806414,204,281,4463,29,995.36,Monthly,Wallet Balance,19,22.74,1,792969,Dewasa (45-65)
cust_6676,67,Urban,High,301,18764.6,50687.67,8659.41,5648143,208,54,220,13,4215.19,Weekly,Credit Card,13,49.16,1,565446,Senior (>65)
cust_6677,34,Urban,High,445,13917.94,48084.76,4279.37,6193485,72,112,3012,46,4245.91,Weekly,Credit Card,6,16.86,8,635849,Dewasa Muda (25-45)
cust_6678,28,Urban,Middle,739,6497.96,8831.44,3044.36,4801991,312,175,1270,36,2021.76,Monthly,Debit Card,10,8.97,10,495328,Dewasa Muda (25-45)
cust_6679,57,Rural,Middle,127,4388.51,13488.64,1254.74,557340,339,297,4268,37,654.57,Monthly,Wallet Balance,20,28.4,5,72642,Dewasa (45-65)
cust_6680,36,Rural,Low,349,1612.07,4932.05,230.36,562610,147,179,4218,29,3042.83,Daily,Wallet Balance,4,64.58,8,74075,Dewasa Muda (25-45)
cust_6681,52,Rural,Middle,21,14176.0,49822.71,1514.22,297696,204,50,1752,14,1786.3,Weekly,Debit Card,12,41.98,4,37780,Dewasa (45-65)
cust_6682,42,Rural,Low,711,10073.98,19932.2,1524.71,7162599,349,117,635,18,3706.95,Weekly,UPI,12,53.95,7,724476,Dewasa Muda (25-45)
cust_6683,67,Rural,Middle,701,11450.03,12395.41,3996.78,8026471,133,27,2863,10,1578.29,Weekly,Wallet Balance,0,21.24,10,818584,Senior (>65)
cust_6684,44,Suburban,High,844,9453.12,21736.79,2158.73,7978432,282,311,2737,19,1315.0,Daily,Credit Card,1,64.4,5,809559,Dewasa Muda (25-45)
cust_6685,35,Rural,Low,420,9664.1,25071.81,3472.54,4058921,78,191,2696,24,4338.55,Daily,UPI,17,40.81,4,415514,Dewasa Muda (25-45)
cust_6686,40,Urban,Low,152,11429.76,40495.23,3465.39,1737323,97,363,4089,37,3079.1,Daily,Wallet Balance,3,26.13,5,189070,Dewasa Muda (25-45)
cust_6687,21,Rural,Low,160,18286.1,86322.95,4264.41,2925775,163,163,1499,42,429.96,Weekly,UPI,13,47.51,4,303560,Remaja (<25)
cust_6688,51,Urban,Middle,859,597.03,1082.74,111.93,512850,331,6,3261,29,3446.81,Monthly,Credit Card,4,29.89,3,61983,Dewasa (45-65)
cust_6689,17,Rural,Low,480,16034.72,60119.53,2123.28,7696665,196,191,500,39,3763.67,Daily,UPI,15,20.68,8,780684,Remaja (<25)
cust_6690,37,Rural,Middle,443,7816.42,10861.73,3227.84,3462674,116,18,1656,22,1176.02,Weekly,Wallet Balance,19,55.44,6,357191,Dewasa Muda (25-45)
cust_6691,47,Urban,Low,96,14901.04,26262.88,6371.71,1430499,161,159,3358,43,4838.28,Daily,Wallet Balance,2,8.65,1,152646,Dewasa (45-65)
cust_6692,31,Urban,Middle,352,18971.04,57606.29,6005.86,6677806,255,308,1896,16,1864.29,Monthly,Credit Card,19,48.14,10,682240,Dewasa Muda (25-45)
cust_6693,33,Urban,Low,986,6132.68,23509.68,998.63,6046819,70,144,2108,0,4702.87,Weekly,Credit Card,13,38.3,6,612546,Dewasa Muda (25-45)
cust_6694,20,Urban,High,75,1800.2,7982.57,369.78,135014,202,195,1161,41,1468.08,Daily,UPI,4,37.46,8,27189,Remaja (<25)
cust_6695,69,Suburban,High,878,4653.65,18501.1,2243.33,4085900,36,230,125,13,3045.98,Weekly,UPI,11,25.32,4,412617,Senior (>65)
cust_6696,51,Urban,Low,594,4449.64,4722.89,847.11,2643083,305,190,3775,38,2587.85,Monthly,Credit Card,12,20.53,2,276364,Dewasa (45-65)
cust_6697,45,Rural,Middle,640,14839.57,55436.56,1821.14,9497324,218,337,4287,17,4960.79,Monthly,Wallet Balance,15,50.01,4,961526,Dewasa Muda (25-45)
cust_6698,60,Rural,Middle,359,1246.55,5358.44,398.92,447509,309,180,1969,40,2041.78,Monthly,Debit Card,15,58.57,9,60668,Dewasa (45-65)
cust_6699,34,Suburban,Middle,133,1028.16,3189.5,210.53,136745,197,133,3285,15,896.45,Monthly,Debit Card,18,28.42,7,28296,Dewasa Muda (25-45)
cust_6700,38,Urban,High,400,13875.24,67466.87,6701.38,5550094,336,208,2240,9,4166.04,Weekly,Wallet Balance,3,11.24,10,568306,Dewasa Muda (25-45)
cust_6701,49,Rural,High,139,11138.83,11330.97,3674.78,1548296,327,145,588,43,210.22,Daily,Wallet Balance,12,2.53,7,167200,Dewasa (45-65)
cust_6702,28,Suburban,High,246,8361.17,35740.94,4066.26,2056848,192,159,3094,8,4424.78,Monthly,Credit Card,17,42.16,2,212460,Dewasa Muda (25-45)
cust_6703,58,Rural,Middle,291,11511.61,26928.88,4768.46,3349879,277,272,742,13,552.95,Weekly,Debit Card,12,18.75,3,340495,Dewasa (45-65)
cust_6704,69,Suburban,Middle,112,14707.61,52973.84,5724.7,1647251,291,21,3227,1,2860.06,Monthly,Wallet Balance,11,30.32,7,176849,Senior (>65)
cust_6705,44,Suburban,Middle,715,2078.39,7843.7,898.17,1486050,86,169,1116,41,3567.08,Monthly,Wallet Balance,18,40.57,5,158153,Dewasa Muda (25-45)
cust_6706,51,Urban,Low,170,11070.2,24631.14,3785.5,1881933,22,295,825,20,1681.62,Weekly,Wallet Balance,16,52.37,8,199002,Dewasa (45-65)
cust_6707,37,Suburban,Low,599,16490.09,82148.66,1722.37,9877565,134,293,1703,41,4223.71,Weekly,UPI,9,31.07,7,1000150,Dewasa Muda (25-45)
cust_6708,67,Rural,Low,631,7254.96,10251.26,1864.42,4577879,161,309,2656,1,2968.52,Weekly,Wallet Balance,6,50.88,4,465715,Senior (>65)
cust_6709,67,Rural,High,610,15262.73,24849.5,2863.4,9310265,295,330,1153,5,1975.78,Monthly,UPI,20,65.86,4,936844,Senior (>65)
cust_6710,62,Urban,High,240,16909.96,77257.68,4628.68,4058391,43,288,2272,10,1626.82,Monthly,Debit Card,13,20.69,8,418569,Dewasa (45-65)
cust_6711,51,Urban,Middle,337,16420.37,24248.29,4732.68,5533666,41,281,3943,40,560.04,Daily,Wallet Balance,6,50.48,9,573972,Dewasa (45-65)
cust_6712,24,Suburban,Low,138,13010.62,32853.71,1966.33,1795466,291,64,2395,2,3201.82,Monthly,Wallet Balance,20,22.58,8,190935,Remaja (<25)
cust_6713,54,Urban,Middle,594,14349.72,56431.25,1569.47,8523731,280,359,1134,50,1820.21,Daily,Debit Card,0,5.83,5,863731,Dewasa (45-65)
cust_6714,66,Rural,Low,236,15755.63,65637.43,2446.54,3718327,183,229,1505,10,1602.8,Monthly,Credit Card,13,6.88,1,376041,Senior (>65)
cust_6715,34,Rural,Low,648,14676.85,70722.99,6501.42,9510598,252,102,2244,3,4749.74,Daily,Wallet Balance,2,50.87,6,959472,Dewasa Muda (25-45)
cust_6716,53,Urban,Middle,794,9039.09,37587.19,3636.8,7177034,360,294,2238,14,1363.99,Daily,Wallet Balance,8,11.6,3,725897,Dewasa (45-65)
cust_6717,21,Urban,Middle,3,3190.83,13969.86,1338.73,9572,40,247,3135,25,4382.83,Daily,UPI,10,71.75,4,11535,Remaja (<25)
cust_6718,67,Urban,Low,571,6201.51,29751.79,1305.56,3541064,87,92,4589,43,4874.48,Weekly,Debit Card,14,39.6,10,375147,Senior (>65)
cust_6719,62,Suburban,Low,116,4152.86,13350.41,807.48,481731,225,335,168,35,4113.7,Weekly,Wallet Balance,4,23.19,1,50952,Dewasa (45-65)
cust_6720,30,Suburban,High,472,7235.27,17174.6,831.69,3415046,285,136,176,14,97.59,Daily,Debit Card,18,43.97,5,348207,Dewasa Muda (25-45)
cust_6721,35,Rural,Middle,131,9791.73,39621.76,2828.9,1282716,138,1,1168,48,4343.12,Weekly,Debit Card,3,7.4,8,141236,Dewasa Muda (25-45)
cust_6722,24,Suburban,Middle,934,19181.34,31729.13,4852.18,17915374,335,315,586,49,1067.08,Monthly,Wallet Balance,19,4.75,2,1799075,Remaja (<25)
cust_6723,47,Suburban,Middle,898,19189.66,24427.03,8335.11,17232315,138,291,54,21,1766.39,Weekly,Debit Card,12,39.13,6,1730556,Dewasa (45-65)
cust_6724,19,Suburban,Middle,483,15394.07,63751.84,5738.1,7435337,64,246,2734,36,4957.92,Weekly,Wallet Balance,5,13.73,10,760122,Remaja (<25)
cust_6725,65,Suburban,Low,401,19603.0,94147.06,3091.68,7860804,117,240,3745,9,2024.89,Monthly,UPI,6,6.15,8,801458,Dewasa (45-65)
cust_6726,33,Rural,High,201,19960.34,55285.9,9877.61,4012027,98,272,135,19,3274.17,Monthly,Credit Card,15,45.58,8,409735,Dewasa Muda (25-45)
cust_6727,20,Urban,Middle,292,17706.28,29118.58,7228.7,5170234,146,142,537,31,1553.6,Daily,UPI,7,32.87,7,527420,Remaja (<25)
cust_6728,35,Rural,Low,342,1599.28,4778.77,620.67,546952,85,5,2209,8,1847.14,Weekly,Credit Card,8,36.29,9,67989,Dewasa Muda (25-45)
cust_6729,38,Suburban,Low,991,8526.62,21941.31,1591.46,8449882,51,336,2207,49,2988.13,Monthly,Debit Card,8,55.27,7,859808,Dewasa Muda (25-45)
cust_6730,26,Urban,Low,610,10687.06,26609.66,4938.09,6519105,95,277,2565,30,4741.43,Monthly,Debit Card,18,49.85,10,667669,Dewasa Muda (25-45)
cust_6731,52,Urban,Low,216,2490.41,8747.13,721.14,537928,278,314,1728,43,1412.28,Weekly,Credit Card,18,58.19,6,66842,Dewasa (45-65)
cust_6732,37,Urban,Low,636,16174.53,27479.6,3543.23,10286998,9,57,4410,39,1236.83,Weekly,Debit Card,20,7.28,6,1046801,Dewasa Muda (25-45)
cust_6733,19,Rural,Middle,585,2982.18,7520.84,1079.35,1744576,347,139,707,30,131.37,Daily,UPI,10,6.84,4,182805,Remaja (<25)
cust_6734,44,Urban,Middle,366,7672.74,34333.28,1417.16,2808223,89,327,1240,27,1010.54,Weekly,Wallet Balance,15,41.97,8,293497,Dewasa Muda (25-45)
cust_6735,59,Rural,High,890,1387.55,5437.35,642.47,1234923,89,121,4359,10,1312.06,Monthly,Credit Card,8,66.53,2,134554,Dewasa (45-65)
cust_6736,49,Rural,Middle,642,10496.62,12830.58,4636.75,6738827,219,177,1575,35,314.38,Weekly,Wallet Balance,14,53.98,10,690375,Dewasa (45-65)
cust_6737,28,Suburban,Low,469,11944.86,36498.89,3415.81,5602138,330,364,2989,40,2818.04,Daily,Wallet Balance,10,50.8,2,570782,Dewasa Muda (25-45)
cust_6738,57,Suburban,High,418,14706.19,20076.61,2592.16,6147185,350,161,4557,3,633.82,Weekly,Debit Card,7,26.13,9,632815,Dewasa (45-65)
cust_6739,24,Urban,Low,27,6795.84,32823.79,2029.25,183487,286,152,1184,49,2555.38,Weekly,Debit Card,2,41.41,8,32339,Remaja (<25)
cust_6740,57,Urban,Low,677,11814.72,23376.17,1886.28,7998568,161,38,4409,13,944.91,Weekly,Debit Card,13,50.43,5,814502,Dewasa (45-65)
cust_6741,46,Suburban,Middle,455,14685.61,69470.02,3053.72,6681950,43,335,4979,45,4678.63,Monthly,Wallet Balance,5,36.88,3,683313,Dewasa (45-65)
cust_6742,22,Rural,Low,918,15243.08,66094.52,4467.64,13993149,246,50,4226,28,1535.49,Monthly,Credit Card,4,17.37,4,1413799,Remaja (<25)
cust_6743,19,Rural,Middle,580,6039.82,19360.39,655.05,3503095,258,235,4762,27,464.64,Monthly,UPI,10,49.2,3,365301,Remaja (<25)
cust_6744,34,Suburban,Low,14,1363.4,3197.47,553.94,19087,343,89,4160,24,4180.77,Monthly,UPI,9,37.58,5,15538,Dewasa Muda (25-45)
cust_6745,57,Rural,High,98,762.01,3377.08,136.22,74677,159,64,568,22,2010.18,Daily,Debit Card,19,18.75,8,17798,Dewasa (45-65)
cust_6746,45,Suburban,Low,279,15363.53,24752.71,6862.03,4286423,132,209,1442,32,4100.6,Monthly,Wallet Balance,10,38.47,3,435676,Dewasa Muda (25-45)
cust_6747,46,Suburban,Middle,940,7714.92,13268.87,840.19,7252028,47,225,2016,29,1562.45,Monthly,Credit Card,5,25.34,4,735353,Dewasa (45-65)
cust_6748,50,Urban,Low,490,2687.51,5103.3,840.8,1316881,340,167,946,8,2500.19,Daily,Credit Card,7,5.74,9,142130,Dewasa (45-65)
cust_6749,36,Urban,Middle,985,3697.93,12538.91,1518.59,3642464,89,202,2832,37,2226.79,Monthly,Wallet Balance,13,34.54,4,376497,Dewasa Muda (25-45)
cust_6750,46,Suburban,Middle,961,15325.35,34593.92,2991.19,14727659,45,142,4044,24,2789.53,Monthly,Wallet Balance,12,69.79,5,1486859,Dewasa (45-65)
cust_6751,34,Urban,High,883,11982.05,59391.74,4589.38,10580151,321,337,51,17,2008.26,Monthly,Credit Card,2,18.69,4,1062812,Dewasa Muda (25-45)
cust_6752,46,Suburban,Middle,759,10033.05,17863.36,3896.31,7615084,194,78,3659,42,2484.01,Weekly,Debit Card,5,32.31,6,777784,Dewasa (45-65)
cust_6753,68,Rural,High,624,12463.92,52628.17,4426.41,7777487,6,10,2384,6,3396.64,Daily,Wallet Balance,16,59.32,6,787418,Senior (>65)
cust_6754,47,Rural,High,207,2758.62,3816.12,677.79,571033,263,248,4234,23,2073.41,Monthly,UPI,0,68.44,6,72834,Dewasa (45-65)
cust_6755,17,Rural,Low,864,6387.65,15418.43,2644.65,5518933,196,44,4487,39,3422.02,Daily,Wallet Balance,10,4.97,5,568056,Remaja (<25)
cust_6756,67,Rural,High,846,7487.53,14788.25,2630.92,6334450,18,296,233,20,3571.51,Monthly,Credit Card,0,54.23,7,641125,Senior (>65)
cust_6757,25,Suburban,Middle,233,6296.81,30900.61,2116.71,1467156,297,109,4527,34,3744.63,Weekly,UPI,13,23.85,3,160297,Remaja (<25)
cust_6758,17,Rural,Middle,573,17289.68,19069.18,7394.18,9906987,107,188,4383,42,2354.68,Monthly,Credit Card,8,8.62,8,1010487,Remaja (<25)
cust_6759,17,Rural,High,597,11632.61,45212.21,2301.57,6944667,69,70,1129,10,18.95,Monthly,Credit Card,9,54.66,3,700715,Remaja (<25)
cust_6760,39,Rural,Low,695,14589.13,29045.34,2815.63,10139448,25,232,4703,1,3767.56,Weekly,UPI,11,34.44,3,1024567,Dewasa Muda (25-45)
cust_6761,32,Rural,High,239,4741.75,20128.72,1207.15,1133279,56,31,2551,14,4545.43,Weekly,Wallet Balance,20,15.7,4,121557,Dewasa Muda (25-45)
cust_6762,47,Suburban,High,250,5288.84,11872.9,683.6,1322210,1,293,4728,14,3263.09,Daily,Credit Card,3,51.94,2,143445,Dewasa (45-65)
cust_6763,31,Rural,Middle,583,4514.47,7896.42,1060.71,2631933,183,186,615,4,2622.74,Daily,UPI,17,16.7,6,269512,Dewasa Muda (25-45)
cust_6764,31,Urban,Low,740,13762.71,51915.14,3612.83,10184406,54,171,1924,39,2797.96,Monthly,Credit Card,10,45.68,8,1032789,Dewasa Muda (25-45)
cust_6765,61,Urban,Low,597,6987.33,14186.42,2082.39,4171435,81,109,3928,15,3204.06,Monthly,UPI,15,24.73,10,434897,Dewasa (45-65)
cust_6766,54,Urban,Low,306,8107.63,23854.17,1634.54,2480935,160,97,2345,43,4992.62,Weekly,Debit Card,17,17.11,9,263587,Dewasa (45-65)
cust_6767,68,Urban,Low,1000,14185.34,21648.73,6564.08,14185340,226,327,4889,45,310.28,Monthly,Credit Card,6,3.82,4,1436656,Senior (>65)
cust_6768,46,Urban,Middle,908,19436.26,75770.15,4159.97,17648120,264,38,2772,20,105.91,Daily,Credit Card,19,12.11,4,1776303,Dewasa (45-65)
cust_6769,58,Urban,Low,463,3245.89,8528.07,1430.2,1502845,109,264,918,44,4820.84,Weekly,UPI,3,67.36,1,155110,Dewasa (45-65)
cust_6770,39,Suburban,Low,783,1262.9,1973.05,351.06,988849,309,290,3242,8,2202.37,Weekly,UPI,1,32.99,9,114067,Dewasa Muda (25-45)
cust_6771,16,Urban,Low,913,3904.97,15488.6,1512.25,3565237,44,145,4855,6,3061.77,Weekly,UPI,8,61.0,2,367302,Remaja (<25)
cust_6772,26,Rural,Middle,802,14701.86,20780.33,2122.38,11790895,201,17,4921,26,3767.2,Monthly,UPI,11,55.0,4,1193647,Dewasa Muda (25-45)
cust_6773,36,Urban,Middle,236,3900.6,12869.18,1239.82,920541,284,94,1951,16,3710.48,Daily,Wallet Balance,18,50.14,7,102700,Dewasa Muda (25-45)
cust_6774,19,Suburban,Low,291,11691.2,40100.14,5662.41,3402140,147,338,273,1,3235.97,Weekly,Wallet Balance,8,53.32,8,347242,Remaja (<25)
cust_6775,22,Urban,Middle,39,11810.43,55761.78,4328.53,460606,199,53,2345,39,2359.46,Daily,Wallet Balance,9,12.9,10,63470,Remaja (<25)
cust_6776,41,Rural,High,998,5895.52,9455.95,2523.96,5883726,234,320,4307,25,2880.39,Weekly,Debit Card,8,18.51,2,600046,Dewasa Muda (25-45)
cust_6777,62,Rural,Low,718,1383.84,5000.34,282.9,993595,184,109,3073,44,3648.23,Weekly,Credit Card,4,56.27,6,114081,Dewasa (45-65)
cust_6778,65,Suburban,Middle,183,7990.02,20159.41,3356.35,1462173,35,57,955,7,4254.07,Daily,Wallet Balance,20,48.42,1,147700,Dewasa (45-65)
cust_6779,27,Suburban,Low,699,3743.84,9746.18,900.4,2616944,209,148,2336,49,636.52,Weekly,Wallet Balance,0,58.63,10,280948,Dewasa Muda (25-45)
cust_6780,46,Suburban,Low,645,3697.62,11119.85,1087.22,2384964,360,61,3757,44,1389.79,Monthly,Credit Card,15,49.69,7,256715,Dewasa (45-65)
cust_6781,32,Suburban,Middle,30,10456.55,20234.87,1831.81,313696,63,25,4061,39,1987.97,Daily,Wallet Balance,8,56.77,2,44397,Dewasa Muda (25-45)
cust_6782,48,Urban,High,388,13465.69,38306.3,3962.68,5224688,82,78,4792,15,3327.49,Daily,Credit Card,4,42.37,6,537889,Dewasa (45-65)
cust_6783,26,Urban,Low,767,1517.55,5686.83,464.8,1163958,263,27,2888,19,1978.36,Weekly,Debit Card,3,59.0,10,133082,Dewasa Muda (25-45)
cust_6784,43,Rural,High,143,11570.64,32727.02,4037.36,1654602,255,99,2718,31,1194.43,Daily,UPI,4,23.97,3,176399,Dewasa Muda (25-45)
cust_6785,47,Suburban,Middle,615,4931.57,5770.1,2206.65,3032916,39,28,596,31,165.71,Monthly,Debit Card,3,5.82,9,316500,Dewasa (45-65)
cust_6786,16,Suburban,Low,419,13469.23,27360.11,2989.37,5643606,286,134,2320,34,4212.54,Weekly,Credit Card,13,15.29,4,574294,Remaja (<25)
cust_6787,62,Urban,Middle,74,16206.21,38989.57,8000.27,1199259,23,297,4384,14,2094.67,Monthly,Credit Card,7,11.77,2,131046,Dewasa (45-65)
cust_6788,43,Suburban,Middle,55,16142.2,39046.12,7087.65,887821,84,315,2239,41,1646.14,Monthly,Wallet Balance,12,34.54,2,98537,Dewasa Muda (25-45)
cust_6789,68,Rural,Middle,962,7403.53,9802.48,1933.57,7122194,303,223,4361,49,2654.13,Monthly,Wallet Balance,20,65.22,8,732514,Senior (>65)
cust_6790,57,Rural,Middle,748,11349.72,31759.72,2164.0,8489591,206,334,3844,31,614.6,Daily,UPI,10,23.08,2,861439,Dewasa (45-65)
cust_6791,22,Suburban,Low,572,15875.97,59817.41,2041.61,9081052,95,189,835,29,1986.79,Weekly,UPI,20,37.71,10,921681,Remaja (<25)
cust_6792,17,Rural,High,24,1225.6,1464.21,237.45,29414,63,305,4773,18,3758.93,Weekly,Wallet Balance,20,58.87,2,14407,Remaja (<25)
cust_6793,57,Rural,High,988,12116.43,48510.51,5498.55,11971033,137,364,991,23,3680.59,Monthly,Wallet Balance,13,62.85,7,1206545,Dewasa (45-65)
cust_6794,39,Urban,Low,22,16732.07,80655.64,3627.72,368105,151,356,4776,1,3859.48,Monthly,Debit Card,9,20.75,1,45532,Dewasa Muda (25-45)
cust_6795,19,Rural,Low,428,7453.42,7731.82,1156.71,3190062,117,261,700,20,2337.09,Weekly,Credit Card,6,38.15,1,322237,Remaja (<25)
cust_6796,59,Suburban,High,32,9113.61,16174.55,994.02,291635,191,267,4915,41,1844.57,Weekly,Debit Card,18,19.2,6,48171,Dewasa (45-65)
cust_6797,34,Suburban,High,863,13977.57,44364.14,3062.1,12062646,202,342,1633,15,4157.2,Monthly,Credit Card,16,30.78,10,1218952,Dewasa Muda (25-45)
cust_6798,41,Rural,Low,339,1367.02,2559.32,254.9,463418,250,235,3869,39,866.46,Weekly,UPI,3,28.85,8,65546,Dewasa Muda (25-45)
cust_6799,26,Suburban,Middle,947,7718.86,31327.04,1087.44,7309763,87,40,4681,38,3625.69,Monthly,UPI,19,5.55,10,752325,Dewasa Muda (25-45)
cust_6800,55,Urban,Low,981,5921.26,13314.17,2844.78,5808754,74,114,77,35,4439.74,Monthly,Credit Card,13,2.94,8,590309,Dewasa (45-65)
cust_6801,65,Rural,High,515,349.72,760.46,72.41,180103,322,326,4987,40,1430.76,Monthly,UPI,11,44.87,7,38268,Dewasa (45-65)
cust_6802,58,Rural,Middle,512,3927.49,3942.01,402.45,2010876,37,167,3745,1,988.98,Monthly,Credit Card,10,13.2,4,212183,Dewasa (45-65)
cust_6803,26,Rural,High,70,7923.71,16485.32,3785.24,554659,125,326,2746,15,2562.62,Daily,Wallet Balance,0,11.53,6,67176,Dewasa Muda (25-45)
cust_6804,60,Suburban,Middle,672,3956.6,7401.54,1311.24,2658835,166,110,3285,28,1081.95,Weekly,Wallet Balance,8,26.43,9,283712,Dewasa (45-65)
cust_6805,18,Suburban,High,898,12051.94,28598.82,1604.42,10822644,1,20,1932,6,4353.84,Weekly,UPI,0,17.43,4,1088551,Remaja (<25)
cust_6806,27,Rural,Middle,88,8978.57,14281.55,1010.71,790113,338,230,3250,14,1222.08,Weekly,UPI,9,53.93,8,94300,Dewasa Muda (25-45)
cust_6807,18,Suburban,Low,877,799.23,2700.28,114.4,700925,291,269,2618,22,1569.83,Monthly,Debit Card,10,47.1,8,84743,Remaja (<25)
cust_6808,57,Suburban,Low,571,5508.05,10768.06,1853.99,3145099,71,305,2652,4,4442.1,Daily,UPI,4,69.33,6,323992,Dewasa (45-65)
cust_6809,42,Rural,Middle,764,399.34,1727.95,49.82,305096,108,76,2530,0,1028.11,Weekly,Credit Card,8,29.54,7,42055,Dewasa Muda (25-45)
cust_6810,64,Rural,Middle,219,7169.12,15329.25,2346.14,1570037,86,265,4925,4,4423.92,Monthly,Credit Card,2,2.88,1,166041,Dewasa (45-65)
cust_6811,69,Suburban,Low,713,5189.61,9566.93,1873.53,3700191,181,315,1764,12,1049.01,Monthly,Credit Card,1,61.13,2,376222,Senior (>65)
cust_6812,17,Rural,Low,589,13766.85,16892.0,2189.35,8108676,25,116,764,25,4559.03,Daily,Debit Card,17,9.71,10,822616,Remaja (<25)
cust_6813,64,Rural,Middle,767,6155.06,24371.76,1818.04,4720934,298,3,4112,12,1588.21,Daily,Wallet Balance,13,20.08,10,490723,Dewasa (45-65)
cust_6814,31,Rural,Middle,759,7509.42,22774.82,3646.21,5699651,151,11,4247,31,1231.17,Monthly,Credit Card,4,45.76,5,585943,Dewasa Muda (25-45)
cust_6815,17,Rural,Low,270,14509.43,21113.13,6305.73,3917544,265,261,460,28,2385.95,Weekly,Debit Card,13,33.77,4,398281,Remaja (<25)
cust_6816,69,Suburban,High,819,9623.54,18143.64,3746.89,7881682,203,152,4343,17,1846.12,Monthly,Debit Card,4,50.12,5,802631,Senior (>65)
cust_6817,45,Rural,Low,651,11133.52,55610.57,3419.04,7247923,51,198,599,1,1008.75,Daily,UPI,1,14.76,5,730585,Dewasa Muda (25-45)
cust_6818,35,Urban,Middle,78,16828.52,71085.6,4336.88,1312624,220,82,4193,26,1691.77,Monthly,UPI,6,42.57,10,151402,Dewasa Muda (25-45)
cust_6819,53,Rural,Middle,592,4145.7,9947.51,1163.17,2454252,57,125,4634,49,3566.15,Monthly,Wallet Balance,17,33.24,3,260810,Dewasa (45-65)
cust_6820,43,Urban,High,10,19783.82,62719.04,8029.14,197838,82,230,295,41,4159.5,Daily,Debit Card,15,42.7,6,28394,Dewasa Muda (25-45)
cust_6821,40,Rural,Low,468,18003.1,47961.5,5791.94,8425451,164,134,4533,2,4103.81,Daily,Credit Card,4,63.62,1,850759,Dewasa Muda (25-45)
cust_6822,47,Urban,Middle,336,5738.19,6573.43,2328.91,1928032,269,86,1422,29,3784.09,Monthly,Debit Card,19,38.88,4,200655,Dewasa (45-65)
cust_6823,25,Urban,Low,636,17859.84,73488.02,8714.69,11358857,183,298,2019,9,27.18,Daily,UPI,11,53.61,10,1150810,Remaja (<25)
cust_6824,57,Rural,Middle,186,15081.58,58334.73,5372.15,2805174,180,43,664,8,2133.02,Weekly,Debit Card,12,53.83,10,291578,Dewasa (45-65)
cust_6825,55,Rural,High,546,18615.82,49056.59,6352.49,10164238,284,204,3443,2,844.86,Weekly,Credit Card,7,48.01,4,1027087,Dewasa (45-65)
cust_6826,48,Rural,Low,121,13825.79,60606.59,3628.78,1672920,86,281,2421,21,367.38,Weekly,Debit Card,13,35.32,9,183050,Dewasa (45-65)
cust_6827,28,Urban,Low,592,13492.8,42353.32,2411.19,7987739,111,18,3678,37,3679.41,Daily,Wallet Balance,4,1.24,1,808990,Dewasa Muda (25-45)
cust_6828,56,Suburban,High,718,79.25,99.93,19.79,56904,158,191,558,10,3967.4,Monthly,Wallet Balance,3,9.6,9,14822,Dewasa (45-65)
cust_6829,69,Suburban,Middle,565,9497.48,19352.31,2925.59,5366078,45,223,2532,5,4073.08,Monthly,Wallet Balance,8,39.56,8,548135,Senior (>65)
cust_6830,57,Rural,Middle,668,4013.37,11426.43,457.29,2680930,38,362,1107,4,4451.55,Monthly,UPI,14,4.11,10,278481,Dewasa (45-65)
cust_6831,62,Suburban,Low,274,6488.39,9173.26,1883.72,1777818,20,257,4761,29,2950.24,Monthly,Wallet Balance,13,4.22,2,190728,Dewasa (45-65)
cust_6832,52,Suburban,High,410,19576.52,64295.66,8708.81,8026375,97,15,4578,13,4990.65,Weekly,Debit Card,4,9.95,2,812598,Dewasa (45-65)
cust_6833,69,Rural,Low,358,1719.18,2548.3,843.52,615467,358,182,3367,1,2418.61,Monthly,Credit Card,14,17.55,4,71171,Senior (>65)
cust_6834,31,Urban,Low,647,14452.5,26043.89,6391.18,9350770,59,34,4934,32,4417.49,Monthly,Wallet Balance,3,71.97,6,951936,Dewasa Muda (25-45)
cust_6835,60,Rural,Middle,941,3467.17,15865.53,585.23,3262604,224,180,105,36,564.7,Daily,Credit Card,17,9.54,3,332788,Dewasa (45-65)
cust_6836,37,Suburban,Middle,98,157.95,789.65,25.59,15479,298,2,3678,7,744.62,Daily,UPI,4,20.26,9,18231,Dewasa Muda (25-45)
cust_6837,35,Urban,Middle,241,10033.36,32116.92,2581.83,2418039,189,151,1706,9,2951.75,Monthly,UPI,16,49.48,7,251640,Dewasa Muda (25-45)
cust_6838,65,Suburban,Middle,557,3232.69,11245.23,614.77,1800610,59,110,790,20,620.67,Weekly,UPI,20,49.04,1,184330,Dewasa (45-65)
cust_6839,58,Urban,Middle,711,19309.67,80902.2,7152.26,13729175,8,307,811,18,376.5,Weekly,UPI,13,63.11,10,1386151,Dewasa (45-65)
cust_6840,42,Suburban,High,993,4081.9,15448.18,546.25,4053324,313,302,4945,34,980.32,Weekly,Wallet Balance,16,44.36,4,422132,Dewasa Muda (25-45)
cust_6841,56,Rural,Low,803,3848.79,6657.88,1067.99,3090574,102,353,169,17,3937.68,Daily,Debit Card,18,19.87,3,312126,Dewasa (45-65)
cust_6842,31,Suburban,High,948,653.02,1728.33,138.53,619059,340,106,4445,6,4637.29,Weekly,UPI,12,17.98,4,73077,Dewasa Muda (25-45)
cust_6843,49,Suburban,Low,114,6603.09,20736.79,2232.91,752752,21,255,1932,12,1667.34,Daily,Credit Card,12,59.92,6,85505,Dewasa (45-65)
cust_6844,47,Urban,Middle,487,491.99,1199.89,206.06,239600,305,14,1751,45,4873.78,Weekly,UPI,12,7.94,3,32525,Dewasa (45-65)
cust_6845,41,Suburban,High,789,9982.74,17014.83,4686.15,7876384,216,273,448,49,4047.75,Daily,Wallet Balance,1,35.14,9,800410,Dewasa Muda (25-45)
cust_6846,40,Rural,Low,241,10117.16,39906.65,4912.3,2438234,310,144,2679,11,1130.54,Daily,Debit Card,14,35.28,10,259716,Dewasa Muda (25-45)
cust_6847,17,Rural,Middle,156,1074.33,1928.84,258.35,167595,231,207,1124,39,2930.57,Daily,Debit Card,0,53.47,9,30442,Remaja (<25)
cust_6848,27,Rural,Middle,352,4808.84,9819.39,2127.14,1692713,236,107,1392,23,4908.97,Monthly,Wallet Balance,14,71.68,4,175900,Dewasa Muda (25-45)
cust_6849,55,Urban,High,44,16643.81,35718.92,5605.39,732327,151,247,1818,17,4243.93,Daily,Debit Card,15,36.24,9,85446,Dewasa (45-65)
cust_6850,24,Urban,High,592,9256.27,15246.16,3488.71,5479711,68,223,1683,37,1816.8,Daily,Wallet Balance,10,56.05,2,556128,Remaja (<25)
cust_6851,27,Suburban,High,312,8697.85,38254.96,3830.99,2713730,46,268,3601,11,1531.61,Daily,Wallet Balance,2,61.46,9,287909,Dewasa Muda (25-45)
cust_6852,41,Suburban,Middle,138,13978.55,48120.68,2125.37,1929040,222,225,1855,2,4096.27,Weekly,Debit Card,19,3.42,4,198765,Dewasa Muda (25-45)
cust_6853,24,Suburban,Low,663,14300.49,62049.72,6849.4,9481224,240,75,4860,24,2745.83,Daily,Wallet Balance,20,46.14,10,968869,Remaja (<25)
cust_6854,25,Urban,Low,944,15241.63,45342.6,4861.45,14388100,156,43,1288,34,817.21,Monthly,Credit Card,13,63.79,4,1448377,Remaja (<25)
cust_6855,47,Urban,High,436,16611.34,51133.9,3893.72,7242544,95,133,2249,15,1639.16,Weekly,Wallet Balance,20,52.15,10,739432,Dewasa (45-65)
cust_6856,49,Suburban,Low,754,4652.69,16119.61,1095.67,3508128,97,283,1141,48,3309.06,Weekly,UPI,4,55.92,3,359240,Dewasa (45-65)
cust_6857,63,Urban,Middle,143,1336.95,3320.55,535.31,191183,306,56,1048,47,765.79,Monthly,UPI,16,58.58,2,27531,Dewasa (45-65)
cust_6858,35,Urban,Low,823,7611.49,22730.48,2827.4,6264260,83,208,2416,44,3493.58,Daily,UPI,1,2.38,8,641911,Dewasa Muda (25-45)
cust_6859,54,Rural,Middle,299,17103.41,54519.86,6700.98,5113918,245,227,4480,12,3549.64,Daily,UPI,6,66.95,5,524777,Dewasa (45-65)
cust_6860,17,Rural,High,562,1569.79,7557.25,315.84,882223,63,104,2321,23,1353.73,Weekly,Wallet Balance,9,65.34,10,104487,Remaja (<25)
cust_6861,16,Suburban,Low,262,11523.32,52219.44,1936.82,3019108,10,336,4629,11,1990.15,Monthly,Wallet Balance,9,43.69,6,317273,Remaja (<25)
cust_6862,66,Suburban,Middle,512,14024.65,21275.16,5452.0,7180619,89,68,2391,1,4677.25,Weekly,Wallet Balance,19,25.77,3,723605,Senior (>65)
cust_6863,51,Rural,High,673,9633.33,11224.08,2113.48,6483231,165,250,3392,25,3745.88,Weekly,UPI,7,27.2,4,659734,Dewasa (45-65)
cust_6864,39,Urban,High,62,5110.96,19019.59,965.84,316879,326,91,4202,45,3939.05,Daily,UPI,0,39.0,2,44622,Dewasa Muda (25-45)
cust_6865,69,Suburban,High,567,6532.93,7818.57,1214.1,3704169,286,271,921,9,2581.33,Daily,UPI,15,21.71,3,374868,Senior (>65)
cust_6866,42,Suburban,High,423,1442.33,1790.51,229.85,610103,215,26,709,18,1065.7,Monthly,Debit Card,8,41.19,10,73695,Dewasa Muda (25-45)
cust_6867,17,Suburban,Low,396,5858.75,9591.08,1586.12,2320063,336,207,446,21,2956.28,Weekly,Debit Card,15,44.87,5,238520,Remaja (<25)
cust_6868,46,Urban,Middle,884,897.12,2159.21,183.35,793050,72,252,2509,23,3860.52,Monthly,Credit Card,19,52.72,4,88692,Dewasa (45-65)
cust_6869,29,Rural,Low,996,14529.24,39809.88,6647.8,14471119,208,10,3287,25,19.42,Weekly,Wallet Balance,14,5.67,10,1466176,Dewasa Muda (25-45)
cust_6870,17,Suburban,Middle,31,17960.93,55274.97,6747.13,556788,139,98,2853,4,568.88,Monthly,Debit Card,8,5.74,10,71500,Remaja (<25)
cust_6871,44,Rural,High,330,12673.93,62978.68,5038.45,4182396,246,102,1072,15,2371.47,Monthly,Wallet Balance,11,66.5,2,422697,Dewasa Muda (25-45)
cust_6872,30,Rural,Low,949,13137.5,33381.47,3434.72,12467485,129,136,3688,36,2185.98,Monthly,Wallet Balance,1,53.86,2,1258631,Dewasa Muda (25-45)
cust_6873,27,Urban,High,802,9448.13,18622.37,3213.15,7577396,100,336,3128,33,4911.42,Monthly,Credit Card,9,25.28,6,770839,Dewasa Muda (25-45)
cust_6874,52,Urban,Middle,169,3129.17,10329.42,939.75,528829,11,221,3597,37,460.76,Weekly,UPI,20,2.76,9,72546,Dewasa (45-65)
cust_6875,43,Urban,High,266,164.43,305.93,27.46,43737,340,32,4434,27,1618.43,Monthly,Wallet Balance,15,44.27,7,22132,Dewasa Muda (25-45)
cust_6876,35,Urban,Low,308,6886.08,32792.71,820.42,2120912,176,277,4118,11,4075.55,Weekly,UPI,4,18.68,8,227389,Dewasa Muda (25-45)
cust_6877,54,Urban,Low,459,15032.26,30620.96,5613.16,6899805,317,96,1067,44,3062.14,Monthly,Wallet Balance,12,5.12,4,698983,Dewasa (45-65)
cust_6878,39,Urban,Middle,185,19209.03,95271.71,2851.94,3553670,357,301,436,44,2808.07,Daily,Debit Card,6,54.61,2,361234,Dewasa Muda (25-45)
cust_6879,36,Suburban,Middle,334,8627.39,23075.44,1060.65,2881547,316,268,1092,20,3706.01,Weekly,Debit Card,8,70.34,7,297485,Dewasa Muda (25-45)
cust_6880,25,Rural,Low,515,7314.17,31090.65,2024.17,3766795,150,176,593,31,199.92,Weekly,UPI,16,54.05,1,381865,Remaja (<25)
cust_6881,61,Urban,Low,441,8924.71,32067.57,3527.14,3935797,75,103,2560,24,4737.46,Weekly,UPI,16,8.96,1,399731,Dewasa (45-65)
cust_6882,29,Suburban,Low,673,8561.22,40528.62,3489.1,5761701,99,187,276,13,956.32,Monthly,Debit Card,16,27.11,5,582543,Dewasa Muda (25-45)
cust_6883,52,Rural,Low,391,12521.34,43846.07,5626.94,4895843,265,330,4587,50,409.19,Weekly,UPI,4,18.62,3,506553,Dewasa (45-65)
cust_6884,33,Urban,Middle,772,14685.61,48827.76,2638.79,11337288,243,326,82,46,1694.77,Monthly,Debit Card,5,27.56,6,1143645,Dewasa Muda (25-45)
cust_6885,39,Urban,Low,935,15701.31,56703.87,7760.37,14680725,83,37,3383,34,3511.78,Monthly,UPI,5,40.59,4,1480482,Dewasa Muda (25-45)
cust_6886,29,Suburban,Middle,560,12995.6,53877.97,5266.9,7277536,293,210,467,8,1157.42,Daily,Wallet Balance,8,46.07,7,735908,Dewasa Muda (25-45)
cust_6887,49,Rural,Low,254,8760.1,40255.88,1426.89,2225065,70,255,997,29,249.31,Daily,Debit Card,9,22.88,1,228275,Dewasa (45-65)
cust_6888,27,Urban,Low,586,19002.57,39283.25,8290.6,11135508,228,131,2379,41,287.06,Daily,Wallet Balance,16,48.87,6,1128265,Dewasa Muda (25-45)
cust_6889,37,Rural,High,335,14223.28,25652.38,4261.06,4764800,172,325,1292,28,1282.89,Monthly,Debit Card,2,49.59,2,483222,Dewasa Muda (25-45)
cust_6890,21,Suburban,High,400,8538.89,9712.13,1081.18,3415557,131,98,4095,38,676.37,Weekly,UPI,19,71.51,3,356207,Remaja (<25)
cust_6891,51,Urban,Low,166,8937.17,22167.01,1365.75,1483570,10,33,1367,30,1862.17,Weekly,UPI,8,35.16,10,163159,Dewasa (45-65)
cust_6892,60,Rural,Middle,260,16361.44,71740.65,4475.79,4253973,56,36,3934,13,865.37,Daily,Wallet Balance,0,24.34,5,439132,Dewasa (45-65)
cust_6893,51,Suburban,Low,4,8816.41,11279.98,2752.51,35265,33,237,93,16,1721.57,Weekly,Wallet Balance,18,61.91,6,10451,Dewasa (45-65)
cust_6894,37,Suburban,High,888,10330.31,32582.63,4948.19,9173315,244,3,922,24,2222.44,Daily,Debit Card,13,12.94,1,921464,Dewasa Muda (25-45)
cust_6895,29,Urban,Low,119,5838.13,22063.2,1087.56,694737,226,131,3141,45,3712.7,Daily,Credit Card,7,32.73,5,83399,Dewasa Muda (25-45)
cust_6896,31,Rural,High,996,16779.91,72949.17,4860.16,16712787,228,220,1909,41,1137.0,Weekly,Credit Card,17,45.48,3,1681628,Dewasa Muda (25-45)
cust_6897,51,Urban,Low,923,10450.49,34839.01,1989.31,9645799,245,362,3454,36,2375.32,Weekly,Credit Card,5,11.12,9,982900,Dewasa (45-65)
cust_6898,40,Urban,Low,470,11055.19,19294.41,3574.81,5195940,103,182,2629,26,4076.78,Monthly,Credit Card,1,4.88,8,533413,Dewasa Muda (25-45)
cust_6899,47,Rural,Middle,470,17614.7,85574.77,8168.42,8278909,197,28,1879,17,4931.89,Weekly,UPI,6,29.2,10,840883,Dewasa (45-65)
cust_6900,48,Rural,High,785,18411.14,25381.71,6022.29,14452745,301,26,1804,28,2786.53,Weekly,Wallet Balance,5,25.84,3,1453289,Dewasa (45-65)
cust_6901,60,Rural,High,493,16485.63,67195.42,5012.1,8127417,313,157,1158,48,2161.6,Daily,Credit Card,10,53.89,4,822776,Dewasa (45-65)
cust_6902,51,Suburban,High,738,1316.75,1772.66,526.77,971764,209,10,3220,17,3157.67,Monthly,Credit Card,9,38.85,10,113737,Dewasa (45-65)
cust_6903,35,Suburban,Middle,864,8875.75,13967.55,1411.65,7668645,192,109,357,3,2431.48,Weekly,Wallet Balance,10,2.61,4,770662,Dewasa Muda (25-45)
cust_6904,33,Rural,Low,500,6873.19,31567.59,3177.1,3436592,127,318,141,19,823.78,Monthly,Debit Card,7,66.26,9,354429,Dewasa Muda (25-45)
cust_6905,53,Suburban,Middle,70,4278.16,17165.26,1416.3,299471,10,96,1794,0,2297.24,Monthly,Debit Card,12,62.12,4,36386,Dewasa (45-65)
cust_6906,18,Urban,Low,694,18179.99,44759.73,6808.84,12616911,330,146,2878,44,4895.5,Daily,UPI,5,6.31,9,1278399,Remaja (<25)
cust_6907,38,Rural,Middle,865,17802.48,63285.98,7612.06,15399143,66,181,2218,23,3202.14,Daily,Debit Card,9,19.1,4,1549049,Dewasa Muda (25-45)
cust_6908,47,Urban,Middle,776,9311.3,26341.58,3296.34,7225572,358,210,2059,41,1417.16,Weekly,Credit Card,17,45.29,6,736066,Dewasa (45-65)
cust_6909,60,Rural,High,370,2699.87,3418.44,962.46,998952,341,342,1078,46,4735.73,Daily,Wallet Balance,14,13.81,5,109283,Dewasa (45-65)
cust_6910,31,Urban,Middle,181,277.18,1076.7,108.61,50169,158,145,501,23,1942.91,Monthly,Credit Card,4,70.14,6,13347,Dewasa Muda (25-45)
cust_6911,20,Rural,Low,996,8774.96,35565.1,1060.85,8739857,256,49,885,4,1950.61,Daily,Wallet Balance,10,30.87,8,883180,Remaja (<25)
cust_6912,19,Urban,Middle,5,808.7,3662.91,204.51,4043,338,154,2939,25,3083.0,Daily,UPI,20,51.02,9,16240,Remaja (<25)
cust_6913,36,Rural,Middle,197,12195.02,38567.36,5916.72,2402419,35,261,602,17,2844.87,Monthly,UPI,3,37.3,2,243723,Dewasa Muda (25-45)
cust_6914,55,Rural,Low,47,12172.09,44946.09,2473.06,572088,309,329,4420,35,1452.18,Monthly,Credit Card,12,22.89,1,69822,Dewasa (45-65)
cust_6915,66,Suburban,High,970,17979.8,49484.03,5697.84,17440405,167,44,1964,0,2335.4,Daily,Debit Card,14,50.48,2,1748800,Senior (>65)
cust_6916,29,Urban,Low,552,3809.08,8668.09,648.2,2102613,22,236,3894,9,1662.57,Daily,Debit Card,1,34.75,4,222118,Dewasa Muda (25-45)
cust_6917,54,Suburban,Low,634,7434.17,19676.76,1704.73,4713264,67,121,2544,16,3688.9,Daily,UPI,6,46.14,6,482169,Dewasa (45-65)
cust_6918,46,Urban,Low,647,17192.31,79892.84,6650.54,11123426,198,248,4411,34,612.51,Monthly,Wallet Balance,5,28.91,5,1129258,Dewasa (45-65)
cust_6919,29,Suburban,Middle,140,9491.19,15723.91,3390.61,1328766,100,7,1724,3,3751.26,Monthly,Wallet Balance,18,71.81,4,138748,Dewasa Muda (25-45)
cust_6920,21,Rural,Middle,862,1203.87,2400.51,319.9,1037734,336,20,171,43,805.84,Daily,UPI,14,15.67,8,116012,Remaja (<25)
cust_6921,27,Suburban,Low,665,2224.57,7618.63,1057.18,1479339,195,184,4676,26,1529.91,Weekly,UPI,13,14.0,3,162120,Dewasa Muda (25-45)
cust_6922,31,Suburban,Low,540,16270.96,23838.99,6671.4,8786316,100,364,1301,10,1666.66,Monthly,Credit Card,15,1.67,1,882400,Dewasa Muda (25-45)
cust_6923,32,Rural,High,427,14876.51,67947.84,3081.96,6352270,75,200,83,2,4952.06,Daily,Debit Card,19,62.81,9,642117,Dewasa Muda (25-45)
cust_6924,60,Suburban,Middle,589,17518.87,20828.98,5013.52,10318615,17,254,1171,27,2949.11,Monthly,Debit Card,20,12.16,7,1042428,Dewasa (45-65)
cust_6925,38,Rural,Middle,687,2386.03,9594.84,1076.61,1639205,147,245,943,10,3887.77,Daily,Debit Card,9,18.51,4,168862,Dewasa Muda (25-45)
cust_6926,29,Urban,Middle,561,15210.73,37949.44,1657.75,8533219,250,64,4828,2,2776.89,Daily,Credit Card,5,15.65,10,871789,Dewasa Muda (25-45)
cust_6927,22,Suburban,Middle,854,13105.54,15787.75,4358.72,11192127,255,299,1786,35,4915.79,Daily,UPI,14,70.53,10,1133826,Remaja (<25)
cust_6928,61,Rural,Low,310,4653.54,20343.94,897.13,1442597,188,300,4193,2,886.91,Weekly,Debit Card,3,61.57,1,153402,Dewasa (45-65)
cust_6929,47,Rural,Low,274,19478.35,69378.78,2445.08,5337067,328,153,4309,24,3024.37,Weekly,Credit Card,1,54.19,9,552212,Dewasa (45-65)
cust_6930,30,Suburban,High,539,11411.39,11815.75,5307.95,6150740,346,17,806,11,3986.91,Monthly,Wallet Balance,18,28.56,3,618792,Dewasa Muda (25-45)
cust_6931,59,Urban,Middle,840,18138.49,37549.06,7736.31,15236332,240,39,310,11,3142.78,Monthly,Debit Card,6,1.48,4,1527781,Dewasa (45-65)
cust_6932,32,Suburban,Middle,390,17183.27,41380.45,2991.91,6701475,307,153,1760,48,4484.68,Weekly,Wallet Balance,10,69.72,4,680225,Dewasa Muda (25-45)
cust_6933,56,Rural,Low,459,6669.18,15274.5,2899.62,3061152,176,355,2230,31,3003.54,Daily,Credit Card,14,15.44,1,313173,Dewasa (45-65)
cust_6934,69,Urban,High,733,10723.78,32100.21,1700.48,7860529,313,295,1982,39,4132.19,Weekly,Debit Card,15,5.67,4,795850,Senior (>65)
cust_6935,62,Suburban,Low,634,8633.05,26824.72,2507.6,5473355,32,39,1356,9,878.99,Weekly,UPI,4,28.0,10,560508,Dewasa (45-65)
cust_6936,59,Rural,Middle,361,14184.46,36695.43,5536.33,5120590,335,187,3986,47,1310.32,Daily,Debit Card,8,20.79,2,526075,Dewasa (45-65)
cust_6937,49,Suburban,Middle,69,11764.96,27378.02,3688.58,811782,122,238,3897,18,2220.34,Monthly,Credit Card,0,68.03,4,93662,Dewasa (45-65)
cust_6938,20,Urban,High,583,15699.22,47374.56,6912.56,9152646,324,272,356,46,4258.09,Weekly,Wallet Balance,12,2.94,7,925447,Remaja (<25)
cust_6939,60,Urban,Low,662,244.93,277.86,84.93,162142,28,309,3162,42,2132.8,Monthly,Debit Card,2,70.5,8,33671,Dewasa (45-65)
cust_6940,42,Urban,Middle,699,13758.99,49268.28,3753.19,9617532,189,362,4951,6,3137.29,Weekly,Credit Card,4,42.66,7,977686,Dewasa Muda (25-45)
cust_6941,67,Urban,Middle,431,6388.11,21872.45,3002.83,2753276,333,157,1198,23,1979.06,Weekly,Credit Card,13,22.29,1,280034,Senior (>65)
cust_6942,38,Urban,High,885,4492.2,9509.45,514.44,3975597,140,231,2701,38,4028.6,Monthly,Debit Card,4,62.64,4,408747,Dewasa Muda (25-45)
cust_6943,55,Suburban,Middle,758,16026.81,27535.06,4733.67,12148325,271,194,4738,31,1001.44,Monthly,Credit Card,19,30.61,7,1233907,Dewasa (45-65)
cust_6944,29,Urban,Middle,708,1793.53,2317.14,653.41,1269820,285,250,4734,22,2968.85,Daily,Wallet Balance,13,38.81,6,143165,Dewasa Muda (25-45)
cust_6945,30,Urban,Low,32,4576.92,15329.81,1988.32,146461,343,266,2311,49,2889.45,Daily,Wallet Balance,20,11.13,6,28723,Dewasa Muda (25-45)
cust_6946,58,Rural,High,979,4082.65,13373.13,1292.01,3996913,269,2,2776,18,2016.21,Weekly,Wallet Balance,0,63.5,6,412035,Dewasa (45-65)
cust_6947,48,Urban,High,621,8402.31,26326.73,3816.39,5217834,294,141,526,47,3525.64,Weekly,Credit Card,10,63.36,6,531772,Dewasa (45-65)
cust_6948,68,Rural,High,865,6453.51,31896.31,1745.74,5582288,186,182,3244,2,142.38,Daily,Wallet Balance,4,54.37,6,570845,Senior (>65)
cust_6949,46,Rural,Low,513,14412.16,45054.96,3269.42,7393438,110,2,3330,24,4207.5,Daily,UPI,2,52.55,6,752300,Dewasa (45-65)
cust_6950,50,Rural,High,182,13990.4,54382.98,6848.65,2546253,255,170,364,24,1739.83,Weekly,UPI,9,15.22,8,264883,Dewasa (45-65)
cust_6951,32,Suburban,Middle,686,6516.16,9459.34,2390.6,4470087,35,270,4104,5,3965.11,Daily,UPI,8,32.43,2,455734,Dewasa Muda (25-45)
cust_6952,43,Suburban,High,681,8745.25,19203.54,2363.94,5955512,332,307,3331,32,1525.3,Monthly,Credit Card,14,7.53,1,605650,Dewasa Muda (25-45)
cust_6953,34,Rural,Middle,248,4166.08,8756.22,1880.05,1033188,222,364,112,32,939.53,Weekly,Debit Card,5,43.0,6,112273,Dewasa Muda (25-45)
cust_6954,61,Suburban,High,620,13419.99,44338.33,5008.77,8320393,110,49,3790,14,1947.45,Weekly,Debit Card,5,15.99,7,847045,Dewasa (45-65)
cust_6955,69,Urban,High,882,7930.49,18424.54,2816.7,6994694,261,285,2522,19,3986.83,Weekly,UPI,7,22.2,10,714420,Senior (>65)
cust_6956,38,Suburban,Low,297,2665.19,9499.46,1043.2,791562,2,320,4574,42,3517.59,Weekly,Credit Card,1,58.91,9,99745,Dewasa Muda (25-45)
cust_6957,47,Urban,High,776,2554.04,9604.1,1009.65,1981932,234,279,847,41,2005.16,Monthly,UPI,3,70.94,3,205984,Dewasa (45-65)
cust_6958,55,Urban,High,928,6453.19,7322.82,1917.85,5988560,286,279,3807,31,4689.34,Daily,UPI,1,27.96,1,608225,Dewasa (45-65)
cust_6959,28,Suburban,Low,30,14949.03,53204.05,4002.2,448470,99,272,2529,23,2043.88,Weekly,Wallet Balance,8,57.4,6,57183,Dewasa Muda (25-45)
cust_6960,35,Suburban,Middle,302,519.83,762.67,241.05,156989,119,44,1669,2,1753.76,Weekly,Credit Card,4,10.37,10,28360,Dewasa Muda (25-45)
cust_6961,50,Rural,High,476,5162.92,14768.73,1543.19,2457548,10,60,3666,3,723.59,Weekly,UPI,18,38.55,5,258025,Dewasa (45-65)
cust_6962,20,Suburban,High,873,3258.1,12727.13,607.08,2844319,73,199,4811,43,351.39,Weekly,Wallet Balance,18,40.14,4,302178,Remaja (<25)
cust_6963,24,Suburban,Middle,948,19129.99,72949.93,5904.3,18135232,209,109,580,5,1749.51,Monthly,Credit Card,8,64.06,10,1824308,Remaja (<25)
cust_6964,44,Suburban,Low,352,14108.58,31028.86,1605.12,4966219,124,65,375,18,460.01,Daily,UPI,4,18.14,10,508941,Dewasa Muda (25-45)
cust_6965,21,Urban,High,985,4672.32,9762.64,1819.06,4602236,38,173,2977,25,2313.17,Monthly,Debit Card,15,5.56,7,474521,Remaja (<25)
cust_6966,40,Urban,Low,482,4157.14,11477.46,626.87,2003740,94,353,4541,47,4300.05,Weekly,UPI,6,25.84,5,217005,Dewasa Muda (25-45)
cust_6967,46,Urban,Middle,317,17162.03,30113.67,2483.17,5440363,233,98,4054,24,2380.58,Weekly,Debit Card,1,53.98,4,557354,Dewasa (45-65)
cust_6968,37,Rural,Middle,737,3812.63,18677.3,1824.51,2809909,163,129,2613,24,2402.9,Monthly,Wallet Balance,13,4.27,10,297415,Dewasa Muda (25-45)
cust_6969,17,Rural,Low,397,19941.21,47453.47,8156.41,7916661,327,268,871,9,1267.2,Weekly,UPI,0,11.37,10,803674,Remaja (<25)
cust_6970,60,Rural,Middle,89,5653.24,26524.85,1502.02,503138,140,87,484,37,831.48,Monthly,Wallet Balance,7,4.22,10,64566,Dewasa (45-65)
cust_6971,20,Urban,Middle,234,1695.81,7856.79,332.09,396819,242,89,4772,19,1111.64,Monthly,Wallet Balance,16,36.25,9,59570,Remaja (<25)
cust_6972,42,Suburban,High,168,13821.93,33993.59,6045.66,2322083,170,344,3488,4,2839.94,Daily,UPI,18,59.57,8,246164,Dewasa Muda (25-45)
cust_6973,40,Rural,Low,743,12196.76,24592.8,5945.11,9062192,98,229,3760,41,2958.97,Daily,Wallet Balance,5,19.92,4,920359,Dewasa Muda (25-45)
cust_6974,23,Rural,High,126,19996.45,81652.33,6065.75,2519552,67,130,1710,43,1100.94,Daily,Debit Card,13,3.23,4,263124,Remaja (<25)
cust_6975,16,Urban,Low,573,16043.69,30763.97,5326.99,9193036,289,132,1160,49,1994.6,Daily,UPI,7,13.53,10,935526,Remaja (<25)
cust_6976,35,Rural,High,120,8582.44,26476.71,1692.64,1029893,104,253,1381,34,2843.41,Monthly,Credit Card,10,6.95,9,116729,Dewasa Muda (25-45)
cust_6977,59,Suburban,Middle,428,13535.46,19528.39,4543.86,5793178,141,110,230,4,3802.31,Weekly,Debit Card,13,40.3,8,586276,Dewasa (45-65)
cust_6978,38,Urban,Low,190,16358.81,41612.37,4257.2,3108174,203,297,3186,34,1598.85,Monthly,Credit Card,9,36.51,7,326789,Dewasa Muda (25-45)
cust_6979,47,Urban,Low,633,10279.39,13492.93,4504.75,6506855,290,294,3902,2,1356.78,Weekly,Credit Card,16,18.4,1,659011,Dewasa (45-65)
cust_6980,26,Suburban,Low,428,5464.7,11660.35,1370.79,2338891,306,215,2562,40,3652.33,Daily,Debit Card,11,60.8,4,245187,Dewasa Muda (25-45)
cust_6981,54,Suburban,Low,560,4210.01,15413.59,1513.55,2357606,137,312,2031,31,2569.06,Weekly,Wallet Balance,3,30.17,1,242638,Dewasa (45-65)
cust_6982,62,Suburban,Middle,202,5912.68,29357.79,1072.48,1194360,263,204,111,35,4283.73,Weekly,Wallet Balance,18,69.8,5,126016,Dewasa (45-65)
cust_6983,69,Rural,Middle,59,16962.89,34251.99,2311.52,1000810,106,24,3217,29,1055.02,Monthly,UPI,16,17.55,4,112887,Senior (>65)
cust_6984,39,Suburban,Middle,697,7614.84,22031.91,884.4,5307545,130,93,1372,48,3854.71,Daily,Credit Card,4,45.2,7,543371,Dewasa Muda (25-45)
cust_6985,26,Urban,High,223,5740.42,16028.3,1528.43,1280112,261,169,1231,38,810.17,Monthly,Wallet Balance,13,57.48,8,141868,Dewasa Muda (25-45)
cust_6986,44,Suburban,Middle,492,16119.69,27993.68,2666.38,7930885,113,28,3,28,2923.86,Weekly,Wallet Balance,6,14.42,1,795432,Dewasa Muda (25-45)
cust_6987,69,Urban,High,11,648.09,2229.6,322.35,7128,322,318,3149,25,1418.17,Weekly,UPI,2,57.32,5,13801,Senior (>65)
cust_6988,41,Urban,High,793,11883.23,46330.56,4983.27,9423398,116,190,1762,44,505.45,Weekly,Credit Card,4,63.78,10,960011,Dewasa Muda (25-45)
cust_6989,31,Rural,Middle,701,17473.9,27763.89,6593.76,12249203,138,266,1720,24,3083.82,Monthly,Debit Card,4,48.41,7,1236218,Dewasa Muda (25-45)
cust_6990,50,Suburban,Middle,512,8207.57,33064.2,3458.08,4202277,161,285,4834,11,2533.99,Monthly,Debit Card,7,64.61,3,432728,Dewasa (45-65)
cust_6991,35,Rural,Middle,814,5393.67,20499.43,1106.24,4390447,108,63,2096,17,2429.9,Monthly,Credit Card,2,28.87,9,452721,Dewasa Muda (25-45)
cust_6992,61,Suburban,High,310,9839.26,17606.1,4444.45,3050171,248,87,1132,25,2962.6,Daily,Wallet Balance,0,29.52,8,316299,Dewasa (45-65)
cust_6993,18,Suburban,Low,749,14352.37,51608.11,7151.13,10749924,134,7,1716,14,1862.19,Weekly,Wallet Balance,1,2.31,5,1083893,Remaja (<25)
cust_6994,16,Suburban,Middle,34,10336.95,26614.4,2232.18,351456,14,155,3443,4,3350.84,Monthly,Debit Card,6,57.73,3,43756,Remaja (<25)
cust_6995,68,Suburban,High,340,162.7,606.0,80.35,55319,78,20,521,32,654.22,Monthly,Credit Card,14,3.35,3,12446,Senior (>65)
cust_6996,62,Suburban,High,647,1575.71,4702.52,359.51,1019482,271,252,2972,40,3574.86,Monthly,Wallet Balance,13,19.74,3,113104,Dewasa (45-65)
cust_6997,16,Urban,Middle,481,14429.36,17207.74,1510.6,6940519,225,348,2423,8,2899.07,Monthly,UPI,12,45.04,2,700248,Remaja (<25)
cust_6998,32,Urban,High,574,8005.03,33203.8,1976.33,4594885,121,50,634,31,2432.36,Monthly,Credit Card,11,44.15,1,463640,Dewasa Muda (25-45)
cust_6999,17,Suburban,Middle,825,15697.67,50584.16,7833.23,12950576,223,189,648,12,638.25,Monthly,Credit Card,17,35.11,1,1298234,Remaja (<25)
